"os ","379"
"es ","362"
" de","275"
"de ","208"
" qu","181"
"la ","174"
" la","151"
"que","149"
" y ","144"
" co","143"
"e l","141"
"ent","134"
"nte","129"
" a ","128"
"los","127"
" lo","125"
"les","124"
"en ","120"
"ue ","114"
"s d","104"
"na ","98"
"ía ","94"
"res","93"
" ll","88"
" un","88"
"un ","88"
"el ","85"
"con","83"
"a l","81"
"on ","81"
"do ","80"
"te ","80"
" pe","79"
" vi","79"
" le","78"
" cu","74"
"a c","74"
" en","73"
"er ","73"
"a d","72"
"ndo","72"
"nes","72"
" so","70"
" ca","67"
"s, ","67"
"end","66"
"a n","65"
"ar ","65"
"ero","65"
" pa","63"
"ayo","63"
"ra ","63"
" ne","60"
"aba","60"
"ant","60"
"ela","59"
"ier","59"
" se","58"
"nta","58"
"s c","58"
"s y","58"
" Pe","57"
"s m","57"
" es","56"
"a m","56"
"ont","56"
" nu","55"
"Pel","55"
"lay","55"
"u, ","55"
"s p","54"
" to","53"
"a s","53"
"era","53"
"tes","53"
" po","52"
"a p","52"
"and","51"
"e d","51"
"s s","51"
"da ","50"
"del","50"
"lle","50"
"nde","50"
"per","50"
"pre","50"
" na","49"
" pu","49"
"o l","49"
"s q","49"
" pr","48"
"ba ","48"
"pue","48"
"s n","48"
" si","47"
" ta","47"
"a. ","47"
"est","47"
"s a","47"
"ens","46"
"s t","46"
" mo","45"
"qu'","45"
"ron","45"
"ás ","45"
" ye","44"
"más","44"
"una","44"
"xen","43"
" má","42"
" re","42"
"a a","42"
"a, ","42"
"ien","42"
"ro ","42"
"a t","41"
"abe","41"
"ist","41"
"s. ","41"
"se ","41"
"tos","41"
"tur","41"
" ha","40"
" ve","40"
"a e","40"
"a y","40"
"n a","40"
"n p","40"
" fa","39"
" xe","39"
"ina","39"
"y l","39"
"ada","38"
"ben","38"
"e p","38"
"es.","38"
"esp","38"
"mos","38"
"n c","38"
"s v","38"
"tie","38"
"yo ","38"
"'l ","37"
"es,","37"
"n l","37"
"s l","37"
"u d","37"
" al","36"
" ma","36"
" mi","36"
" sa","36"
". L","36"
"a x","36"
"com","36"
"e c","36"
"men","36"
"tra","36"
"nun","35"
"ond","35"
"tab","35"
"tan","35"
"íen","35"
"emp","34"
"o a","34"
"ren","34"
"ños","34"
"an ","33"
"ebl","33"
"mon","33"
"o q","33"
"os.","33"
"sab","33"
"ta ","33"
"ten","33"
"ver","33"
"yer","33"
" me","32"
" te","32"
"bía","32"
"mo ","32"
"one","32"
"sin","32"
"ueb","32"
"ura","32"
" ti","31"
"a f","31"
"abí","31"
"gua","31"
"hab","31"
"ida","31"
"l p","31"
"par","31"
"rec","31"
"ros","31"
"ues","31"
"abi","30"
"e v","30"
"n d","30"
"sta","30"
", c","29"
"blu","29"
"des","29"
"os,","29"
" tr","28"
"lo ","28"
"nos","28"
"nti","28"
"ome","28"
"spe","28"
", p","27"
", y","27"
"Los","27"
"ami","27"
"e t","27"
"ere","27"
"eño","27"
"lla","27"
"lu ","27"
"nse","27"
" Ca","26"
"atu","26"
"cer","26"
"ió ","26"
"mes","26"
"neñ","26"
"omo","26"
"r l","26"
"s f","26"
"vie","26"
"ón ","26"
" d'","25"
" fo","25"
"e a","25"
"ndi","25"
"nto","25"
"ora","25"
"ru ","25"
"s h","25"
"vab","25"
" an","24"
", q","24"
"al ","24"
"ale","24"
"col","24"
"eña","24"
"n, ","24"
"nat","24"
"ria","24"
"sos","24"
"tu ","24"
"viv","24"
" el","23"
", l","23"
".  ","23"
"a u","23"
"are","23"
"ari","23"
"cue","23"
"e n","23"
"esc","23"
"igu","23"
"ion","23"
"llu","23"
"mpe","23"
"n t","23"
"nal","23"
"ol ","23"
"or ","23"
"otr","23"
"str","23"
"uan","23"
"unt","23"
" fu","22"
"La ","22"
"a q","22"
"abo","22"
"aro","22"
"bon","22"
"e s","22"
"equ","22"
"eva","22"
"o e","22"
"ona","22"
"r a","22"
"rin","22"
"so ","22"
"cam","21"
"eci","21"
"erd","21"
"err","21"
"ia ","21"
"int","21"
"ir ","21"
"n e","21"
"olo","21"
"pa ","21"
"ría","21"
"sen","21"
"tro","21"
"uer","21"
"yos","21"
" em","20"
" mu","20"
"Mar","20"
"ald","20"
"can","20"
"cre","20"
"der","20"
"ene","20"
"gar","20"
"lar","20"
"min","20"
"n s","20"
"nue","20"
"o y","20"
"pez","20"
"ra.","20"
"s e","20"
"sa ","20"
"señ","20"
"ste","20"
"u. ","20"
"ó a","20"
" Co","19"
" ho","19"
" ot","19"
", e","19"
", v","19"
"Per","19"
"amó","19"
"cua","19"
"e, ","19"
"emo","19"
"ión","19"
"l m","19"
"n m","19"
"nía","19"
"o c","19"
"o s","19"
"por","19"
"tor","19"
"tru","19"
"y d","19"
"ye ","19"
"'ha","18"
". P","18"
"Cov","18"
"a v","18"
"e e","18"
"ece","18"
"egu","18"
"ese","18"
"fon","18"
"hom","18"
"ita","18"
"l c","18"
"l s","18"
"ldo","18"
"leg","18"
"nci","18"
"ori","18"
"ova","18"
"pro","18"
"pít","18"
"r e","18"
"rab","18"
"son","18"
"tam","18"
"tul","18"
"ua ","18"
"ven","18"
"áu ","18"
"ítu","18"
" Lo","17"
" cr","17"
" do","17"
" va","17"
"Arn","17"
"Cap","17"
"Ram","17"
"a r","17"
"aci","17"
"aes","17"
"apí","17"
"e y","17"
"ecí","17"
"isi","17"
"lan","17"
"món","17"
"o p","17"
"pod","17"
"ran","17"
"rna","17"
"s r","17"
"sto","17"
"tañ","17"
"ulu","17"
" di","16"
" no","16"
" on","16"
" —d","16"
"agu","16"
"aos","16"
"cio","16"
"día","16"
"ech","16"
"eyu","16"
"gun","16"
"ies","16"
"ima","16"
"io ","16"
"ios","16"
"lor","16"
"mal","16"
"n v","16"
"ner","16"
"ntó","16"
"pel","16"
"r d","16"
"rar","16"
"rim","16"
"ser","16"
"u p","16"
"ued","16"
"uen","16"
"y c","16"
"—. ","16"
" vo","15"
", a","15"
", s","15"
"-y ","15"
". C","15"
"ast","15"
"axe","15"
"bol","15"
"ces","15"
"cía","15"
"dos","15"
"e m","15"
"in ","15"
"ién","15"
"lev","15"
"lin","15"
"n n","15"
"ntu","15"
"ola","15"
"r, ","15"
"rbo","15"
"sig","15"
"to ","15"
"u C","15"
"uie","15"
"ué ","15"
"vis","15"
"yu ","15"
" dí","14"
" hi","14"
" l'","14"
". E","14"
"a o","14"
"ala","14"
"ane","14"
"ani","14"
"ara","14"
"ard","14"
"art","14"
"ate","14"
"ca ","14"
"ció","14"
"dep","14"
"die","14"
"dix","14"
"e. ","14"
"ega","14"
"epr","14"
"eyo","14"
"fac","14"
"fue","14"
"his","14"
"iem","14"
"ivi","14"
"l v","14"
"lug","14"
"n h","14"
"nsi","14"
"ntr","14"
"o d","14"
"o t","14"
"o, ","14"
"omp","14"
"pla","14"
"pri","14"
"rie","14"
"rte","14"
"sti","14"
"tar","14"
"tol","14"
"uga","14"
"unc","14"
"zó ","14"
"ña ","14"
" Ra","13"
" ag","13"
" pl","13"
", P","13"
"ace","13"
"amá","13"
"ana","13"
"ase","13"
"aña","13"
"bre","13"
"cos","13"
"dar","13"
"dec","13"
"ell","13"
"ení","13"
"eza","13"
"gui","13"
"iey","13"
"ili","13"
"ine","13"
"ixo","13"
"l t","13"
"mil","13"
"mir","13"
"mpo","13"
"n f","13"
"nim","13"
"o u","13"
"olv","13"
"ort","13"
"r p","13"
"ra,","13"
"rde","13"
"re ","13"
"sit","13"
"stu","13"
"u c","13"
"u n","13"
"u y","13"
"uri","13"
"y a","13"
"ón,","13"
" añ","12"
". A","12"
"a h","12"
"all","12"
"amb","12"
"amo","12"
"anc","12"
"asa","12"
"bay","12"
"car","12"
"che","12"
"dió","12"
"dor","12"
"dur","12"
"ede","12"
"enc","12"
"ert","12"
"fal","12"
"gor","12"
"ici","12"
"ime","12"
"l l","12"
"lli","12"
"mer","12"
"ole","12"
"ono","12"
"ore","12"
"peq","12"
"poc","12"
"r c","12"
"rad","12"
"reg","12"
"rre","12"
"rta","12"
"s b","12"
"s g","12"
"s o","12"
"tal","12"
"te,","12"
"te.","12"
"u'a","12"
"uev","12"
"ueñ","12"
"uid","12"
"van","12"
"vio","12"
" Ar","11"
" La","11"
" am","11"
" as","11"
" br","11"
" gr","11"
" in","11"
" n'","11"
" pi","11"
"El ","11"
"a b","11"
"a'l","11"
"ai ","11"
"cad","11"
"cha","11"
"cia","11"
"ciu","11"
"dá ","11"
"díe","11"
"eru","11"
"esi","11"
"eso","11"
"ezó","11"
"man","11"
"n q","11"
"n u","11"
"noc","11"
"nsa","11"
"o m","11"
"o. ","11"
"obr","11"
"oco","11"
"oi ","11"
"pos","11"
"qui","11"
"quí","11"
"rao","11"
"rep","11"
"ris","11"
"sec","11"
"sol","11"
"tó ","11"
"vía","11"
"én ","11"
"ían","11"
"—di","11"
" Ma","10"
" ap","10"
" ba","10"
" gu","10"
" ri","10"
" xu","10"
", t","10"
"Cad","10"
"ago","10"
"alg","10"
"ame","10"
"bid","10"
"ble","10"
"bra","10"
"cho","10"
"cim","10"
"cor","10"
"cui","10"
"cíe","10"
"dem","10"
"e q","10"
"har","10"
"mar","10"
"mun","10"
"n. ","10"
"nel","10"
"ngu","10"
"o P","10"
"o f","10"
"ons","10"
"pas","10"
"pon","10"
"qué","10"
"rmo","10"
"rra","10"
"s u","10"
"s x","10"
"sca","10"
"scu","10"
"tió","10"
"u'e","10"
"val","10"
"via","10"
"vos","10"
"xun","10"
"y p","10"
"árb","10"
"ómo","10"
"—, ","10"
" at","9"
" da","9"
" gü","9"
" im","9"
" ra","9"
" su","9"
" xa","9"
" ár","9"
" —p","9"
"'un","9"
". N","9"
". V","9"
"apr","9"
"ar,","9"
"arm","9"
"añe","9"
"año","9"
"bes","9"
"bie","9"
"bit","9"
"co ","9"
"cri","9"
"cóm","9"
"e f","9"
"eri","9"
"eto","9"
"eye","9"
"güe","9"
"hai","9"
"has","9"
"iax","9"
"ica","9"
"idu","9"
"ing","9"
"l f","9"
"len","9"
"mié","9"
"máx","9"
"n y","9"
"nch","9"
"ntá","9"
"nu,","9"
"o n","9"
"o'l","9"
"ose","9"
"osi","9"
"ost","9"
"paz","9"
"pen","9"
"r q","9"
"sar","9"
"ses","9"
"si ","9"
"sib","9"
"sob","9"
"ter","9"
"ti ","9"
"u q","9"
"u'h","9"
"uar","9"
"urí","9"
"va ","9"
"vid","9"
"xar","9"
"yo.","9"
"íos","9"
"ñan","9"
"ñes","9"
"—pr","9"
" Cu","8"
" ci","8"
" có","8"
" eq","8"
" fl","8"
"'en","8"
"'es","8"
". T","8"
"? —","8"
"Nun","8"
"a C","8"
"a i","8"
"ali","8"
"alt","8"
"ao ","8"
"ato","8"
"ayu","8"
"bia","8"
"cas","8"
"cie","8"
"cuc","8"
"cul","8"
"cur","8"
"dae","8"
"e C","8"
"ecr","8"
"edi","8"
"elo","8"
"erm","8"
"ern","8"
"ers","8"
"esa","8"
"fam","8"
"flo","8"
"gra","8"
"hos","8"
"i m","8"
"ial","8"
"idá","8"
"ira","8"
"iu ","8"
"iví","8"
"me ","8"
"mio","8"
"mpa","8"
"mu ","8"
"muy","8"
"na,","8"
"na.","8"
"nam","8"
"ndu","8"
"nec","8"
"nri","8"
"nve","8"
"ocu","8"
"ode","8"
"onr","8"
"oos","8"
"pet","8"
"pey","8"
"pie","8"
"r m","8"
"r s","8"
"r y","8"
"raz","8"
"red","8"
"ret","8"
"rio","8"
"rió","8"
"rop","8"
"s i","8"
"sie","8"
"spo","8"
"u a","8"
"uch","8"
"uec","8"
"uye","8"
"y s","8"
"yes","8"
"¿Qu","8"
"óse","8"
" bo","7"
" fi","7"
" fr","7"
" o ","7"
"'ag","7"
", o","7"
". S","7"
"Cua","7"
"Qué","7"
"Una","7"
"adi","7"
"apa","7"
"ar.","7"
"as ","7"
"ave","7"
"den","7"
"dic","7"
"e u","7"
"e'l","7"
"eco","7"
"eda","7"
"eta","7"
"fer","7"
"gue","7"
"ian","7"
"ill","7"
"imo","7"
"imp","7"
"l a","7"
"l b","7"
"l r","7"
"lam","7"
"llo","7"
"ltu","7"
"lu.","7"
"lvi","7"
"med","7"
"mor","7"
"mpr","7"
"mpu","7"
"oci","7"
"odí","7"
"oní","7"
"osa","7"
"pu ","7"
"r u","7"
"r. ","7"
"rda","7"
"rdi","7"
"rom","7"
"rti","7"
"río","7"
"sio","7"
"ta.","7"
"tec","7"
"tig","7"
"too","7"
"u s","7"
"u t","7"
"ult","7"
"uí ","7"
"ve ","7"
"vir","7"
"xe ","7"
"xo ","7"
"y e","7"
"y h","7"
"y m","7"
"y r","7"
"yor","7"
"yá ","7"
"ánd","7"
"ía.","7"
"ín ","7"
"ó P","7"
"ó u","7"
"ó-y","7"
"üey","7"
" Nu","6"
" ab","6"
" ce","6"
" ni","6"
" ol","6"
" rí","6"
" vu","6"
" yá","6"
", A","6"
", m","6"
"Est","6"
"Les","6"
"a P","6"
"ado","6"
"alo","6"
"ano","6"
"asi","6"
"azu","6"
"azó","6"
"añu","6"
"bri","6"
"cu ","6"
"cu,","6"
"d'e","6"
"dam","6"
"dex","6"
"du ","6"
"edr","6"
"ena","6"
"enf","6"
"eno","6"
"es:","6"
"eve","6"
"exa","6"
"go ","6"
"gu ","6"
"he ","6"
"i p","6"
"ia.","6"
"ibi","6"
"ila","6"
"ile","6"
"inc","6"
"ino","6"
"inó","6"
"is ","6"
"itu","6"
"iud","6"
"lab","6"
"lia","6"
"lie","6"
"lu,","6"
"mae","6"
"mbi","6"
"moz","6"
"n o","6"
"n r","6"
"nar","6"
"nca","6"
"ncu","6"
"neg","6"
"o v","6"
"oce","6"
"onv","6"
"oso","6"
"ote","6"
"pañ","6"
"pol","6"
"pra","6"
"r n","6"
"r v","6"
"ral","6"
"rme","6"
"rnu","6"
"ru,","6"
"ró ","6"
"sal","6"
"tir","6"
"top","6"
"tri","6"
"tu,","6"
"u f","6"
"u: ","6"
"uda","6"
"udá","6"
"utu","6"
"vol","6"
"vue","6"
"xan","6"
"za ","6"
"zar","6"
"zu ","6"
"áxi","6"
"és ","6"
"ía,","6"
"íes","6"
"ó e","6"
"—Es","6"
"—¿Q","6"
" Es","5"
" Sa","5"
" bi","5"
" bl","5"
" d’","5"
" he","5"
" tu","5"
" él","5"
" —r","5"
"-yo","5"
". D","5"
". Y","5"
": l","5"
"Al ","5"
"Dec","5"
"Qui","5"
"Sab","5"
"Ten","5"
"Ven","5"
"a —","5"
"abl","5"
"alm","5"
"arb","5"
"añí","5"
"a—.","5"
"bil","5"
"bla","5"
"cin","5"
"cis","5"
"cla","5"
"cum","5"
"d'a","5"
"dab","5"
"din","5"
"dis","5"
"do,","5"
"dra","5"
"dre","5"
"e b","5"
"e h","5"
"e r","5"
"edo","5"
"egr","5"
"en,","5"
"epa","5"
"epu","5"
"erc","5"
"esm","5"
"foi","5"
"i c","5"
"ibl","5"
"igo","5"
"imu","5"
"ire","5"
"iró","5"
"ite","5"
"iu.","5"
"l d","5"
"l g","5"
"l, ","5"
"lat","5"
"le ","5"
"lgo","5"
"lid","5"
"lta","5"
"luz","5"
"may","5"
"met","5"
"moc","5"
"n'u","5"
"ndí","5"
"o h","5"
"o o","5"
"orm","5"
"o—.","5"
"pu,","5"
"pué","5"
"r o","5"
"ril","5"
"riu","5"
"rso","5"
"ru.","5"
"s á","5"
"s: ","5"
"san","5"
"sax","5"
"sco","5"
"sió","5"
"sor","5"
"stí","5"
"tea","5"
"tem","5"
"tic","5"
"tre","5"
"táu","5"
"u h","5"
"u l","5"
"u —","5"
"uel","5"
"uey","5"
"ume","5"
"uni","5"
"uno","5"
"ure","5"
"uru","5"
"ués","5"
"xer","5"
"xic","5"
"y n","5"
"y u","5"
"zos","5"
"zón","5"
"Árb","5"
"á s","5"
"é p","5"
"í p","5"
"ñar","5"
"ñu,","5"
"ñía","5"
"ón.","5"
"—re","5"
" El","4"
" L'","4"
" Ne","4"
" Po","4"
" Si","4"
" ar","4"
" bu","4"
" fe","4"
" lu","4"
" oi","4"
" s'","4"
" us","4"
" —e","4"
"'am","4"
"'Ár","4"
"Si ","4"
"Tie","4"
"Un ","4"
"a M","4"
"a g","4"
"a-y","4"
"abr","4"
"aco","4"
"aer","4"
"al.","4"
"alr","4"
"ama","4"
"amp","4"
"amí","4"
"ans","4"
"anu","4"
"arc","4"
"arr","4"
"arí","4"
"ata","4"
"aya","4"
"ban","4"
"bos","4"
"bus","4"
"cab","4"
"cal","4"
"cen","4"
"cid","4"
"d'o","4"
"d'u","4"
"dan","4"
"did","4"
"do'","4"
"e g","4"
"e x","4"
"e: ","4"
"ecu","4"
"efe","4"
"ema","4"
"eng","4"
"erí","4"
"es?","4"
"ete","4"
"fic","4"
"fin","4"
"fut","4"
"gad","4"
"gre","4"
"gru","4"
"guo","4"
"ha ","4"
"her","4"
"i a","4"
"i d","4"
"ia,","4"
"ied","4"
"imi","4"
"ini","4"
"isa","4"
"ive","4"
"ivo","4"
"ió:","4"
"l q","4"
"l. ","4"
"lec","4"
"lgu","4"
"lic","4"
"llí","4"
"lme","4"
"lre","4"
"lve","4"
"ma ","4"
"mañ","4"
"mem","4"
"mis","4"
"mue","4"
"mur","4"
"máu","4"
"mín","4"
"n g","4"
"n i","4"
"n'h","4"
"nac","4"
"nad","4"
"na—","4"
"nda","4"
"ndr","4"
"nfe","4"
"nie","4"
"non","4"
"nqu","4"
"nu ","4"
"nón","4"
"o r","4"
"ocí","4"
"oes","4"
"oir","4"
"on,","4"
"opi","4"
"opo","4"
"opu","4"
"ord","4"
"orq","4"
"orr","4"
"osq","4"
"ozo","4"
"pec","4"
"pli","4"
"pti","4"
"pud","4"
"r t","4"
"ra'","4"
"rac","4"
"ram","4"
"rca","4"
"rdá","4"
"rgu","4"
"rit","4"
"roe","4"
"rqu","4"
"rri","4"
"rtu","4"
"ríe","4"
"s —","4"
"sed","4"
"seg","4"
"sid","4"
"spl","4"
"squ","4"
"su ","4"
"te:","4"
"tin","4"
"tiv","4"
"tá ","4"
"tía","4"
"tós","4"
"u e","4"
"u u","4"
"u v","4"
"ubi","4"
"udo","4"
"und","4"
"uos","4"
"usa","4"
"usc","4"
"uz ","4"
"var","4"
"ves","4"
"víe","4"
"xes","4"
"y t","4"
"yo—","4"
"yud","4"
"á, ","4"
"án ","4"
"él ","4"
"ío ","4"
"ñu ","4"
"ó c","4"
"ó d","4"
"ó f","4"
"ó l","4"
"ó n","4"
"ó'l","4"
"—La","4"
"—Ve","4"
" As","3"
" De","3"
" En","3"
" Te","3"
" Ti","3"
" Un","3"
" Vi","3"
" Vo","3"
" Xa","3"
" Ye","3"
" ac","3"
" ad","3"
" av","3"
" be","3"
" cl","3"
" dr","3"
" ga","3"
" iv","3"
" op","3"
" ro","3"
" sí","3"
" ví","3"
" y'","3"
"'Es","3"
"'ac","3"
"'al","3"
"'em","3"
"'iv","3"
"'ot","3"
", h","3"
", n","3"
", r","3"
", u","3"
". M","3"
". U","3"
". ¿","3"
": v","3"
"Ast","3"
"Cue","3"
"Dal","3"
"Esa","3"
"Esp","3"
"Na ","3"
"Nel","3"
"Por","3"
"Pos","3"
"Xan","3"
"a R","3"
"a S","3"
"a X","3"
"air","3"
"al,","3"
"alz","3"
"amu","3"
"an.","3"
"arg","3"
"ava","3"
"axa","3"
"az.","3"
"ba.","3"
"bio","3"
"biu","3"
"blo","3"
"bo ","3"
"bor","3"
"bíe","3"
"cav","3"
"cel","3"
"chu","3"
"cip","3"
"cub","3"
"cun","3"
"cuá","3"
"d'h","3"
"da.","3"
"dal","3"
"dat","3"
"dia","3"
"diá","3"
"dol","3"
"don","3"
"drí","3"
"dá,","3"
"dá.","3"
"dío","3"
"e R","3"
"e o","3"
"e —","3"
"edó","3"
"ego","3"
"ele","3"
"eme","3"
"enl","3"
"er,","3"
"erv","3"
"eti","3"
"eñu","3"
"eñá","3"
"fec","3"
"fru","3"
"frí","3"
"fum","3"
"gan","3"
"goc","3"
"gro","3"
"han","3"
"hon","3"
"iab","3"
"ibí","3"
"ico","3"
"icu","3"
"icó","3"
"ide","3"
"ido","3"
"ieg","3"
"iev","3"
"imá","3"
"ind","3"
"iqu","3"
"iti","3"
"iva","3"
"iáu","3"
"iós","3"
"l e","3"
"l i","3"
"l n","3"
"l'E","3"
"l'a","3"
"l'Á","3"
"la.","3"
"lag","3"
"lde","3"
"lez","3"
"lva","3"
"mad","3"
"mag","3"
"mav","3"
"mbe","3"
"mbr","3"
"mey","3"
"mie","3"
"mit","3"
"mom","3"
"n C","3"
"n x","3"
"n á","3"
"n-y","3"
"nab","3"
"nce","3"
"nco","3"
"nen","3"
"nia","3"
"nid","3"
"nll","3"
"nor","3"
"ntí","3"
"nó ","3"
"o b","3"
"o —","3"
"o-y","3"
"oca","3"
"och","3"
"odé","3"
"onc","3"
"opa","3"
"opó","3"
"or,","3"
"oro","3"
"osu","3"
"osí","3"
"oz ","3"
"ozu","3"
"o—,","3"
"pab","3"
"pac","3"
"pai","3"
"pal","3"
"pes","3"
"pit","3"
"pír","3"
"pó ","3"
"r C","3"
"r f","3"
"r r","3"
"rae","3"
"rañ","3"
"rba","3"
"rch","3"
"rdu","3"
"rdí","3"
"ref","3"
"rem","3"
"rib","3"
"rid","3"
"rmi","3"
"rmu","3"
"rod","3"
"rot","3"
"rpu","3"
"rsa","3"
"rtí","3"
"ruc","3"
"rup","3"
"rut","3"
"s P","3"
"sao","3"
"sat","3"
"scr","3"
"sem","3"
"sil","3"
"sim","3"
"sis","3"
"smu","3"
"spí","3"
"sí ","3"
"síe","3"
"só ","3"
"ta,","3"
"tad","3"
"tao","3"
"toc","3"
"toi","3"
"tom","3"
"tus","3"
"táb","3"
"tán","3"
"tío","3"
"tó-","3"
"u m","3"
"u'n","3"
"ube","3"
"uin","3"
"uir","3"
"uié","3"
"uió","3"
"upu","3"
"us ","3"
"ust","3"
"uta","3"
"uán","3"
"uí.","3"
"va.","3"
"veg","3"
"voz","3"
"vu ","3"
"xo:","3"
"y v","3"
"y'l","3"
"yo,","3"
"yu,","3"
"á i","3"
"á t","3"
"ába","3"
"áis","3"
"áxe","3"
"éci","3"
"épt","3"
"éro","3"
"ía'","3"
"ías","3"
"íri","3"
"ña.","3"
"ñab","3"
"ó R","3"
"ó q","3"
"—Nu","3"
"—Ra","3"
"—Si","3"
"—Te","3"
"—de","3"
"—es","3"
" Ag","2"
" Al","2"
" An","2"
" Da","2"
" Eq","2"
" Le","2"
" Lu","2"
" No","2"
" Pr","2"
" Qu","2"
" Ta","2"
" To","2"
" Ve","2"
" ai","2"
" ay","2"
" er","2"
" ex","2"
" fí","2"
" hé","2"
" is","2"
" lá","2"
" l’","2"
" or","2"
" p'","2"
" só","2"
" tá","2"
" xi","2"
" za","2"
" ¿Q","2"
" ñu","2"
"'ar","2"
"'ay","2"
"'el","2"
"'ne","2"
"'oc","2"
"'se","2"
"'ta","2"
", x","2"
"-y:","2"
". O","2"
". Q","2"
": u","2"
"; v","2"
"Ago","2"
"Anq","2"
"Asi","2"
"De ","2"
"Den","2"
"Dep","2"
"EL ","2"
"En ","2"
"Ens","2"
"Equ","2"
"Esc","2"
"Hab","2"
"L'a","2"
"Luc","2"
"Nes","2"
"Pro","2"
"Rap","2"
"Sig","2"
"Unu","2"
"Vio","2"
"Voi","2"
"Yer","2"
"Yo ","2"
"a L","2"
"a? ","2"
"ací","2"
"ade","2"
"adu","2"
"aez","2"
"aga","2"
"ail","2"
"ais","2"
"aje","2"
"alu","2"
"alv","2"
"ang","2"
"anq","2"
"anz","2"
"ao.","2"
"ati","2"
"avi","2"
"ayí","2"
"azo","2"
"aís","2"
"aḥe","2"
"a—,","2"
"bai","2"
"bas","2"
"bel","2"
"ber","2"
"big","2"
"bló","2"
"brí","2"
"béu","2"
"bón","2"
"ca,","2"
"cay","2"
"cci","2"
"chó","2"
"cta","2"
"có ","2"
"d o","2"
"d'i","2"
"da,","2"
"dad","2"
"deb","2"
"def","2"
"deo","2"
"dif","2"
"dir","2"
"dit","2"
"doc","2"
"dop","2"
"du,","2"
"dus","2"
"déc","2"
"déi","2"
"díx","2"
"dós","2"
"d’A","2"
"e P","2"
"e-y","2"
"eae","2"
"ean","2"
"ebr","2"
"eca","2"
"ect","2"
"een","2"
"efl","2"
"egl","2"
"egó","2"
"egú","2"
"eja","2"
"elg","2"
"eli","2"
"elt","2"
"elu","2"
"elv","2"
"emb","2"
"emi","2"
"emá","2"
"enu","2"
"env","2"
"eo ","2"
"eos","2"
"er.","2"
"erf","2"
"erp","2"
"erá","2"
"etu","2"
"etá","2"
"eut","2"
"exe","2"
"exu","2"
"e—,","2"
"fab","2"
"fae","2"
"fen","2"
"fix","2"
"fle","2"
"fío","2"
"gal","2"
"gni","2"
"gos","2"
"got","2"
"gri","2"
"gu.","2"
"gul","2"
"gáu","2"
"gún","2"
"he,","2"
"hes","2"
"hu ","2"
"hér","2"
"i e","2"
"i l","2"
"i n","2"
"i s","2"
"i y","2"
"iao","2"
"iar","2"
"iat","2"
"idi","2"
"iel","2"
"ifi","2"
"ign","2"
"inm","2"
"ipa","2"
"ipi","2"
"ir.","2"
"iru","2"
"isl","2"
"itó","2"
"ivu","2"
"ixi","2"
"izá","2"
"ián","2"
"ió'","2"
"jad","2"
"l N","2"
"l T","2"
"l y","2"
"l'e","2"
"l'i","2"
"la,","2"
"lao","2"
"las","2"
"le.","2"
"leb","2"
"lex","2"
"lga","2"
"llá","2"
"lob","2"
"loc","2"
"lom","2"
"lpa","2"
"lte","2"
"lto","2"
"lví","2"
"lzó","2"
"lág","2"
"lí ","2"
"ló ","2"
"mat","2"
"mbé","2"
"mig","2"
"mo'","2"
"mot","2"
"mou","2"
"mpl","2"
"mu.","2"
"mó-","2"
"n b","2"
"n é","2"
"n'e","2"
"na:","2"
"nan","2"
"nd ","2"
"nfi","2"
"ngo","2"
"ngr","2"
"nic","2"
"nif","2"
"nin","2"
"nme","2"
"no,","2"
"nsm","2"
"nso","2"
"nst","2"
"nsó","2"
"nu.","2"
"nza","2"
"o M","2"
"o g","2"
"o: ","2"
"obe","2"
"odi","2"
"odo","2"
"ol,","2"
"oma","2"
"omb","2"
"on-","2"
"opt","2"
"oqu","2"
"org","2"
"orp","2"
"oru","2"
"orá","2"
"orí","2"
"os:","2"
"our","2"
"ove","2"
"ovi","2"
"oví","2"
"p'a","2"
"pic","2"
"pid","2"
"piu","2"
"pró","2"
"pta","2"
"pur","2"
"r b","2"
"r h","2"
"rap","2"
"ras","2"
"rat","2"
"rax","2"
"raí","2"
"rbó","2"
"rce","2"
"rdo","2"
"re,","2"
"rel","2"
"rer","2"
"reu","2"
"rez","2"
"rfi","2"
"ric","2"
"riq","2"
"rma","2"
"rob","2"
"rpr","2"
"rro","2"
"ruy","2"
"rva","2"
"rá ","2"
"ráu","2"
"ríu","2"
"rós","2"
"s'e","2"
"s'h","2"
"s? ","2"
"sa.","2"
"sac","2"
"sey","2"
"sla","2"
"smi","2"
"som","2"
"sot","2"
"stá","2"
"stó","2"
"su,","2"
"sua","2"
"sup","2"
"sí,","2"
"sóp","2"
"ta'","2"
"tas","2"
"tat","2"
"tej","2"
"tex","2"
"te—","2"
"tid","2"
"tim","2"
"tié","2"
"tou","2"
"tum","2"
"tun","2"
"tíe","2"
"tín","2"
"tóm","2"
"u P","2"
"u b","2"
"u'i","2"
"u'l","2"
"u's","2"
"u't","2"
"ual","2"
"uav","2"
"uax","2"
"uaḥ","2"
"ucí","2"
"ue'","2"
"uiz","2"
"ull","2"
"ulp","2"
"ump","2"
"umu","2"
"upe","2"
"urm","2"
"uro","2"
"uto","2"
"vac","2"
"vas","2"
"veo","2"
"vió","2"
"vu.","2"
"xa ","2"
"xir","2"
"xis","2"
"xo-","2"
"xo—","2"
"y R","2"
"y f","2"
"y o","2"
"yab","2"
"yen","2"
"yo:","2"
"yu:","2"
"yó ","2"
"z d","2"
"z p","2"
"z q","2"
"z, ","2"
"z. ","2"
"za.","2"
"zab","2"
"zu.","2"
"zás","2"
"á o","2"
"á. ","2"
"ábe","2"
"ágr","2"
"áro","2"
"áu.","2"
"é d","2"
"éis","2"
"énd","2"
"ént","2"
"í e","2"
"í l","2"
"í t","2"
"í, ","2"
"í. ","2"
"ía-","2"
"ío.","2"
"íte","2"
"íu ","2"
"íxo","2"
"ñár","2"
"ó M","2"
"ó m","2"
"ó p","2"
"ó y","2"
"óma","2"
"ónd","2"
"ón—","2"
"ópi","2"
"ós ","2"
"ósp","2"
"ún ","2"
"üel","2"
"ḥes","2"
"—El","2"
"—Le","2"
"—Po","2"
"—Qu","2"
"—Y ","2"
"—dí","2"
"—¿P","2"
"—¿Y","2"
" -y","1"
" Am","1"
" CA","1"
" DE","1"
" Er","1"
" Fo","1"
" Ha","1"
" In","1"
" Ll","1"
" L’","1"
" Mi","1"
" Mo","1"
" Mu","1"
" On","1"
" Oy","1"
" Pa","1"
" So","1"
" VE","1"
" Ví","1"
" Y ","1"
" Yo","1"
" ao","1"
" az","1"
" e:","1"
" fá","1"
" fé","1"
" ge","1"
" go","1"
" gí","1"
" hu","1"
" id","1"
" ig","1"
" il","1"
" jo","1"
" mé","1"
" mí","1"
" mú","1"
" n ","1"
" nó","1"
" ob","1"
" of","1"
" ox","1"
" oy","1"
" pá","1"
" pú","1"
" r ","1"
" s ","1"
" sé","1"
" t'","1"
" u ","1"
" y,","1"
" yo","1"
" yé","1"
" ¡T","1"
" ¿C","1"
" ¿N","1"
" ¿c","1"
" ¿p","1"
" ¿q","1"
" Ár","1"
" Ús","1"
" ía","1"
" ñe","1"
" ón","1"
" ún","1"
"! N","1"
"! ¡","1"
"'As","1"
"'Pe","1"
"'ab","1"
"'ai","1"
"'as","1"
"'eq","1"
"'ho","1"
"'im","1"
"'in","1"
"'ir","1"
"'le","1"
"'lo","1"
"'nu","1"
"'pr","1"
"'us","1"
"'yá","1"
"'ár","1"
"'ón","1"
", R","1"
", d","1"
", f","1"
", g","1"
", i","1"
", ¿","1"
", é","1"
", —","1"
"-lu","1"
"-y—","1"
". H","1"
". I","1"
". R","1"
". Ú","1"
":  ","1"
": E","1"
": c","1"
": d","1"
": m","1"
": q","1"
": r","1"
": y","1"
": ¿","1"
": ó","1"
"; d","1"
"? P","1"
"? ¿","1"
"AMÍ","1"
"Amu","1"
"Ant","1"
"Así","1"
"Bie","1"
"Bue","1"
"CAM","1"
"Cam","1"
"Car","1"
"Com","1"
"Cre","1"
"Cuí","1"
"Cóm","1"
"D'ó","1"
"DEL","1"
"Duo","1"
"Déc","1"
"Día","1"
"ENT","1"
"Era","1"
"Esi","1"
"Eso","1"
"Fin","1"
"Fon","1"
"Hai","1"
"Int","1"
"L C","1"
"L V","1"
"L'Á","1"
"L'á","1"
"Lle","1"
"L’e","1"
"Mae","1"
"Min","1"
"Mor","1"
"Mun","1"
"MÍN","1"
"N D","1"
"N'o","1"
"NTU","1"
"Non","1"
"Nor","1"
"Nos","1"
"Nov","1"
"Nub","1"
"Nue","1"
"Oct","1"
"Ond","1"
"Oyí","1"
"Pae","1"
"Pag","1"
"Poc","1"
"Pod","1"
"Pre","1"
"Pri","1"
"Pue","1"
"Que","1"
"Sal","1"
"Seg","1"
"Ses","1"
"Sie","1"
"Sié","1"
"So ","1"
"Soi","1"
"Som","1"
"Son","1"
"Sép","1"
"Tar","1"
"Tas","1"
"Te ","1"
"Ter","1"
"Too","1"
"Tov","1"
"Tru","1"
"Tít","1"
"Und","1"
"VEN","1"
"Ved","1"
"Vie","1"
"Vol","1"
"Vít","1"
"Y c","1"
"Y n","1"
"Y q","1"
"Y t","1"
"Ye ","1"
"Yá ","1"
"a A","1"
"a F","1"
"a é","1"
"a ñ","1"
"a! ","1"
"a: ","1"
"aca","1"
"ach","1"
"acr","1"
"acu","1"
"ad,","1"
"ad.","1"
"adr","1"
"aen","1"
"agn","1"
"agr","1"
"aic","1"
"ait","1"
"alc","1"
"alp","1"
"alq","1"
"alí","1"
"aló","1"
"anx","1"
"ao:","1"
"aor","1"
"aqu","1"
"ar;","1"
"arf","1"
"aru","1"
"ará","1"
"aró","1"
"ar—","1"
"as,","1"
"asc","1"
"asp","1"
"así","1"
"asó","1"
"aut","1"
"avu","1"
"aye","1"
"ayó","1"
"az ","1"
"az,","1"
"aza","1"
"aíc","1"
"añá","1"
"ba'","1"
"ba-","1"
"bad","1"
"bam","1"
"bar","1"
"bat","1"
"bec","1"
"bem","1"
"beo","1"
"bez","1"
"biá","1"
"bió","1"
"bli","1"
"bog","1"
"bro","1"
"bse","1"
"bu ","1"
"ca.","1"
"cap","1"
"ced","1"
"cep","1"
"cet","1"
"chi","1"
"chá","1"
"cib","1"
"cil","1"
"cir","1"
"clu","1"
"co,","1"
"co.","1"
"cop","1"
"cru","1"
"cto","1"
"cu:","1"
"cud","1"
"cup","1"
"cué","1"
"cu—","1"
"cáu","1"
"cép","1"
"có—","1"
"d'A","1"
"d, ","1"
"d. ","1"
"da:","1"
"da?","1"
"dao","1"
"dañ","1"
"de'","1"
"dea","1"
"dee","1"
"dei","1"
"det","1"
"de—","1"
"di ","1"
"dib","1"
"dij","1"
"diu","1"
"dié","1"
"do-","1"
"do.","1"
"do:","1"
"do—","1"
"dri","1"
"dru","1"
"drá","1"
"dul","1"
"dá?","1"
"dái","1"
"dáu","1"
"dén","1"
"dí ","1"
"dó ","1"
"d’a","1"
"d’e","1"
"d’u","1"
"e M","1"
"e j","1"
"e é","1"
"ea ","1"
"eab","1"
"eal","1"
"eao","1"
"ebo","1"
"ebí","1"
"ecc","1"
"ecl","1"
"edá","1"
"ees","1"
"egá","1"
"ein","1"
"eis","1"
"eix","1"
"ejo","1"
"eld","1"
"elm","1"
"en-","1"
"en.","1"
"en;","1"
"en?","1"
"eni","1"
"enó","1"
"eoc","1"
"eor","1"
"epe","1"
"epi","1"
"ept","1"
"epí","1"
"epó","1"
"er'","1"
"er-","1"
"er:","1"
"er?","1"
"erl","1"
"es!","1"
"ess","1"
"esu","1"
"esv","1"
"es—","1"
"eu ","1"
"eun","1"
"evi","1"
"evo","1"
"evu","1"
"evó","1"
"exi","1"
"exá","1"
"exó","1"
"eya","1"
"eyó","1"
"ez ","1"
"ez?","1"
"ezc","1"
"ezm","1"
"ezo","1"
"ezu","1"
"ezá","1"
"eía","1"
"eíb","1"
"eñé","1"
"e—.","1"
"fao","1"
"fas","1"
"fe ","1"
"fel","1"
"fi ","1"
"fia","1"
"fie","1"
"fig","1"
"fil","1"
"fog","1"
"for","1"
"fre","1"
"fri","1"
"fux","1"
"fáb","1"
"fér","1"
"fíc","1"
"ga ","1"
"ga'","1"
"ga:","1"
"gab","1"
"gac","1"
"gag","1"
"gai","1"
"gam","1"
"gao","1"
"gas","1"
"gen","1"
"gla","1"
"glu","1"
"gní","1"
"go.","1"
"go:","1"
"gon","1"
"gr ","1"
"grí","1"
"gu,","1"
"gum","1"
"gur","1"
"gus","1"
"guí","1"
"gíe","1"
"gó ","1"
"gó'","1"
"hac","1"
"had","1"
"hal","1"
"he.","1"
"hel","1"
"hen","1"
"hil","1"
"ho ","1"
"hob","1"
"hub","1"
"huz","1"
"hán","1"
"hó ","1"
"hó'","1"
"i -","1"
"i M","1"
"i b","1"
"i g","1"
"i o","1"
"i q","1"
"i t","1"
"i u","1"
"i —","1"
"i'l","1"
"i? ","1"
"ia!","1"
"ias","1"
"ia—","1"
"ibe","1"
"ice","1"
"icá","1"
"idr","1"
"idé","1"
"idí","1"
"ie,","1"
"ie.","1"
"iec","1"
"iee","1"
"iej","1"
"iet","1"
"ife","1"
"ifí","1"
"igr","1"
"ijo","1"
"il ","1"
"il.","1"
"ilu","1"
"in.","1"
"inf","1"
"inu","1"
"inv","1"
"iná","1"
"io'","1"
"iol","1"
"ior","1"
"irr","1"
"irí","1"
"ise","1"
"isu","1"
"itm","1"
"ito","1"
"ití","1"
"iu,","1"
"iu:","1"
"iu?","1"
"ixa","1"
"ixe","1"
"iyá","1"
"iza","1"
"izó","1"
"iér","1"
"ió,","1"
"ió-","1"
"ió.","1"
"je ","1"
"je:","1"
"jo ","1"
"jov","1"
"jo—","1"
"l h","1"
"l o","1"
"l x","1"
"l Á","1"
"l á","1"
"l ú","1"
"l —","1"
"l'p","1"
"la?","1"
"lac","1"
"laz","1"
"lca","1"
"le,","1"
"lee","1"
"lel","1"
"ler","1"
"let","1"
"ley","1"
"lgá","1"
"lig","1"
"lis","1"
"liz","1"
"lió","1"
"lma","1"
"lmi","1"
"lmo","1"
"lo'","1"
"lo:","1"
"lot","1"
"lov","1"
"lpi","1"
"lqu","1"
"lti","1"
"lud","1"
"lui","1"
"lun","1"
"lus","1"
"luv","1"
"luy","1"
"lvu","1"
"lzá","1"
"lá,","1"
"láb","1"
"láu","1"
"lí.","1"
"lín","1"
"lís","1"
"ló:","1"
"l’a","1"
"l’h","1"
"ma,","1"
"mab","1"
"mba","1"
"mbl","1"
"mbo","1"
"me,","1"
"mez","1"
"mi?","1"
"moq","1"
"mov","1"
"mpi","1"
"mu,","1"
"mud","1"
"máq","1"
"már","1"
"mát","1"
"més","1"
"mía","1"
"mó ","1"
"mús","1"
"n P","1"
"n z","1"
"n ñ","1"
"n —","1"
"n; ","1"
"n? ","1"
"naj","1"
"nao","1"
"nas","1"
"ncl","1"
"ncr","1"
"ndá","1"
"ndé","1"
"ne-","1"
"nem","1"
"net","1"
"nfa","1"
"nfr","1"
"nga","1"
"ni.","1"
"nil","1"
"nis","1"
"niv","1"
"niz","1"
"nió","1"
"nmi","1"
"nne","1"
"no ","1"
"no.","1"
"nom","1"
"ns ","1"
"nsu","1"
"nt ","1"
"nub","1"
"nut","1"
"nvi","1"
"nxe","1"
"nxu","1"
"nán","1"
"níe","1"
"níf","1"
"nós","1"
"n—,","1"
"n—.","1"
"o A","1"
"o C","1"
"o x","1"
"o ¿","1"
"o? ","1"
"oa ","1"
"obo","1"
"obs","1"
"obu","1"
"odr","1"
"ofi","1"
"oga","1"
"ogr","1"
"ogu","1"
"oi'","1"
"olu","1"
"olá","1"
"omu","1"
"omó","1"
"on.","1"
"onf","1"
"oni","1"
"onm","1"
"onn","1"
"onx","1"
"opl","1"
"or.","1"
"or:","1"
"os?","1"
"osp","1"
"oss","1"
"osé","1"
"os—","1"
"oti","1"
"oto","1"
"otá","1"
"ou ","1"
"ou.","1"
"oxe","1"
"oye","1"
"oñu","1"
"pae","1"
"pan","1"
"paí","1"
"ped","1"
"pei","1"
"peu","1"
"pia","1"
"pil","1"
"pin","1"
"pio","1"
"pip","1"
"pir","1"
"ple","1"
"plo","1"
"po ","1"
"pob","1"
"poz","1"
"pul","1"
"páx","1"
"pós","1"
"púr","1"
"r i","1"
"r x","1"
"r í","1"
"r —","1"
"r'l","1"
"r-y","1"
"r: ","1"
"r; ","1"
"r? ","1"
"ra-","1"
"ra?","1"
"rag","1"
"rai","1"
"rav","1"
"ray","1"
"rco","1"
"re'","1"
"re.","1"
"rea","1"
"rei","1"
"reo","1"
"rev","1"
"rex","1"
"rey","1"
"reí","1"
"rfe","1"
"rga","1"
"rir","1"
"rle","1"
"rne","1"
"rni","1"
"rog","1"
"rol","1"
"rru","1"
"rró","1"
"rsu","1"
"rto","1"
"ru;","1"
"ru?","1"
"rui","1"
"rux","1"
"rvi","1"
"rá.","1"
"ráb","1"
"rás","1"
"rín","1"
"ró-","1"
"r—.","1"
"s ñ","1"
"s! ","1"
"s-y","1"
"sag","1"
"saj","1"
"sci","1"
"scé","1"
"se'","1"
"se.","1"
"sea","1"
"sel","1"
"seq","1"
"sev","1"
"sga","1"
"sma","1"
"smo","1"
"so,","1"
"so.","1"
"sop","1"
"spa","1"
"spi","1"
"spu","1"
"ssa","1"
"ssi","1"
"su.","1"
"su:","1"
"suc","1"
"sue","1"
"sur","1"
"sus","1"
"suy","1"
"sva","1"
"sé ","1"
"sép","1"
"s—,","1"
"s—.","1"
"t e","1"
"t'h","1"
"tac","1"
"tap","1"
"tav","1"
"taz","1"
"tep","1"
"tez","1"
"tib","1"
"til","1"
"tio","1"
"tis","1"
"tit","1"
"tiá","1"
"tmo","1"
"to?","1"
"toa","1"
"tod","1"
"ton","1"
"toq","1"
"tov","1"
"toñ","1"
"trá","1"
"tu.","1"
"tu:","1"
"tua","1"
"tuo","1"
"tuv","1"
"tuy","1"
"tái","1"
"tíu","1"
"u A","1"
"u o","1"
"u x","1"
"u'P","1"
"u'u","1"
"u'y","1"
"u; ","1"
"u? ","1"
"ua,","1"
"uac","1"
"ubo","1"
"ucc","1"
"uce","1"
"uco","1"
"ucu","1"
"udu","1"
"udí","1"
"ue-","1"
"ue.","1"
"uem","1"
"ueu","1"
"uez","1"
"ul ","1"
"ulm","1"
"ulo","1"
"uma","1"
"umb","1"
"une","1"
"unu","1"
"uo ","1"
"uod","1"
"upa","1"
"ur ","1"
"urs","1"
"urt","1"
"usi","1"
"uso","1"
"usp","1"
"uvi","1"
"uvo","1"
"uxe","1"
"uxí","1"
"uy ","1"
"uyi","1"
"uyo","1"
"uyu","1"
"uyí","1"
"uz,","1"
"uza","1"
"ué-","1"
"uéd","1"
"uél","1"
"uí'","1"
"uíd","1"
"uíe","1"
"u—.","1"
"vao","1"
"vaq","1"
"ve'","1"
"vec","1"
"vey","1"
"veí","1"
"vin","1"
"vit","1"
"viy","1"
"vo ","1"
"voi","1"
"vó ","1"
"xab","1"
"xat","1"
"xau","1"
"xe.","1"
"xef","1"
"xel","1"
"xet","1"
"xie","1"
"xiq","1"
"xo,","1"
"xu ","1"
"xu,","1"
"xub","1"
"xái","1"
"xía","1"
"xón","1"
"y P","1"
"y g","1"
"y q","1"
"y z","1"
"y, ","1"
"ya ","1"
"yad","1"
"yar","1"
"ye'","1"
"yir","1"
"yu.","1"
"yáu","1"
"yér","1"
"yí ","1"
"yía","1"
"yíe","1"
"yío","1"
"y—,","1"
"z n","1"
"z s","1"
"z t","1"
"za:","1"
"zad","1"
"zan","1"
"zas","1"
"zcl","1"
"zme","1"
"zon","1"
"zor","1"
"zu?","1"
"zul","1"
"zán","1"
"záu","1"
"zó-","1"
"¡So","1"
"¡Tr","1"
"¿Có","1"
"¿D'","1"
"¿Nu","1"
"¿Po","1"
"¿Pr","1"
"¿Y ","1"
"¿Yá","1"
"¿có","1"
"¿po","1"
"¿qu","1"
"ÍN ","1"
"Úsa","1"
"á a","1"
"á c","1"
"á d","1"
"á e","1"
"á h","1"
"á l","1"
"á m","1"
"á n","1"
"á p","1"
"á r","1"
"á x","1"
"á —","1"
"á? ","1"
"ábr","1"
"án,","1"
"áqu","1"
"árc","1"
"ás-","1"
"ás.","1"
"áti","1"
"áu,","1"
"áu:","1"
"áxa","1"
"é a","1"
"é c","1"
"é e","1"
"é f","1"
"é g","1"
"é q","1"
"é s","1"
"é t","1"
"é v","1"
"é y","1"
"é-y","1"
"éda","1"
"él.","1"
"éle","1"
"én,","1"
"éra","1"
"ért","1"
"éu ","1"
"éu,","1"
"í f","1"
"í h","1"
"í m","1"
"í'l","1"
"ía:","1"
"íam","1"
"ía—","1"
"íbl","1"
"íce","1"
"íci","1"
"ído","1"
"ífi","1"
"ín.","1"
"ío'","1"
"ís.","1"
"ísi","1"
"ísu","1"
"íu.","1"
"ñal","1"
"ña—","1"
"ñeb","1"
"ño,","1"
"ñor","1"
"ñu.","1"
"ñub","1"
"ñud","1"
"ñán","1"
"ñáu","1"
"ñé ","1"
"ó g","1"
"ó s","1"
"ó t","1"
"ó, ","1"
"ó-l","1"
"ó. ","1"
"ó: ","1"
"ón:","1"
"ón?","1"
"ósi","1"
"ó—.","1"
"úni","1"
"úrp","1"
"úsg","1"
"—An","1"
"—Ar","1"
"—Bi","1"
"—Bu","1"
"—Ca","1"
"—Ha","1"
"—Ma","1"
"—Pa","1"
"—Pe","1"
"—Pu","1"
"—Sa","1"
"—So","1"
"—Ti","1"
"—Yo","1"
"—em","1"
"—¡S","1"
"—¿D","1"
"’Ar","1"
"’As","1"
"’al","1"
"’an","1"
"’en","1"
"’es","1"
"’ho","1"
"’un","1"
