" de","2122"
"la ","1692"
"de ","1485"
" la","1356"
"que","1295"
"es ","1233"
" qu","1155"
"el ","999"
" el","987"
"en ","903"
"ent","883"
"ue ","855"
"e l","792"
" se","771"
" co","766"
" en","736"
" pe","731"
"a d","731"
"a, ","702"
" i ","696"
" l'","695"
" a ","667"
"per","650"
" ca","649"
" un","626"
"ls ","622"
"ia ","617"
"a l","611"
"ell","611"
"nt ","591"
"s d","582"
"ra ","572"
"ant","571"
"...","554"
"lla","546"
"les","529"
"na ","527"
" es","523"
"s, ","512"
"er ","509"
"est","491"
"res","483"
"a p","479"
" so","471"
"a c","471"
" no","447"
" al","445"
"com","444"
"ava","443"
"a a","435"
"del","433"
" ma","431"
"a s","427"
"a m","425"
"men","422"
"a e","421"
"va ","413"
"re ","411"
"era","409"
" pa","404"
"ta ","403"
"un ","400"
"ada","392"
"els","381"
" d'","376"
" ve","373"
"t, ","373"
"om ","361"
" to","356"
"tre","354"
"una","353"
" re","349"
"sa ","349"
" po","348"
" di","344"
"a f","344"
"da ","340"
"ns ","340"
"al ","339"
"sen","335"
" am","327"
" ll","321"
"amb","321"
"des","319"
", a","317"
", e","316"
"at ","315"
"ar ","313"
"a v","302"
"se ","301"
"s a","297"
" pr","292"
"no ","288"
"ll ","287"
" le","286"
"ren","285"
"t d","284"
"és ","281"
" sa","278"
"s e","276"
" fe","274"
"l p","272"
"sta","272"
"e s","269"
"mb ","265"
".. ","264"
"esp","264"
"e d","263"
"a t","261"
"tra","260"
" te","259"
"on ","256"
"tot","254"
"are","252"
"n l","252"
"or ","252"
"es,","251"
" tr","250"
"an ","250"
"lle","249"
"pre","247"
" do","245"
"li ","244"
"ona","243"
"n e","241"
"ora","241"
"ran","241"
"l'a","240"
"a i","238"
" vi","236"
"l c","236"
"e e","234"
"par","234"
"ens","232"
"all","231"
"e p","229"
"ts ","229"
"ass","227"
" mo","226"
" mi","225"
" fi","224"
" me","223"
"eix","221"
"con","217"
" fo","215"
"e c","215"
" ha","214"
"s p","214"
" ta","212"
"ssa","212"
"aqu","211"
"nta","211"
"car","210"
"a q","209"
", i","207"
"l d","206"
" li","205"
", d","205"
"ame","204"
"s q","204"
", l","203"
"ven","203"
"a n","202"
"l'e","202"
"tes","202"
"ria","201"
", s","200"
"alt","199"
"s i","199"
"tat","199"
"avi","197"
"i e","196"
"r a","196"
"s c","195"
"tan","195"
"ten","192"
"ter","192"
"n a","190"
"esc","189"
"any","188"
"'es","187"
"l m","186"
", p","185"
"ara","185"
"ere","185"
"més","185"
"via","185"
"ins","184"
"s s","184"
"eny","183"
"arr","180"
"e t","180"
"hav","180"
"eu ","179"
"s l","178"
"lar","177"
"don","176"
"osa","176"
"enc","175"
"cor","174"
"esa","174"
"t e","173"
"vol","173"
"e m","172"
"e n","172"
"ort","172"
"os ","172"
" y ","171"
"bre","171"
" s'","170"
"str","170"
" mé","169"
"qua","169"
" ba","168"
"eta","168"
"egu","167"
"emp","167"
"a b","166"
", c","165"
"ana","165"
"et ","165"
"ina","164"
" si","163"
", q","163"
"l s","163"
"cas","162"
"len","162"
"l'h","161"
"nt,","160"
"nyo","160"
"ret","160"
"ida","159"
" vo","158"
"eni","158"
"nar","158"
"i d","157"
"s m","157"
"t a","157"
"gué","156"
"n p","156"
"ull","156"
"ita","155"
" an","154"
"'en","154"
"ira","154"
"pas","154"
"i a","153"
"tor","153"
"ill","152"
"r l","152"
"son","152"
"ues","152"
"gue","151"
"ntr","151"
"ar-","150"
"ave","150"
"e, ","150"
"ost","150"
"uel","150"
" va","149"
"ons","149"
"qui","149"
"r d","149"
"n d","148"
"nte","147"
"a r","146"
"d'a","146"
"mar","146"
"ica","143"
"lls","142"
"aix","141"
"mor","141"
"ega","140"
"fer","140"
"i, ","140"
"sol","140"
"ver","140"
"pen","139"
"uan","139"
" aq","138"
"ena","138"
"ot ","138"
"ans","137"
"man","137"
"nca","137"
"pro","137"
"a u","136"
"lor","136"
"rre","136"
"t l","136"
"hi ","135"
"igu","135"
"lan","135"
"cap","134"
"mes","134"
"at,","133"
"da,","133"
"'un","132"
"a. ","132"
"ale","132"
"dor","132"
"r, ","132"
" bo","131"
"i l","131"
"sti","131"
" pl","130"
"ess","130"
"n s","130"
"nya","130"
"ure","130"
"ngu","129"
"ra,","129"
"e f","128"
"obr","128"
"reu","128"
"-se","127"
"ome","127"
"La ","126"
"ota","126"
"s f","126"
"llu","124"
"n c","124"
"d'u","123"
"gra","123"
"ont","123"
"ser","123"
"tar","123"
"e a","122"
"rta","122"
"ixa","121"
"nes","121"
" ar","120"
"cla","120"
"fil","120"
" ho","119"
"eri","119"
"unt","119"
" fa","118"
"bra","118"
"ien","118"
"l, ","118"
"ste","118"
"ura","118"
"rad","117"
"sos","117"
"a g","116"
"err","116"
"ves","116"
"yor","116"
" ne","115"
"la,","115"
" in","114"
"ca ","114"
"it ","114"
"nci","114"
"ime","113"
"nts","113"
"orn","113"
" ni","112"
"uer","112"
" gr","111"
"asa","111"
"end","111"
"ltr","111"
"mat","111"
"s t","111"
"hor","110"
"i p","110"
"ist","110"
"anc","109"
"s v","109"
"sse","109"
"ado","108"
"e v","108"
"ma ","108"
"mal","108"
"can","107"
"ja ","107"
"nen","107"
"nsa","107"
"ué ","107"
"ola","106"
"pos","106"
"'l ","105"
"a..","105"
"ia,","105"
"dia","104"
"ima","104"
"int","104"
"l f","104"
"r-l","104"
"cia","103"
"i s","103"
"spe","103"
" er","102"
"'al","102"
"n m","102"
"nti","102"
"one","102"
"sa,","102"
"sar","102"
"aci","101"
"fin","101"
"ir ","101"
"let","101"
"nia","101"
"sem","101"
"es.","100"
"sca","100"
"fet","99"
"rra","99"
"t i","99"
"ta,","99"
"ala","98"
"gua","98"
"rs ","98"
"si ","98"
"squ","98"
"veu","98"
" cr","97"
" jo","97"
", t","97"
"ade","97"
"cos","97"
"ui ","97"
"ore","96"
"seg","96"
"t p","96"
"tal","96"
"ble","95"
"her","95"
"mon","95"
"omp","95"
"ate","94"
"n t","94"
"rat","94"
"rim","94"
"t s","94"
"lav","93"
"bla","92"
"for","92"
"tav","92"
"à a","92"
"als","91"
"e r","91"
"s..","91"
" br","90"
"ari","90"
"ing","90"
"l t","90"
"na,","90"
"nt-","90"
"ses","90"
" Pe","89"
". E","89"
"ap ","89"
"rri","89"
"El ","88"
"d'e","88"
"din","88"
"ete","88"
"lta","88"
"ole","88"
"reg","88"
"rer","88"
"ros","88"
"san","88"
" be","87"
"cam","87"
"eia","87"
"ies","87"
"m u","87"
"olt","87"
"tur","87"
"'ha","86"
"eli","86"
"l q","86"
"lat","86"
"r e","86"
"s u","86"
"tin","86"
"vel","86"
"'he","85"
"'ho","85"
", f","85"
"ama","85"
"ard","85"
"dre","85"
" ab","84"
"ió ","84"
"por","84"
"rna","84"
"tge","84"
"cad","83"
"l b","83"
"lli","83"
"mer","82"
"mpr","82"
"n P","82"
"nav","82"
"ple","82"
"rem","82"
" hi","81"
"ció","81"
"erò","81"
"nda","81"
"oll","81"
"ron","81"
" ro","80"
"cal","80"
"i f","80"
"o s","80"
"qu'","80"
"tro","80"
"ers","79"
"eve","79"
"gui","79"
"ine","79"
"me ","79"
"nse","79"
"ors","79"
" ce","78"
" cl","78"
" i,","78"
"!..","78"
"b l","78"
"eng","78"
"lo ","78"
"min","78"
"vis","78"
" pu","77"
"l v","77"
"ut ","77"
", m","76"
"bri","76"
"rec","76"
"u, ","76"
"amo","75"
"ert","75"
"nit","75"
"o e","75"
"r-s","75"
"s'a","75"
"ssi","75"
"ual","75"
"ar,","74"
"ats","74"
"dei","74"
"dol","74"
"e q","74"
"i t","74"
"mir","74"
"pel","74"
"tir","74"
"i h","73"
"pri","73"
"r s","73"
"s b","73"
"van","73"
"aba","72"
"ch ","72"
"eva","72"
"ho ","72"
"ove","72"
"rar","72"
"tem","72"
" ai","71"
" da","71"
" ge","71"
"ab ","71"
"cel","71"
"i c","71"
"ire","71"
"rit","71"
"rom","71"
"s n","71"
"t c","71"
"t q","71"
" ac","70"
" du","70"
"Per","70"
"bar","70"
"col","70"
"ols","70"
"rav","70"
"rib","70"
" ja","69"
"m e","69"
"nat","69"
"tri","69"
"à e","69"
" fr","68"
"'an","68"
"ban","68"
"eja","68"
"ene","68"
"oca","68"
"ou ","68"
"rò ","68"
"s. ","68"
"tam","68"
". L","67"
"amp","67"
"emb","67"
"fon","67"
"ife","67"
"ixe","67"
"n, ","67"
"nt.","67"
"ots","67"
"s h","67"
"spr","67"
" em","66"
" ti","66"
"En ","66"
"dir","66"
"i v","66"
"mbr","66"
"nim","66"
"què","66"
"re,","66"
"tit","66"
"ts,","66"
". A","65"
"a h","65"
"ga ","65"
"l n","65"
"mpa","65"
"ni ","65"
"pla","65"
"som","65"
"sor","65"
"uè ","65"
", n","64"
"Pas","64"
"cre","64"
"e h","64"
"e'l","64"
"et,","64"
"ler","64"
"va,","64"
"vin","64"
" mu","63"
"ect","63"
"l r","63"
"mit","63"
"mol","63"
"vid","63"
" ra","62"
"art","62"
"cab","62"
"le ","62"
"mpe","62"
"ori","62"
"ric","62"
"rob","62"
"rt ","62"
"te ","62"
"tim","62"
" pi","61"
" ri","61"
"e b","61"
"l'o","61"
"lia","61"
"lun","61"
"met","61"
"o p","61"
"omb","61"
"r q","61"
"rac","61"
" El","60"
"aig","60"
"atr","60"
"dav","60"
"ig ","60"
"lif","60"
"m d","60"
"s o","60"
"val","60"
" Re","59"
" ul","59"
"###","59"
"fei","59"
"n v","59"
"nça","59"
"oli","59"
"sam","59"
"vei","59"
" ga","58"
"Ell","58"
"Pel","58"
"bal","58"
"lad","58"
"llo","58"
"ns,","58"
"or,","58"
"pat","58"
"pob","58"
"t m","58"
"apa","57"
"erd","57"
"eur","57"
"gut","57"
"ord","57"
"ote","57"
"ra.","57"
"s r","57"
"sal","57"
"sob","57"
"st ","57"
" La","56"
" fl","56"
"ar.","56"
"as ","56"
"ast","56"
"aur","56"
"bel","56"
"dam","56"
"dis","56"
"erm","56"
"ila","56"
"mpl","56"
"mun","56"
"rà ","56"
"uny","56"
"cri","55"
"hom","55"
"i m","55"
"ici","55"
"ixí","55"
"nce","55"
"ndr","55"
"nà ","55"
"pet","55"
"sat","55"
"sco","55"
" n'","54"
"-li","54"
"atg","54"
"b e","54"
"em ","54"
"en,","54"
"ion","54"
"is ","54"
"iva","54"
"ova","54"
"s'e","54"
" Pa","53"
" fu","53"
" su","53"
"## ","53"
"'am","53"
"cer","53"
"dar","53"
"ern","53"
"ir-","53"
"ll,","53"
"ol ","53"
"ram","53"
"tei","53"
"ula","53"
" na","52"
"ata","52"
"bat","52"
"fes","52"
"gen","52"
"ix ","52"
"l'i","52"
"leg","52"
"los","52"
"nos","52"
"nye","52"
"ral","52"
"t-s","52"
" im","51"
"-lo","51"
"aca","51"
"and","51"
"ani","51"
"asq","51"
"eti","51"
"fos","51"
"gan","51"
"gat","51"
"i q","51"
"llà","51"
"neg","51"
"o v","51"
"rde","51"
"sso","51"
"us ","51"
"ènc","51"
" lo","50"
", v","50"
"atu","50"
"lit","50"
"l·l","50"
"n n","50"
"nys","50"
"o h","50"
"orr","50"
"pod","50"
"r t","50"
"ris","50"
"sab","50"
"u d","50"
"í, ","50"
"aco","49"
"al,","49"
"e g","49"
"nin","49"
"obl","49"
"plo","49"
"r p","49"
"rés","49"
"t t","49"
"tà ","49"
", u","48"
"Nie","48"
"aga","48"
"bon","48"
"gar","48"
"iev","48"
"jov","48"
"l l","48"
"n f","48"
"ner","48"
"nir","48"
"rie","48"
"s g","48"
"s'h","48"
"tja","48"
" ci","47"
"'hi","47"
"No ","47"
"a o","47"
"abe","47"
"ami","47"
"det","47"
"egr","47"
"ha ","47"
"n u","47"
"o t","47"
"oss","47"
"r c","47"
"r u","47"
"sa.","47"
"vor","47"
"ó d","47"
" bl","46"
"-la","46"
"a; ","46"
"aul","46"
"cen","46"
"eda","46"
"ge ","46"
"lam","46"
"là ","46"
"n b","46"
"rei","46"
"rid","46"
"rqu","46"
"sot","46"
"tic","46"
"u a","46"
" gu","45"
" és","45"
"'ai","45"
"arg","45"
"arl","45"
"at.","45"
"ca,","45"
"cat","45"
"ide","45"
"iss","45"
"lum","45"
"nad","45"
"net","45"
"pré","45"
"rel","45"
"rep","45"
"s y","45"
"ta.","45"
"ua ","45"
"uen","45"
"uit","45"
"uri","45"
"y d","45"
"à d","45"
" Ni","44"
" o ","44"
"'aq","44"
"'ar","44"
"; i","44"
"abi","44"
"ali","44"
"ane","44"
"da.","44"
"den","44"
"ese","44"
"fan","44"
"iri","44"
"pan","44"
"pes","44"
"pit","44"
"reb","44"
"sav","44"
"sev","44"
"t. ","44"
"u e","44"
"à, ","44"
", r","43"
"Reg","43"
"arc","43"
"ben","43"
"cte","43"
"dig","43"
"eso","43"
"fàb","43"
"ges","43"
"inc","43"
"m a","43"
"mbl","43"
"oba","43"
"r m","43"
"rda","43"
"spi","43"
"tad","43"
"tel","43"
"ya ","43"
"àbr","43"
" Ca","42"
" fà","42"
"aro","42"
"e u","42"
"fre","42"
"gad","42"
"gun","42"
"itu","42"
"rau","42"
"xa ","42"
"y a","42"
"y l","42"
" Ba","41"
". I","41"
"ati","41"
"ces","41"
"dri","41"
"iga","41"
"la.","41"
"lon","41"
"m l","41"
"m s","41"
"na.","41"
"ond","41"
"osc","41"
"r..","41"
"rol","41"
"sió","41"
"tia","41"
"ués","41"
"à l","41"
" av","40"
"air","40"
"bai","40"
"ber","40"
"dem","40"
"erq","40"
"ets","40"
"l e","40"
"mà ","40"
"o, ","40"
"rev","40"
"rin","40"
"u l","40"
"uin","40"
" go","39"
" he","39"
" ob","39"
"'in","39"
"'or","39"
"cio","39"
"dit","39"
"emo","39"
"esq","39"
"gri","39"
"i u","39"
"inf","39"
"it,","39"
"ls,","39"
"ogu","39"
"ose","39"
"r i","39"
"ras","39"
"tí ","39"
"ue'","39"
"uta","39"
" ap","38"
"?..","38"
"a M","38"
"dat","38"
"elo","38"
"fic","38"
"i n","38"
"iba","38"
"ile","38"
"imp","38"
"lgu","38"
"nov","38"
"o m","38"
"p a","38"
"p d","38"
"r R","38"
"s; ","38"
"sin","38"
"t u","38"
"uar","38"
"uda","38"
"és,","38"
"ía ","38"
" De","37"
" Ma","37"
"'el","37"
"'ls","37"
"a j","37"
"a y","37"
"b u","37"
"eco","37"
"enç","37"
"erv","37"
"ia.","37"
"mic","37"
"n h","37"
"quí","37"
"rio","37"
"seu","37"
"spo","37"
"t..","37"
"y e","37"
" cu","36"
" on","36"
". D","36"
". S","36"
"Mes","36"
"a: ","36"
"alm","36"
"ang","36"
"e i","36"
"eme","36"
"iat","36"
"its","36"
"lt ","36"
"nqu","36"
"oni","36"
"rdi","36"
"rme","36"
"sto","36"
"sà ","36"
"u'e","36"
"ust","36"
"uí ","36"
"y s","36"
" ex","35"
" m'","35"
"Qua","35"
"a N","35"
"agu","35"
"au ","35"
"dur","35"
"eu,","35"
"flo","35"
"gir","35"
"jar","35"
"ll.","35"
"mos","35"
"n r","35"
"o d","35"
"or.","35"
"orm","35"
"oro","35"
"rti","35"
"sig","35"
"t n","35"
"é e","35"
"ón ","35"
" tu","34"
", b","34"
"Com","34"
"anç","34"
"cop","34"
"dos","34"
"e'n","34"
"i r","34"
"ial","34"
"mig","34"
"och","34"
"onc","34"
"poc","34"
"r-h","34"
"sad","34"
"scl","34"
"spa","34"
"uet","34"
"éu ","34"
"die","33"
"esg","33"
"fa ","33"
"fen","33"
"gre","33"
"mis","33"
"mpo","33"
"n i","33"
"pun","33"
"riu","33"
"rla","33"
"ton","33"
" Al","32"
" Me","32"
". P","32"
"amu","32"
"ba ","32"
"bad","32"
"bro","32"
"bé ","32"
"c, ","32"
"cav","32"
"cul","32"
"dev","32"
"esb","32"
"eus","32"
"ic ","32"
"iur","32"
"l g","32"
"lir","32"
"món","32"
"nch","32"
"o l","32"
"odr","32"
"scu","32"
"ts.","32"
"ça ","32"
"é a","32"
" mó","31"
"'ac","31"
", o","31"
"alg","31"
"d'o","31"
"ema","31"
"ixi","31"
"lme","31"
"mul","31"
"nde","31"
"ntí","31"
"nve","31"
"o a","31"
"olo","31"
"op ","31"
"os,","31"
"pog","31"
"pon","31"
"rca","31"
"rce","31"
"stu","31"
"t r","31"
"tut","31"
"ue,","31"
"uid","31"
"umi","31"
"xar","31"
" Mi","30"
", h","30"
", y","30"
"amí","30"
"b s","30"
"b t","30"
"bes","30"
"c d","30"
"e..","30"
"eca","30"
"edi","30"
"hau","30"
"ini","30"
"iny","30"
"itj","30"
"iu ","30"
"m p","30"
"mas","30"
"mil","30"
"ndi","30"
"onf","30"
"onv","30"
"rma","30"
"t f","30"
"tud","30"
"ued","30"
"xí ","30"
" En","29"
" mà","29"
"'n ","29"
"Don","29"
"avo","29"
"diu","29"
"eie","29"
"er-","29"
"etg","29"
"gon","29"
"l a","29"
"nal","29"
"nja","29"
"rro","29"
"sit","29"
"t-l","29"
"vie","29"
"yes","29"
"ys ","29"
"ó, ","29"
" té","28"
"-hi","28"
"agr","28"
"arm","28"
"cs ","28"
"cta","28"
"ebr","28"
"g d","28"
"gal","28"
"ili","28"
"ive","28"
"lic","28"
"m, ","28"
"mel","28"
"nan","28"
"ny ","28"
"o f","28"
"ofe","28"
"ol,","28"
"pal","28"
"pot","28"
"r f","28"
"rir","28"
"rs,","28"
"rte","28"
"se'","28"
"set","28"
"stà","28"
"u'a","28"
"vil","28"
"é, ","28"
"í q","28"
" I ","27"
" Qu","27"
" bé","27"
" et","27"
"'s ","27"
"act","27"
"bol","27"
"cie","27"
"dic","27"
"eig","27"
"enj","27"
"er.","27"
"foc","27"
"ian","27"
"it.","27"
"lal","27"
"lot","27"
"mad","27"
"mbé","27"
"n g","27"
"n'h","27"
"pol","27"
"ri ","27"
"rop","27"
"rou","27"
"y'l","27"
" Do","26"
" af","26"
" ju","26"
"'au","26"
"Al ","26"
"Aqu","26"
"Si ","26"
"arà","26"
"efe","26"
"eié","26"
"far","26"
"féu","26"
"h d","26"
"he ","26"
"il·","26"
"ind","26"
"irà","26"
"jad","26"
"jan","26"
"jo ","26"
"jor","26"
"l i","26"
"noi","26"
"raç","26"
"t v","26"
"t; ","26"
"à u","26"
"é d","26"
"é l","26"
" ad","25"
"adi","25"
"alu","25"
"anà","25"
"cau","25"
"ele","25"
"er,","25"
"esi","25"
"evi","25"
"fal","25"
"fec","25"
"i..","25"
"ibl","25"
"ich","25"
"isi","25"
"mai","25"
"mpt","25"
"nei","25"
"nfi","25"
"ntu","25"
"oc ","25"
"olí","25"
"peu","25"
"rmi","25"
"ría","25"
"u s","25"
"ume","25"
"usa","25"
"va.","25"
"ós ","25"
" ag","24"
" as","24"
" bu","24"
"-I ","24"
"Car","24"
"De ","24"
"Déu","24"
"abl","24"
"ai ","24"
"al.","24"
"arb","24"
"bli","24"
"boc","24"
"bot","24"
"e j","24"
"enl","24"
"erc","24"
"ero","24"
"esm","24"
"i b","24"
"ios","24"
"l C","24"
"lai","24"
"lau","24"
"lem","24"
"ndo","24"
"nfa","24"
"nll","24"
"nou","24"
"ns.","24"
"nsi","24"
"o q","24"
"oma","24"
"pli","24"
"pta","24"
"r n","24"
"ref","24"
"rga","24"
"rne","24"
"rui","24"
"sis","24"
"t h","24"
"tac","24"
"té ","24"
"u p","24"
"udi","24"
"uma","24"
"í d","24"
" Dé","23"
" Te","23"
" at","23"
" gi","23"
"'m ","23"
"'om","23"
"-No","23"
". -","23"
". M","23"
". T","23"
"Ja ","23"
"abr","23"
"ape","23"
"aça","23"
"cin","23"
"cur","23"
"ego","23"
"ela","23"
"fou","23"
"fum","23"
"gro","23"
"hum","23"
"iad","23"
"ign","23"
"iol","23"
"is,","23"
"ixò","23"
"ié ","23"
"lte","23"
"mag","23"
"mni","23"
"n'a","23"
"nc ","23"
"nic","23"
"odi","23"
"ony","23"
"orp","23"
"pa ","23"
"pe'","23"
"pin","23"
"r. ","23"
"re-","23"
"t b","23"
"uil","23"
"une","23"
"viu","23"
"y c","23"
"à c","23"
" Co","22"
" Se","22"
" om","22"
"; e","22"
"Aix","22"
"I, ","22"
"Que","22"
"anq","22"
"d'i","22"
"der","22"
"emà","22"
"eu.","22"
"eya","22"
"fro","22"
"ger","22"
"i i","22"
"le,","22"
"nco","22"
"nto","22"
"nvi","22"
"oia","22"
"omn","22"
"ped","22"
"pir","22"
"re.","22"
"rve","22"
"sap","22"
"tiu","22"
"tua","22"
"u t","22"
"ur ","22"
"viv","22"
"y p","22"
"àci","22"
"ís ","22"
" L'","21"
" ei","21"
" nu","21"
"-Qu","21"
". N","21"
"Ban","21"
"a'l","21"
"am ","21"
"cai","21"
"due","21"
"eba","21"
"enf","21"
"erg","21"
"etr","21"
"fla","21"
"hag","21"
"lac","21"
"lib","21"
"lid","21"
"m q","21"
"mps","21"
"ms ","21"
"n q","21"
"nis","21"
"nso","21"
"orc","21"
"r r","21"
"red","21"
"rn ","21"
"rpr","21"
"tau","21"
"u c","21"
"uei","21"
"uga","21"
"ule","21"
"urà","21"
"usi","21"
"ut,","21"
"y t","21"
"áni","21"
"ía,","21"
" No","20"
" fé","20"
" vu","20"
"'ag","20"
", g","20"
"Mar","20"
"Mió","20"
"Qui","20"
"Ric","20"
"a B","20"
"afe","20"
"ait","20"
"ars","20"
"b a","20"
"b c","20"
"bia","20"
"bà ","20"
"clo","20"
"ecl","20"
"esh","20"
"eto","20"
"exp","20"
"feb","20"
"gav","20"
"hos","20"
"im ","20"
"iqu","20"
"isc","20"
"ja,","20"
"l j","20"
"l'á","20"
"l..","20"
"lin","20"
"ls.","20"
"m t","20"
"meu","20"
"n R","20"
"o c","20"
"oqu","20"
"pur","20"
"rig","20"
"ril","20"
"s: ","20"
"sel","20"
"sia","20"
"t: ","20"
"tu ","20"
"um ","20"
"veg","20"
"y m","20"
"yal","20"
"yan","20"
"yol","20"
"yon","20"
"à p","20"
"í a","20"
" d’","19"
" hu","19"
" l’","19"
"'il","19"
"'án","19"
", j","19"
"L'e","19"
"Un ","19"
"apr","19"
"bav","19"
"bor","19"
"ci ","19"
"cle","19"
"cti","19"
"dal","19"
"dif","19"
"dà ","19"
"e's","19"
"enr","19"
"erl","19"
"es;","19"
"fam","19"
"ful","19"
"got","19"
"ixà","19"
"lsa","19"
"mur","19"
"ne ","19"
"nge","19"
"ngú","19"
"nom","19"
"ntà","19"
"nía","19"
"olu","19"
"onà","19"
"os.","19"
"our","19"
"pag","19"
"pec","19"
"ps ","19"
"pul","19"
"rba","19"
"rov","19"
"rá ","19"
"se,","19"
"sho","19"
"soc","19"
"ssà","19"
"ta;","19"
"uia","19"
"uja","19"
"vos","19"
"xà ","19"
"é q","19"
"é s","19"
"és.","19"
"ò e","19"
" Ri","18"
" or","18"
" sé","18"
"'as","18"
"'av","18"
". Q","18"
"Els","18"
"Est","18"
"ago","18"
"arí","18"
"ay ","18"
"cci","18"
"cto","18"
"dec","18"
"div","18"
"eue","18"
"gel","18"
"iar","18"
"ipu","18"
"ió.","18"
"lco","18"
"m'h","18"
"mba","18"
"n j","18"
"nut","18"
"osi","18"
"oso","18"
"ovi","18"
"r v","18"
"rag","18"
"re'","18"
"rof","18"
"rot","18"
"rt,","18"
"sme","18"
"t g","18"
"tet","18"
"tig","18"
"tos","18"
"uad","18"
"uat","18"
"vui","18"
"y, ","18"
"ya,","18"
"à q","18"
"è e","18"
"ès ","18"
" t'","17"
"'ab","17"
"-ho","17"
"Bar","17"
"Des","17"
"Es ","17"
"a T","17"
"acc","17"
"alc","17"
"an,","17"
"asi","17"
"au,","17"
"aus","17"
"bos","17"
"c i","17"
"e D","17"
"elc","17"
"env","17"
"epa","17"
"epe","17"
"erb","17"
"et.","17"
"feg","17"
"imi","17"
"imm","17"
"inu","17"
"ir,","17"
"isa","17"
"ivi","17"
"l. ","17"
"lag","17"
"lus","17"
"nam","17"
"nfo","17"
"nst","17"
"nt:","17"
"omr","17"
"ong","17"
"ot,","17"
"pap","17"
"put","17"
"rge","17"
"s j","17"
"sec","17"
"sil","17"
"sio","17"
"tiv","17"
"tse","17"
"u q","17"
"uai","17"
"ult","17"
"vai","17"
"var","17"
"vat","17"
"vul","17"
"xen","17"
"àni","17"
"éss","17"
"ò d","17"
" dr","16"
" of","16"
"A l","16"
"L'h","16"
"Mir","16"
"a! ","16"
"a!.","16"
"age","16"
"arn","16"
"b m","16"
"bru","16"
"chs","16"
"dra","16"
"e. ","16"
"erf","16"
"esf","16"
"evo","16"
"fru","16"
"gle","16"
"ibr","16"
"in ","16"
"l'à","16"
"lab","16"
"lec","16"
"lim","16"
"lut","16"
"nau","16"
"ned","16"
"nie","16"
"nor","16"
"obe","16"
"peg","16"
"pra","16"
"rbr","16"
"rej","16"
"riv","16"
"rni","16"
"ror","16"
"rí ","16"
"sim","16"
"spl","16"
"til","16"
"uir","16"
"ut.","16"
"uts","16"
"·lu","16"
"¿Qu","16"
"à m","16"
"àvi","16"
" I,","15"
" gl","15"
"'at","15"
". i","15"
": -","15"
"Mer","15"
"a D","15"
"atí","15"
"boi","15"
"bé,","15"
"cit","15"
"ciu","15"
"d'h","15"
"dan","15"
"def","15"
"dip","15"
"eno","15"
"erp","15"
"fad","15"
"gur","15"
"gà ","15"
"gú ","15"
"hon","15"
"iet","15"
"iut","15"
"ió,","15"
"lei","15"
"lur","15"
"lí ","15"
"mia","15"
"mot","15"
"nga","15"
"oci","15"
"oir","15"
"olg","15"
"pau","15"
"rab","15"
"ri,","15"
"stè","15"
"uix","15"
"uni","15"
"urt","15"
"vio","15"
"xav","15"
"xes","15"
"á l","15"
"çar","15"
"ívo","15"
"úni","15"
"'im","14"
"'ob","14"
". C","14"
"; a","14"
"Ale","14"
"adr","14"
"ca.","14"
"cob","14"
"en.","14"
"es!","14"
"ext","14"
"ey ","14"
"fra","14"
"fug","14"
"gin","14"
"gla","14"
"gol","14"
"has","14"
"ibe","14"
"ics","14"
"ifi","14"
"ite","14"
"jav","14"
"la;","14"
"lev","14"
"m f","14"
"mbo","14"
"mme","14"
"moc","14"
"mri","14"
"nfe","14"
"nze","14"
"oce","14"
"ode","14"
"oix","14"
"ope","14"
"oth","14"
"poe","14"
"r o","14"
"ra;","14"
"rai","14"
"rnà","14"
"roc","14"
"rse","14"
"sur","14"
"t y","14"
"teg","14"
"tej","14"
"tho","14"
"ugi","14"
"vam","14"
"vir","14"
"x d","14"
"xan","14"
"xec","14"
"yer","14"
"í l","14"
"í u","14"
"ó p","14"
"ós,","14"
" -I","13"
" A ","13"
" Un","13"
" ah","13"
" il","13"
" y'","13"
"# L","13"
"'ns","13"
", M","13"
": a","13"
": e","13"
"I a","13"
"I e","13"
"I l","13"
"Què","13"
"Tot","13"
"a é","13"
"acl","13"
"afa","13"
"afr","13"
"agi","13"
"asp","13"
"bil","13"
"cac","13"
"ch,","13"
"cà ","13"
"dís","13"
"e M","13"
"e-l","13"
"en;","13"
"enu","13"
"exc","13"
"fig","13"
"ge,","13"
"glo","13"
"gor","13"
"il ","13"
"inó","13"
"ior","13"
"it;","13"
"itz","13"
"ixu","13"
"jen","13"
"ldr","13"
"lig","13"
"loc","13"
"lti","13"
"m c","13"
"mid","13"
"n o","13"
"ncs","13"
"nem","13"
"noc","13"
"nua","13"
"nyi","13"
"olc","13"
"orb","13"
"osp","13"
"osà","13"
"p i","13"
"puj","13"
"r b","13"
"r h","13"
"r j","13"
"rdo","13"
"rgo","13"
"rod","13"
"rru","13"
"rts","13"
"run","13"
"rvi","13"
"rà,","13"
"ràc","13"
"ré ","13"
"rós","13"
"s!.","13"
"sgu","13"
"spu","13"
"sua","13"
"sup","13"
"sé ","13"
"sía","13"
"t j","13"
"tll","13"
"tom","13"
"tru","13"
"ude","13"
"vac","13"
"vas","13"
"vet","13"
"xí,","13"
"à t","13"
"ça,","13"
"çad","13"
"ò, ","13"
" Si","12"
" oc","12"
" só","12"
" xi","12"
"'em","12"
"'of","12"
". U","12"
"; p","12"
"Bal","12"
"Jo ","12"
"Rey","12"
"Tec","12"
"abs","12"
"aho","12"
"alo","12"
"aps","12"
"b p","12"
"bas","12"
"bis","12"
"bte","12"
"cil","12"
"dad","12"
"did","12"
"e; ","12"
"erí","12"
"es:","12"
"eua","12"
"gos","12"
"imo","12"
"itx","12"
"iu,","12"
"ix,","12"
"jus","12"
"lca","12"
"lis","12"
"liu","12"
"lça","12"
"m m","12"
"m'e","12"
"mav","12"
"mus","12"
"màc","12"
"mès","12"
"mí ","12"
"nas","12"
"ny,","12"
"ofi","12"
"olç","12"
"pte","12"
"r: ","12"
"rap","12"
"rd ","12"
"rfu","12"
"rmo","12"
"rmà","12"
"rn,","12"
"rtí","12"
"ràs","12"
"sag","12"
"st,","12"
"stí","12"
"tme","12"
"u m","12"
"ua,","12"
"ugu","12"
"uns","12"
"xa,","12"
"xò ","12"
"·la","12"
"à s","12"
"è n","12"
"é p","12"
"é u","12"
"í e","12"
"ó a","12"
" ef","11"
" ru","11"
" sí","11"
" s’","11"
" xa","11"
"'et","11"
"'àv","11"
"--""","11"
"; m","11"
"Les","11"
"Ten","11"
"Tri","11"
"abo","11"
"ald","11"
"amà","11"
"ará","11"
"ase","11"
"atj","11"
"bui","11"
"bul","11"
"c e","11"
"cis","11"
"cs,","11"
"da;","11"
"deu","11"
"e: ","11"
"ebl","11"
"edr","11"
"efi","11"
"egí","11"
"ein","11"
"eje","11"
"el·","11"
"esv","11"
"fel","11"
"fit","11"
"gna","11"
"i o","11"
"i. ","11"
"ic,","11"
"ils","11"
"imb","11"
"ims","11"
"is.","11"
"iti","11"
"jug","11"
"l'u","11"
"llá","11"
"luc","11"
"là,","11"
"lí,","11"
"maj","11"
"mem","11"
"mod","11"
"míl","11"
"n'e","11"
"ndu","11"
"ngl","11"
"no,","11"
"nó ","11"
"obt","11"
"odo","11"
"oh ","11"
"old","11"
"ono","11"
"oní","11"
"opa","11"
"or;","11"
"p, ","11"
"plu","11"
"rao","11"
"rbo","11"
"rdr","11"
"rey","11"
"rlo","11"
"rpe","11"
"rtu","11"
"s? ","11"
"sac","11"
"sub","11"
"són","11"
"tab","11"
"teu","11"
"ti ","11"
"u i","11"
"uie","11"
"ums","11"
"urm","11"
"urn","11"
"urs","11"
"veï","11"
"y f","11"
"yen","11"
"às ","11"
"ços","11"
"íli","11"
" --","10"
" Ai","10"
" Es","10"
" Mè","10"
" au","10"
" ig","10"
" ol","10"
" ub","10"
" us","10"
" àn","10"
"# I","10"
"'ad","10"
"'af","10"
"'ap","10"
"'er","10"
"'ul","10"
"-Ba","10"
". ¿","10"
"..-","10"
": s","10"
"; s","10"
"Mèn","10"
"Sen","10"
"adí","10"
"aja","10"
"aju","10"
"aon","10"
"apl","10"
"apà","10"
"aré","10"
"asc","10"
"cid","10"
"cov","10"
"d, ","10"
"dut","10"
"e!.","10"
"ece","10"
"eci","10"
"ede","10"
"egà","10"
"ení","10"
"es?","10"
"esu","10"
"etl","10"
"eïn","10"
"fac","10"
"fle","10"
"fol","10"
"fun","10"
"fus","10"
"gam","10"
"gno","10"
"gud","10"
"h a","10"
"h, ","10"
"hab","10"
"han","10"
"i g","10"
"iu.","10"
"ium","10"
"ius","10"
"ixo","10"
"ià ","10"
"jun","10"
"las","10"
"le.","10"
"lej","10"
"leu","10"
"lie","10"
"lue","10"
"lá ","10"
"m'a","10"
"may","10"
"mov","10"
"mpu","10"
"mud","10"
"mía","10"
"nac","10"
"ncl","10"
"no'","10"
"nsà","10"
"nt;","10"
"om,","10"
"orç","10"
"pad","10"
"pam","10"
"pic","10"
"pil","10"
"rdu","10"
"ro ","10"
"rs.","10"
"rsa","10"
"rso","10"
"rt.","10"
"sc ","10"
"scr","10"
"sic","10"
"siv","10"
"sma","10"
"t o","10"
"t'h","10"
"te,","10"
"tu,","10"
"tx ","10"
"u; ","10"
"ue.","10"
"uls","10"
"us,","10"
"x, ","10"
"xia","10"
"yar","10"
"á d","10"
"í t","10"
"íss","10"
"’en","10"
" Aq","9"
" Ja","9"
" aj","9"
" dó","9"
"'ei","9"
"'ex","9"
"'àn","9"
", P","9"
"-Es","9"
"-me","9"
". n","9"
": u","9"
"; d","9"
"; l","9"
"; y","9"
"? -","9"
"Cat","9"
"Era","9"
"For","9"
"Se ","9"
"Sem","9"
"Son","9"
"a C","9"
"a P","9"
"adu","9"
"aim","9"
"alf","9"
"anv","9"
"arv","9"
"at;","9"
"b q","9"
"b r","9"
"bit","9"
"blà","9"
"brí","9"
"bus","9"
"ci,","9"
"cim","9"
"cua","9"
"cup","9"
"deg","9"
"dej","9"
"dui","9"
"dón","9"
"e o","9"
"e y","9"
"e-B","9"
"eal","9"
"edà","9"
"efu","9"
"egi","9"
"el,","9"
"emi","9"
"equ","9"
"git","9"
"goi","9"
"grà","9"
"guí","9"
"h q","9"
"i'l","9"
"ia:","9"
"ict","9"
"idi","9"
"ifa","9"
"igo","9"
"il,","9"
"inn","9"
"ino","9"
"irá","9"
"ism","9"
"itm","9"
"ix.","9"
"iós","9"
"l'I","9"
"lce","9"
"llí","9"
"lo,","9"
"lou","9"
"lts","9"
"lud","9"
"luj","9"
"lva","9"
"m v","9"
"mam","9"
"me,","9"
"mev","9"
"mi ","9"
"mom","9"
"ms,","9"
"n y","9"
"nai","9"
"nfl","9"
"ngi","9"
"nio","9"
"nsu","9"
"nyà","9"
"nés","9"
"o b","9"
"o n","9"
"o. ","9"
"oes","9"
"ol.","9"
"omi","9"
"omè","9"
"omí","9"
"opo","9"
"oti","9"
"pid","9"
"ra!","9"
"ra'","9"
"rmu","9"
"rva","9"
"rxa","9"
"rá.","9"
"s'o","9"
"s?.","9"
"sa:","9"
"sa;","9"
"sbl","9"
"sce","9"
"sej","9"
"sfe","9"
"si'","9"
"sop","9"
"só ","9"
"tas","9"
"trà","9"
"ts;","9"
"tza","9"
"tía","9"
"u..","9"
"uba","9"
"ubi","9"
"uej","9"
"um.","9"
"vem","9"
"vit","9"
"xad","9"
"xat","9"
"xer","9"
"y n","9"
"yad","9"
"ys,","9"
"·li","9"
"ànc","9"
"è t","9"
"é m","9"
"éu,","9"
"ò l","9"
"ò s","9"
"ó q","9"
"’es","9"
" -p","8"
" An","8"
" Mo","8"
" So","8"
" mú","8"
" nú","8"
"'En","8"
"'ol","8"
"'és","8"
"-Si","8"
"-te","8"
": l","8"
": n","8"
": p","8"
": t","8"
"Arr","8"
"Deu","8"
"Ent","8"
"Mon","8"
"Par","8"
"Tu ","8"
"Una","8"
"a R","8"
"ace","8"
"afi","8"
"aje","8"
"ajo","8"
"alp","8"
"arx","8"
"asm","8"
"aso","8"
"at!","8"
"at?","8"
"aub","8"
"aum","8"
"aut","8"
"aç ","8"
"ba,","8"
"bo ","8"
"buf","8"
"c a","8"
"caf","8"
"cip","8"
"clu","8"
"cui","8"
"cór","8"
"d'E","8"
"da:","8"
"dea","8"
"di ","8"
"dil","8"
"dob","8"
"duy","8"
"dí ","8"
"e'm","8"
"ebu","8"
"ech","8"
"ecr","8"
"efl","8"
"esl","8"
"esí","8"
"et:","8"
"etj","8"
"etu","8"
"exi","8"
"eye","8"
"fab","8"
"fey","8"
"fia","8"
"fut","8"
"gul","8"
"gus","8"
"h l","8"
"har","8"
"hel","8"
"ia;","8"
"ifu","8"
"igi","8"
"iom","8"
"ito","8"
"ità","8"
"iu;","8"
"jat","8"
"jes","8"
"l R","8"
"l o","8"
"l y","8"
"lap","8"
"llò","8"
"lui","8"
"là.","8"
"lò ","8"
"l’e","8"
"mbe","8"
"mà,","8"
"n M","8"
"n. ","8"
"n; ","8"
"neu","8"
"ngr","8"
"nno","8"
"nsp","8"
"o i","8"
"o..","8"
"oda","8"
"oet","8"
"ofa","8"
"omf","8"
"onj","8"
"org","8"
"orj","8"
"oró","8"
"ot.","8"
"pac","8"
"pie","8"
"ps,","8"
"pub","8"
"pui","8"
"r-t","8"
"re;","8"
"rea","8"
"rfe","8"
"rgi","8"
"rgu","8"
"rja","8"
"rló","8"
"roj","8"
"rèn","8"
"sbo","8"
"se.","8"
"sib","8"
"sid","8"
"sll","8"
"sov","8"
"sum","8"
"sus","8"
"t? ","8"
"tid","8"
"tif","8"
"toc","8"
"tol","8"
"tum","8"
"tà,","8"
"tè ","8"
"tís","8"
"u f","8"
"u h","8"
"u n","8"
"u u","8"
"uis","8"
"un'","8"
"und","8"
"upe","8"
"usp","8"
"utu","8"
"va:","8"
"vad","8"
"ve ","8"
"vés","8"
"x a","8"
"x q","8"
"xal","8"
"xin","8"
"y b","8"
"y v","8"
"yà ","8"
"¡Oh","8"
"àpi","8"
"çav","8"
"èti","8"
"é c","8"
"é..","8"
"í p","8"
"ía;","8"
"ínt","8"
"ís.","8"
"ò a","8"
"òri","8"
"ó e","8"
"óna","8"
"órr","8"
" Ro","7"
" Sa","7"
" Tr","7"
" ec","7"
" op","7"
" rà","7"
" án","7"
"'t ","7"
"-Al","7"
"-Ja","7"
"-Ma","7"
"-Pe","7"
"-le","7"
"-n ","7"
". F","7"
". V","7"
". p","7"
"Amb","7"
"Dig","7"
"I t","7"
"Mal","7"
"Me ","7"
"Oh ","7"
"a x","7"
"alè","7"
"aor","7"
"apd","7"
"at:","7"
"au.","7"
"auc","7"
"aví","7"
"aço","7"
"aís","7"
"b v","7"
"cce","7"
"cir","7"
"cli","7"
"cus","7"
"cèn","7"
"cès","7"
"cís","7"
"d i","7"
"drí","7"
"día","7"
"d’a","7"
"d’e","7"
"e B","7"
"ebo","7"
"ec,","7"
"ecs","7"
"ecu","7"
"ejà","7"
"em,","7"
"ems","7"
"emu","7"
"epo","7"
"erà","7"
"erè","7"
"es-","7"
"esd","7"
"fis","7"
"flu","7"
"gai","7"
"geg","7"
"gia","7"
"gne","7"
"gom","7"
"gèn","7"
"gí ","7"
"h e","7"
"hs ","7"
"hs,","7"
"i j","7"
"iam","7"
"ibu","7"
"ibà","7"
"inq","7"
"irt","7"
"isp","7"
"ió?","7"
"laç","7"
"led","7"
"liv","7"
"liç","7"
"lom","7"
"lqu","7"
"ls;","7"
"làg","7"
"ló ","7"
"m n","7"
"m r","7"
"m..","7"
"mac","7"
"me'","7"
"med","7"
"mmo","7"
"mp ","7"
"mà.","7"
"n..","7"
"ngo","7"
"ni.","7"
"niu","7"
"nod","7"
"nol","7"
"nra","7"
"nre","7"
"ns;","7"
"ny.","7"
"nyí","7"
"nyó","7"
"nçà","7"
"obà","7"
"oc,","7"
"ocs","7"
"ocu","7"
"oig","7"
"oja","7"
"omt","7"
"on,","7"
"orí","7"
"p e","7"
"paí","7"
"pès","7"
"qué","7"
"r; ","7"
"raï","7"
"rcè","7"
"roe","7"
"roi","7"
"rs;","7"
"rtà","7"
"rça","7"
"rís","7"
"sas","7"
"sba","7"
"sbu","7"
"sch","7"
"sci","7"
"sde","7"
"sga","7"
"sgl","7"
"smo","7"
"sof","7"
"sul","7"
"sá ","7"
"sí ","7"
"tap","7"
"te'","7"
"tés","7"
"tí,","7"
"u. ","7"
"ubt","7"
"uca","7"
"uce","7"
"ud ","7"
"ufe","7"
"uig","7"
"upa","7"
"uti","7"
"ué,","7"
"vav","7"
"ve,","7"
"vey","7"
"vib","7"
"vim","7"
"xcl","7"
"xis","7"
"xtr","7"
"xug","7"
"à b","7"
"à..","7"
"àgr","7"
"àri","7"
"ça.","7"
"çat","7"
"çà ","7"
"ès,","7"
"í c","7"
"í v","7"
"ía.","7"
"ís,","7"
"ò q","7"
"òs ","7"
"ô d","7"
" II","6"
" Tu","6"
" có","6"
" id","6"
" ir","6"
" mí","6"
" sò","6"
" ¿Q","6"
" ún","6"
"! -","6"
"! A","6"
"""Jo","6"
"# A","6"
"# E","6"
", ¿","6"
"-Ai","6"
"-El","6"
"-fé","6"
"-ne","6"
". J","6"
". e","6"
": d","6"
"Ara","6"
"Fin","6"
"Gar","6"
"L'a","6"
"L'o","6"
"Mef","6"
"Pro","6"
"Sol","6"
"Va ","6"
"a à","6"
"a'm","6"
"a? ","6"
"abà","6"
"ac ","6"
"acu","6"
"afè","6"
"agè","6"
"alq","6"
"anh","6"
"api","6"
"ar:","6"
"ar?","6"
"aue","6"
"avu","6"
"bst","6"
"bur","6"
"but","6"
"c q","6"
"ca;","6"
"cej","6"
"ch.","6"
"ch;","6"
"co ","6"
"cot","6"
"cru","6"
"cum","6"
"cun","6"
"d'é","6"
"dau","6"
"di,","6"
"dom","6"
"duc","6"
"dèn","6"
"e S","6"
"e é","6"
"egl","6"
"egn","6"
"ei ","6"
"epl","6"
"erá","6"
"fat","6"
"fir","6"
"g e","6"
"g p","6"
"ga,","6"
"gaf","6"
"gdi","6"
"ge.","6"
"gni","6"
"güe","6"
"hi,","6"
"i! ","6"
"iav","6"
"ico","6"
"icu","6"
"idr","6"
"ier","6"
"ig.","6"
"ilo","6"
"inv","6"
"inz","6"
"ipi","6"
"ir.","6"
"iro","6"
"ise","6"
"iue","6"
"ió:","6"
"jo,","6"
"joi","6"
"jur","6"
"jà ","6"
"l M","6"
"l h","6"
"lex","6"
"lfa","6"
"lgr","6"
"ltu","6"
"lèn","6"
"ló,","6"
"lós","6"
"ma,","6"
"me.","6"
"mei","6"
"mfa","6"
"nec","6"
"nel","6"
"nhe","6"
"ni,","6"
"nif","6"
"nxa","6"
"o r","6"
"obs","6"
"oco","6"
"odí","6"
"ofr","6"
"oga","6"
"ojo","6"
"onq","6"
"onz","6"
"ous","6"
"pai","6"
"peo","6"
"pis","6"
"pug","6"
"pòs","6"
"r y","6"
"rah","6"
"rch","6"
"rdé","6"
"rif","6"
"rip","6"
"rle","6"
"rlà","6"
"ràn","6"
"rò,","6"
"s! ","6"
"s.""","6"
"sa!","6"
"se-","6"
"sei","6"
"sfi","6"
"sgr","6"
"sir","6"
"s’a","6"
"t! ","6"
"t!.","6"
"t'e","6"
"t.""","6"
"ta!","6"
"ta:","6"
"tec","6"
"ti,","6"
"tjo","6"
"tov","6"
"tró","6"
"txa","6"
"tàn","6"
"tí.","6"
"u r","6"
"u v","6"
"u'h","6"
"u'u","6"
"ubr","6"
"uch","6"
"uci","6"
"udo","6"
"ulg","6"
"um,","6"
"uro","6"
"us.","6"
"usc","6"
"vía","6"
"xpe","6"
"xpl","6"
"yag","6"
"yav","6"
"yel","6"
"yia","6"
"¿qu","6"
"à f","6"
"à v","6"
"à. ","6"
"àst","6"
"án ","6"
"áve","6"
"çam","6"
"è d","6"
"è h","6"
"è, ","6"
"é t","6"
"í h","6"
"íen","6"
"ò t","6"
"ó c","6"
"ó i","6"
"ón.","6"
"’un","6"
" Er","5"
" Ga","5"
" Jo","5"
" Le","5"
" Ra","5"
" Ve","5"
" a-","5"
" cò","5"
" oh","5"
" vé","5"
"'id","5"
"'on","5"
"(A ","5"
"), ","5"
", N","5"
",..","5"
"-Me","5"
"-Mi","5"
"-pr","5"
". R","5"
". l","5"
". q","5"
"..,","5"
"..I","5"
": j","5"
"; n","5"
"; t","5"
"; u","5"
"? ¡","5"
"? ¿","5"
"Ab ","5"
"Ala","5"
"All","5"
"Avu","5"
"Bab","5"
"Cal","5"
"Can","5"
"Con","5"
"Dei","5"
"Del","5"
"I d","5"
"Ill","5"
"Mai","5"
"Plo","5"
"Ram","5"
"San","5"
"Tu,","5"
"Té ","5"
"[(A","5"
"a -","5"
"a A","5"
"a S","5"
"a-n","5"
"a?.","5"
"agn","5"
"ahi","5"
"ai,","5"
"alv","5"
"al·","5"
"alç","5"
"apo","5"
"apt","5"
"atl","5"
"atx","5"
"b f","5"
"bej","5"
"beu","5"
"bs ","5"
"bta","5"
"bé.","5"
"c t","5"
"cep","5"
"coi","5"
"ctu","5"
"cud","5"
"có ","5"
"dep","5"
"dey","5"
"doc","5"
"du ","5"
"dub","5"
"dug","5"
"d’u","5"
"e C","5"
"e P","5"
"ec ","5"
"ecc","5"
"edo","5"
"ege","5"
"ehi","5"
"emá","5"
"epr","5"
"eró","5"
"et;","5"
"eu;","5"
"exe","5"
"eça","5"
"fa.","5"
"fi ","5"
"frè","5"
"fur","5"
"g q","5"
"gas","5"
"gi ","5"
"hem","5"
"hin","5"
"hiv","5"
"ho.","5"
"i D","5"
"ia!","5"
"ido","5"
"idu","5"
"idà","5"
"ig,","5"
"il.","5"
"im,","5"
"inà","5"
"ipa","5"
"ir:","5"
"iso","5"
"iua","5"
"ièn","5"
"ja.","5"
"jos","5"
"jud","5"
"l'ú","5"
"la'","5"
"laf","5"
"lcó","5"
"lga","5"
"li,","5"
"lma","5"
"lo.","5"
"lod","5"
"lpa","5"
"lpi","5"
"lse","5"
"lt,","5"
"lup","5"
"lág","5"
"lè ","5"
"lía","5"
"l’a","5"
"m b","5"
"m y","5"
"mi.","5"
"mne","5"
"moi","5"
"mou","5"
"mte","5"
"n J","5"
"na!","5"
"na;","5"
"ndè","5"
"neb","5"
"nej","5"
"nex","5"
"ng ","5"
"nho","5"
"not","5"
"nsc","5"
"nsó","5"
"nue","5"
"o g","5"
"o'l","5"
"o's","5"
"obi","5"
"oct","5"
"ofo","5"
"ogr","5"
"oi ","5"
"ois","5"
"onh","5"
"op,","5"
"opi","5"
"opu","5"
"or?","5"
"os;","5"
"otj","5"
"ou,","5"
"p q","5"
"p s","5"
"pda","5"
"pi ","5"
"pia","5"
"pig","5"
"pom","5"
"poq","5"
"ps?","5"
"puc","5"
"r g","5"
"r-n","5"
"ra?","5"
"rbe","5"
"rci","5"
"rg ","5"
"ri.","5"
"riq","5"
"rió","5"
"rn.","5"
"rns","5"
"rud","5"
"rup","5"
"rus","5"
"rut","5"
"ràp","5"
"rív","5"
"s ú","5"
"sc,","5"
"sep","5"
"seq","5"
"sfo","5"
"so ","5"
"ssá","5"
"sut","5"
"sve","5"
"sés","5"
"t'a","5"
"t?.","5"
"te.","5"
"te:","5"
"tev","5"
"tis","5"
"tàs","5"
"tèn","5"
"u M","5"
"u b","5"
"u o","5"
"u.""","5"
"uav","5"
"ube","5"
"ubl","5"
"ucl","5"
"uct","5"
"ueu","5"
"ui'","5"
"unc","5"
"upt","5"
"urá","5"
"urí","5"
"use","5"
"ute","5"
"ué:","5"
"uí,","5"
"vag","5"
"veh","5"
"vej","5"
"vig","5"
"x l","5"
"xam","5"
"xel","5"
"xil","5"
"xip","5"
"xir","5"
"xos","5"
"xpr","5"
"xut","5"
"xí.","5"
"xò,","5"
"y u","5"
"ya!","5"
"ya.","5"
"ysp","5"
"zat","5"
"zin","5"
"zon","5"
"¡Qu","5"
"·le","5"
"·là","5"
"¿Pe","5"
"à i","5"
"àct","5"
"ágr","5"
"è l","5"
"è p","5"
"è v","5"
"è..","5"
"é v","5"
"én ","5"
"éu!","5"
"í f","5"
"í i","5"
"í m","5"
"í s","5"
"ída","5"
"íes","5"
"ïna","5"
"ïne","5"
"ó f","5"
"ó. ","5"
"ós.","5"
"ôs ","5"
" -l","4"
" Am","4"
" Av","4"
" Fo","4"
" Li","4"
" Ne","4"
" Po","4"
" Pr","4"
" Só","4"
" Ta","4"
" To","4"
" i.","4"
" m’","4"
" né","4"
" pè","4"
" tí","4"
" ví","4"
" xe","4"
"! L","4"
"! P","4"
"! S","4"
"! ¿","4"
"""Co","4"
"# C","4"
"# M","4"
"'Il","4"
"'a ","4"
"'os","4"
"'ín","4"
"'ún","4"
"-De","4"
"-Di","4"
"-En","4"
"-Va","4"
"-di","4"
". B","4"
". a","4"
". d","4"
". s","4"
". t","4"
"., ","4"
".-I","4"
".I ","4"
": i","4"
"; q","4"
"? E","4"
"Ama","4"
"Cad","4"
"Col","4"
"Cri","4"
"Din","4"
"Enc","4"
"Esc","4"
"Fou","4"
"I c","4"
"I s","4"
"Inf","4"
"Joa","4"
"Lle","4"
"Lo ","4"
"May","4"
"Nos","4"
"Ser","4"
"Som","4"
"Te ","4"
"Tem","4"
"Tin","4"
"Tre","4"
"Y'l","4"
"[El","4"
"[La","4"
"a G","4"
"a L","4"
"a V","4"
"a.""","4"
"acs","4"
"adv","4"
"adà","4"
"afo","4"
"ahí","4"
"ai.","4"
"aia","4"
"ail","4"
"al!","4"
"alb","4"
"ap,","4"
"ap.","4"
"arp","4"
"arô","4"
"asu","4"
"atz","4"
"atà","4"
"aud","4"
"avé","4"
"aya","4"
"aïd","4"
"b g","4"
"ba.","4"
"bab","4"
"bi ","4"
"bir","4"
"boq","4"
"bso","4"
"c l","4"
"c m","4"
"c p","4"
"ced","4"
"ceg","4"
"cem","4"
"cig","4"
"cià","4"
"ciè","4"
"còs","4"
"cós","4"
"d e","4"
"dee","4"
"drà","4"
"dve","4"
"dé ","4"
"dés","4"
"e' ","4"
"eat","4"
"edu","4"
"edí","4"
"ees","4"
"efr","4"
"el.","4"
"elv","4"
"em-","4"
"em.","4"
"emm","4"
"enn","4"
"enz","4"
"eo,","4"
"er:","4"
"er;","4"
"etm","4"
"eu!","4"
"eug","4"
"eum","4"
"evé","4"
"eíd","4"
"eó ","4"
"fai","4"
"feu","4"
"feó","4"
"fid","4"
"fog","4"
"fri","4"
"fà ","4"
"fè ","4"
"g c","4"
"g i","4"
"g..","4"
"ga.","4"
"gab","4"
"gic","4"
"gil","4"
"gis","4"
"goc","4"
"grí","4"
"he!","4"
"heu","4"
"hi.","4"
"his","4"
"hér","4"
"i é","4"
"i!.","4"
"i'n","4"
"i: ","4"
"i; ","4"
"iac","4"
"ice","4"
"icà","4"
"icè","4"
"idô","4"
"igd","4"
"in,","4"
"iob","4"
"ipr","4"
"irr","4"
"isq","4"
"it!","4"
"itá","4"
"iud","4"
"iç ","4"
"jam","4"
"jec","4"
"jer","4"
"joc","4"
"joy","4"
"l P","4"
"l x","4"
"l!.","4"
"l'í","4"
"l: ","4"
"la:","4"
"ley","4"
"lio","4"
"ll!","4"
"lló","4"
"llô","4"
"log","4"
"lov","4"
"ltí","4"
"làs","4"
"m h","4"
"m o","4"
"m é","4"
"ma.","4"
"mbi","4"
"mí,","4"
"mús","4"
"n x","4"
"n à","4"
"n: ","4"
"nc,","4"
"ncí","4"
"niv","4"
"nla","4"
"nro","4"
"nt!","4"
"ntó","4"
"nun","4"
"nvé","4"
"nzi","4"
"ná ","4"
"núb","4"
"o u","4"
"o!.","4"
"o'm","4"
"ol·","4"
"om.","4"
"omm","4"
"omé","4"
"onu","4"
"oná","4"
"onè","4"
"ops","4"
"orf","4"
"osf","4"
"osq","4"
"ot;","4"
"otx","4"
"p l","4"
"pa,","4"
"pav","4"
"plè","4"
"pop","4"
"prè","4"
"prò","4"
"pti","4"
"pud","4"
"pus","4"
"pà ","4"
"r!.","4"
"r-m","4"
"r? ","4"
"ra:","4"
"raj","4"
"raó","4"
"rco","4"
"rdà","4"
"rdí","4"
"re!","4"
"riz","4"
"rné","4"
"ro.","4"
"rog","4"
"roq","4"
"rté","4"
"rua","4"
"ruc","4"
"rug","4"
"rum","4"
"rà.","4"
"rès","4"
"ròp","4"
"ró ","4"
"s B","4"
"s'i","4"
"s-l","4"
"sa?","4"
"sa]","4"
"saf","4"
"sbr","4"
"scà","4"
"sed","4"
"sou","4"
"st.","4"
"suc","4"
"suf","4"
"sèu","4"
"sò ","4"
"s’h","4"
"ta]","4"
"te;","4"
"ted","4"
"tgl","4"
"tie","4"
"tiq","4"
"tma","4"
"tu?","4"
"tun","4"
"tus","4"
"tzi","4"
"tzo","4"
"tá ","4"
"tòr","4"
"tós","4"
"u g","4"
"u! ","4"
"u: ","4"
"uau","4"
"uc ","4"
"ud,","4"
"ufr","4"
"uge","4"
"ui,","4"
"umo","4"
"ung","4"
"unz","4"
"upi","4"
"upo","4"
"uss","4"
"utj","4"
"uto","4"
"uya","4"
"uè,","4"
"uèh","4"
"uèn","4"
"uït","4"
"vi ","4"
"vic","4"
"vià","4"
"vot","4"
"vé ","4"
"ví ","4"
"vís","4"
"x e","4"
"x p","4"
"xeu","4"
"xic","4"
"xim","4"
"xuc","4"
"y q","4"
"yat","4"
"ys.","4"
"yía","4"
"ze ","4"
"zel","4"
"zil","4"
"És ","4"
"à r","4"
"à; ","4"
"àns","4"
"às,","4"
"á m","4"
"áli","4"
"áng","4"
"çan","4"
"è i","4"
"è m","4"
"èdi","4"
"èhe","4"
"èix","4"
"ènd","4"
"èri","4"
"èu ","4"
"é f","4"
"é g","4"
"é n","4"
"éro","4"
"í n","4"
"í..","4"
"ía'","4"
"íci","4"
"íst","4"
"ïda","4"
"ïdo","4"
"ò n","4"
"òni","4"
"òpi","4"
"ó t","4"
"ó v","4"
"ó..","4"
"úbo","4"
"úst","4"
"üen","4"
"ües","4"
"’ho","4"
"  s","3"
" -M","3"
" -d","3"
" -f","3"
" -i","3"
" ..","3"
" Da","3"
" Di","3"
" Fi","3"
" Lu","3"
" Mu","3"
" Pi","3"
" Pu","3"
" Ru","3"
" Vi","3"
" cà","3"
" cá","3"
" e ","3"
" ev","3"
" fè","3"
" fó","3"
" fú","3"
" hé","3"
" is","3"
" oi","3"
" os","3"
" pá","3"
" pí","3"
" tú","3"
" t’","3"
" ¡Q","3"
" ¿ ","3"
" ¿D","3"
" ¿q","3"
" àv","3"
" ço","3"
" èp","3"
" ín","3"
"! E","3"
"! I","3"
"! M","3"
"! N","3"
"! T","3"
"! s","3"
"! ¡","3"
"# D","3"
"'In","3"
"'ef","3"
"'eu","3"
"'hu","3"
"'ig","3"
"'ir","3"
", D","3"
", é","3"
"--S","3"
"-Ah","3"
"-Ni","3"
"-Pa","3"
"-Se","3"
"-Un","3"
"-de","3"
"-l'","3"
"-no","3"
"-pe","3"
"-va","3"
"-¿Q","3"
"-És","3"
". H","3"
". m","3"
". ¡","3"
".-f","3"
"..A","3"
"..P","3"
"..S","3"
"..T","3"
"..l","3"
"..¡","3"
"..»","3"
".Pe","3"
": c","3"
": h","3"
": q","3"
"; c","3"
"; h","3"
"; v","3"
"? A","3"
"A c","3"
"A f","3"
"A n","3"
"Ah!","3"
"Ai,","3"
"Alt","3"
"Ana","3"
"Ave","3"
"Bla","3"
"Cam","3"
"Cap","3"
"Cre","3"
"D'a","3"
"Dol","3"
"Dur","3"
"Equ","3"
"Esp","3"
"Hi ","3"
"Hor","3"
"I q","3"
"I v","3"
"I..","3"
"Jes","3"
"Li ","3"
"Mam","3"
"Mat","3"
"Men","3"
"No.","3"
"Oh,","3"
"Pen","3"
"Pre","3"
"Pui","3"
"S'e","3"
"Sa ","3"
"Si,","3"
"Sob","3"
"Tan","3"
"Vei","3"
"Ver","3"
"Vet","3"
"Veu","3"
"Vol","3"
"Vôs","3"
"Y a","3"
"Y d","3"
"Y e","3"
"Y l","3"
"Y p","3"
"a  ","3"
"a!-","3"
"a'n","3"
"a's","3"
"a't","3"
"ach","3"
"acr","3"
"adj","3"
"adm","3"
"ai!","3"
"aid","3"
"al;","3"
"alz","3"
"anx","3"
"ané","3"
"apu","3"
"apç","3"
"ar!","3"
"ar;","3"
"arq","3"
"as,","3"
"asé","3"
"así","3"
"ato","3"
"atò","3"
"auf","3"
"aït","3"
"b b","3"
"bi,","3"
"bic","3"
"boj","3"
"bom","3"
"bou","3"
"bsc","3"
"bse","3"
"bun","3"
"bés","3"
"c c","3"
"c n","3"
"c s","3"
"c..","3"
"cay","3"
"ci.","3"
"coc","3"
"cou","3"
"cro","3"
"crè","3"
"cán","3"
"d a","3"
"da!","3"
"das","3"
"daç","3"
"ded","3"
"dim","3"
"dju","3"
"dré","3"
"ds ","3"
"duï","3"
"dô ","3"
"e x","3"
"e! ","3"
"e-h","3"
"ecà","3"
"ecó","3"
"efa","3"
"eir","3"
"eml","3"
"emn","3"
"en!","3"
"en:","3"
"enm","3"
"enx","3"
"ept","3"
"epu","3"
"eqü","3"
"esó","3"
"et!","3"
"etz","3"
"eu-","3"
"eu:","3"
"eul","3"
"exh","3"
"eít","3"
"fa,","3"
"fas","3"
"fav","3"
"fem","3"
"fi,","3"
"fè,","3"
"fór","3"
"g, ","3"
"ga'","3"
"gau","3"
"gem","3"
"gs ","3"
"gèd","3"
"gès","3"
"h h","3"
"h s","3"
"h t","3"
"h! ","3"
"haj","3"
"hir","3"
"hèt","3"
"i's","3"
"i't","3"
"iaq","3"
"ias","3"
"id ","3"
"id,","3"
"idí","3"
"ifo","3"
"ig-","3"
"igà","3"
"igè","3"
"igü","3"
"ilt","3"
"im-","3"
"im.","3"
"imu","3"
"iod","3"
"irm","3"
"irs","3"
"ivo","3"
"ix;","3"
"izó","3"
"iò ","3"
"jau","3"
"jo'","3"
"jo.","3"
"jut","3"
"l D","3"
"l! ","3"
"l'E","3"
"l; ","3"
"la-","3"
"lba","3"
"lde","3"
"ldi","3"
"lgú","3"
"li:","3"
"liq","3"
"ll;","3"
"ll?","3"
"lmo","3"
"lo!","3"
"loq","3"
"lra","3"
"lsi","3"
"lsá","3"
"lt.","3"
"ltô","3"
"lug","3"
"luè","3"
"lze","3"
"là:","3"
"lço","3"
"lê ","3"
"lí;","3"
"líc","3"
"lô ","3"
"l’i","3"
"m-b","3"
"m-h","3"
"mau","3"
"mbu","3"
"mi,","3"
"mlo","3"
"mmi","3"
"mof","3"
"mut","3"
"mán","3"
"mís","3"
"mút","3"
"n B","3"
"n D","3"
"n E","3"
"n!.","3"
"na?","3"
"naç","3"
"ncu","3"
"ncà","3"
"nd ","3"
"ni'","3"
"nid","3"
"nje","3"
"nob","3"
"ns!","3"
"ns?","3"
"nt?","3"
"ntl","3"
"nud","3"
"num","3"
"nuv","3"
"nà,","3"
"nàr","3"
"nço","3"
"nçu","3"
"nèi","3"
"nív","3"
"nòt","3"
"núv","3"
"o R","3"
"o; ","3"
"oan","3"
"ocó","3"
"oer","3"
"oie","3"
"oje","3"
"ol;","3"
"om;","3"
"omo","3"
"oms","3"
"omu","3"
"onò","3"
"opt","3"
"or!","3"
"oru","3"
"orz","3"
"orà","3"
"os!","3"
"os-","3"
"osu","3"
"osá","3"
"oto","3"
"otz","3"
"p c","3"
"p g","3"
"p m","3"
"p u","3"
"pay","3"
"pci","3"
"pei","3"
"peç","3"
"pi,","3"
"plí","3"
"prà","3"
"pàl","3"
"pàs","3"
"pál","3"
"pça","3"
"púb","3"
"r ç","3"
"r.""","3"
"rbi","3"
"re:","3"
"rm,","3"
"rn;","3"
"rp ","3"
"rpa","3"
"rrà","3"
"rró","3"
"rsi","3"
"rue","3"
"ruï","3"
"rza","3"
"rán","3"
"rás","3"
"rèv","3"
"rí,","3"
"ríe","3"
"ró,","3"
"rô ","3"
"rôs","3"
"s C","3"
"s D","3"
"s x","3"
"s á","3"
"sa'","3"
"scó","3"
"seb","3"
"sie","3"
"sog","3"
"spè","3"
"ssu","3"
"ssè","3"
"sts","3"
"sva","3"
"sàp","3"
"sé.","3"
"sòl","3"
"t B","3"
"tex","3"
"tio","3"
"tla","3"
"tle","3"
"trá","3"
"trí","3"
"ts:","3"
"tu.","3"
"tue","3"
"tup","3"
"txi","3"
"tè.","3"
"tès","3"
"tív","3"
"tó ","3"
"t’h","3"
"u B","3"
"u'i","3"
"u?.","3"
"ubs","3"
"ucc","3"
"uds","3"
"udí","3"
"ueí","3"
"ufa","3"
"ufo","3"
"ui.","3"
"uim","3"
"uje","3"
"ulm","3"
"ulo","3"
"ulp","3"
"umn","3"
"unç","3"
"uos","3"
"ur.","3"
"urp","3"
"urr","3"
"ut;","3"
"uye","3"
"uïd","3"
"va;","3"
"veí","3"
"vi,","3"
"vuy","3"
"và ","3"
"vé.","3"
"x c","3"
"x s","3"
"xce","3"
"xcu","3"
"xem","3"
"xha","3"
"xie","3"
"xit","3"
"y r","3"
"y y","3"
"y'm","3"
"y's","3"
"ya;","3"
"yin","3"
"yos","3"
"yra","3"
"zar","3"
"ze,","3"
"zen","3"
"zó,","3"
"¡Ja","3"
"¿De","3"
"¿Es","3"
"¿No","3"
"àbi","3"
"àl·","3"
"àne","3"
"àre","3"
"àss","3"
"á e","3"
"á p","3"
"á s","3"
"á u","3"
"á'l","3"
"ánt","3"
"ás ","3"
"â'l","3"
"ç d","3"
"ç i","3"
"ç, ","3"
"èn ","3"
"èni","3"
"èpo","3"
"ès.","3"
"èvo","3"
"é j","3"
"éix","3"
"í!.","3"
"í. ","3"
"í; ","3"
"ífi","3"
"ími","3"
"ïa ","3"
"ït ","3"
"ò m","3"
"ò u","3"
"òsi","3"
"òti","3"
"ó l","3"
"ó m","3"
"ó s","3"
"ó?.","3"
"ón,","3"
"óra","3"
"ú d","3"
"úbl","3"
"úri","3"
"ús ","3"
"útu","3"
"’ai","3"
"’ha","3"
"’hi","3"
"  p","2"
" (a","2"
" -Q","2"
" -T","2"
" -a","2"
" -m","2"
" -s","2"
" : ","2"
" A-","2"
" Ac","2"
" Ad","2"
" Ar","2"
" Be","2"
" Cr","2"
" D'","2"
" Du","2"
" Eq","2"
" Gu","2"
" Hi","2"
" I.","2"
" Je","2"
" Ju","2"
" Ll","2"
" Nè","2"
" S'","2"
" T'","2"
" Ti","2"
" Va","2"
" Vu","2"
" Vô","2"
" Xi","2"
" bi","2"
" ch","2"
" ed","2"
" je","2"
" o'","2"
" od","2"
" pà","2"
" pú","2"
" rè","2"
" sà","2"
" sè","2"
" sú","2"
" ud","2"
" ur","2"
" xu","2"
" ¡D","2"
" ¡J","2"
" «b","2"
" ¿C","2"
" ¿V","2"
" ¿c","2"
" ¿s","2"
" úl","2"
"! J","2"
"! Q","2"
"!- ","2"
"!--","2"
"""De","2"
"""El","2"
"""En","2"
"""Ja","2"
"""Me","2"
"""¿P","2"
"# R","2"
"' l","2"
"'An","2"
"'Ar","2"
"'Es","2"
"'Or","2"
"'aj","2"
"'ec","2"
"'n;","2"
"'od","2"
"'oï","2"
"'ág","2"
"(al","2"
", -","2"
", A","2"
", x","2"
", ¡","2"
", «","2"
",ll","2"
"- e","2"
"- g","2"
"-""J","2"
"-""M","2"
"-""¿","2"
"--A","2"
"--¿","2"
"-A ","2"
"-Aq","2"
"-Ar","2"
"-Co","2"
"-D'","2"
"-Do","2"
"-Gr","2"
"-He","2"
"-Ho","2"
"-I,","2"
"-L'","2"
"-La","2"
"-M'","2"
"-M’","2"
"-Ne","2"
"-Oh","2"
"-On","2"
"-Po","2"
"-So","2"
"-Sí","2"
"-To","2"
"-Tr","2"
"-Tu","2"
"-Té","2"
"-Ve","2"
"-aq","2"
"-cu","2"
"-ex","2"
"-fe","2"
"-mu","2"
"-ra","2"
"-¿P","2"
".- ","2"
".-c","2"
"..""","2"
"..C","2"
"..D","2"
"..F","2"
"..L","2"
"..N","2"
"..Q","2"
"..a","2"
"..i","2"
"..”","2"
".No","2"
".Qu","2"
".i ","2"
".la","2"
".» ","2"
": b","2"
": f","2"
": r","2"
": v","2"
"; f","2"
"? M","2"
"? P","2"
"? Q","2"
"? T","2"
"?- ","2"
"A M","2"
"A m","2"
"A s","2"
"A t","2"
"A-n","2"
"Alc","2"
"Alg","2"
"Als","2"
"Ami","2"
"An ","2"
"Ant","2"
"Ass","2"
"Ben","2"
"Bon","2"
"Bru","2"
"Bé ","2"
"Cer","2"
"Cla","2"
"Cop","2"
"Cor","2"
"Dar","2"
"Dos","2"
"ENA","2"
"Eh?","2"
"Eix","2"
"Enl","2"
"Ere","2"
"Fau","2"
"Fei","2"
"Fil","2"
"Gra","2"
"Gua","2"
"Han","2"
"Hav","2"
"Hel","2"
"Ho ","2"
"I p","2"
"III","2"
"Ins","2"
"Jam","2"
"Jur","2"
"L'u","2"
"L'à","2"
"Lla","2"
"Llu","2"
"Lul","2"
"M'e","2"
"Ma ","2"
"Mad","2"
"Maj","2"
"Man","2"
"Mas","2"
"Mor","2"
"Mus","2"
"Més","2"
"N'h","2"
"Nat","2"
"Ne ","2"
"Nin","2"
"No'","2"
"No,","2"
"Nor","2"
"Nèm","2"
"On ","2"
"Pan","2"
"Pir","2"
"Pol","2"
"Pot","2"
"Puj","2"
"Rec","2"
"Res","2"
"Ret","2"
"Rom","2"
"S'a","2"
"S'h","2"
"Sal","2"
"Si'","2"
"Sot","2"
"Sí,","2"
"Sól","2"
"Són","2"
"T'h","2"
"Tam","2"
"Tra","2"
"Tro","2"
"Val","2"
"Ven","2"
"Ves","2"
"Vin","2"
"Vul","2"
"Vén","2"
"Wat","2"
"Xim","2"
"Xès","2"
"Y s","2"
"a (","2"
"a),","2"
"a,.","2"
"a-l","2"
"a-v","2"
"abt","2"
"abu","2"
"acè","2"
"ací","2"
"adó","2"
"af ","2"
"afà","2"
"agd","2"
"agà","2"
"ahu","2"
"ahó","2"
"aie","2"
"ais","2"
"al?","2"
"alh","2"
"alê","2"
"alí","2"
"aló","2"
"am,","2"
"am.","2"
"ams","2"
"anl","2"
"ano","2"
"aní","2"
"as.","2"
"asà","2"
"atm","2"
"att","2"
"au-","2"
"au;","2"
"aun","2"
"aye","2"
"aç,","2"
"aó ","2"
"aó,","2"
"b i","2"
"b o","2"
"bag","2"
"be ","2"
"bea","2"
"beg","2"
"bem","2"
"bet","2"
"beí","2"
"bio","2"
"bje","2"
"brà","2"
"brá","2"
"brî","2"
"bud","2"
"bum","2"
"bí ","2"
"c f","2"
"c g","2"
"c u","2"
"c; ","2"
"ca:","2"
"ca?","2"
"ce ","2"
"cet","2"
"che","2"
"cho","2"
"cic","2"
"cif","2"
"ciò","2"
"clà","2"
"cod","2"
"cs.","2"
"cs;","2"
"ctr","2"
"cub","2"
"cut","2"
"cà,","2"
"càl","2"
"càn","2"
"càr","2"
"cá ","2"
"cén","2"
"cía","2"
"có.","2"
"cún","2"
"d d","2"
"d g","2"
"d l","2"
"d q","2"
"d'A","2"
"d'à","2"
"dag","2"
"de.","2"
"deb","2"
"di.","2"
"dij","2"
"dmi","2"
"dog","2"
"dot","2"
"dro","2"
"drá","2"
"dua","2"
"dud","2"
"duí","2"
"dà,","2"
"déu","2"
"dïó","2"
"dò!","2"
"dòc","2"
"dó.","2"
"dós","2"
"dô,","2"
"e -","2"
"e J","2"
"e N","2"
"e,l","2"
"e-M","2"
"e-c","2"
"e?.","2"
"eac","2"
"ean","2"
"eau","2"
"ebi","2"
"ebé","2"
"ecò","2"
"ed ","2"
"edé","2"
"eel","2"
"ei.","2"
"eit","2"
"ejo","2"
"el:","2"
"elm","2"
"elu","2"
"elà","2"
"eló","2"
"emé","2"
"emò","2"
"enà","2"
"enè","2"
"eo ","2"
"eor","2"
"eph","2"
"er?","2"
"erç","2"
"etc","2"
"età","2"
"etè","2"
"etí","2"
"eud","2"
"exa","2"
"eí ","2"
"e’s","2"
"f d","2"
"fay","2"
"fe ","2"
"fee","2"
"fib","2"
"fix","2"
"fli","2"
"flò","2"
"fui","2"
"fàs","2"
"fón","2"
"fúr","2"
"g a","2"
"g l","2"
"g m","2"
"g r","2"
"g s","2"
"g v","2"
"g-M","2"
"g. ","2"
"ga;","2"
"gac","2"
"gay","2"
"ge:","2"
"ge;","2"
"ged","2"
"get","2"
"gid","2"
"gie","2"
"gip","2"
"glu","2"
"glò","2"
"gnà","2"
"go ","2"
"goj","2"
"gru","2"
"grô","2"
"gí,","2"
"gí:","2"
"gú.","2"
"h C","2"
"h M","2"
"h c","2"
"h f","2"
"h i","2"
"h j","2"
"h m","2"
"h p","2"
"h v","2"
"h!.","2"
"h; ","2"
"h?.","2"
"hal","2"
"him","2"
"hip","2"
"hit","2"
"ho,","2"
"huc","2"
"hur","2"
"i -","2"
"i N","2"
"i'm","2"
"ia'","2"
"ia?","2"
"iag","2"
"iau","2"
"ibi","2"
"ibo","2"
"icó","2"
"iem","2"
"ieu","2"
"ifó","2"
"ige","2"
"igr","2"
"igs","2"
"ijo","2"
"ilm","2"
"ilà","2"
"iló","2"
"im;","2"
"imn","2"
"imà","2"
"in.","2"
"inú","2"
"ipó","2"
"ir!","2"
"ir;","2"
"ir?","2"
"irc","2"
"irl","2"
"iré","2"
"irí","2"
"is:","2"
"is;","2"
"isb","2"
"isó","2"
"it?","2"
"itg","2"
"itl","2"
"itó","2"
"iul","2"
"ivu","2"
"ixá","2"
"ià.","2"
"iço","2"
"iés","2"
"ió!","2"
"ja'","2"
"ja:","2"
"jeg","2"
"ji ","2"
"jol","2"
"jon","2"
"jou","2"
"l -","2"
"l N","2"
"l X","2"
"l ú","2"
"l'A","2"
"l'O","2"
"l'_","2"
"l.""","2"
"l? ","2"
"lay","2"
"lch","2"
"lda","2"
"le!","2"
"le:","2"
"le;","2"
"lel","2"
"lfo","2"
"lfr","2"
"lià","2"
"ll:","2"
"llp","2"
"lop","2"
"lpr","2"
"ls:","2"
"ltà","2"
"lté","2"
"luï","2"
"lés","2"
"líe","2"
"lòn","2"
"l’u","2"
"m D","2"
"m g","2"
"m! ","2"
"m'o","2"
"m-l","2"
"m. ","2"
"m; ","2"
"ma!","2"
"ma'","2"
"ma:","2"
"me;","2"
"mi;","2"
"miq","2"
"mmò","2"
"mo ","2"
"mog","2"
"mp,","2"
"mpi","2"
"mpè","2"
"mpé","2"
"mrí","2"
"ms.","2"
"mta","2"
"mà;","2"
"màn","2"
"mèr","2"
"mí!","2"
"mí.","2"
"mín","2"
"mòr","2"
"mós","2"
"m’e","2"
"m’h","2"
"n L","2"
"n'E","2"
"n.""","2"
"n? ","2"
"na:","2"
"naf","2"
"ncr","2"
"ncá","2"
"ncé","2"
"ncú","2"
"ndí","2"
"ne,","2"
"neí","2"
"nfr","2"
"nfu","2"
"ngè","2"
"ngü","2"
"ni;","2"
"niq","2"
"nió","2"
"njo","2"
"nna","2"
"nnu","2"
"no!","2"
"no;","2"
"nri","2"
"nsá","2"
"ntm","2"
"ntò","2"
"nub","2"
"nuc","2"
"nup","2"
"nuà","2"
"nvo","2"
"ny;","2"
"nyá","2"
"nzí","2"
"nèt","2"
"néi","2"
"nét","2"
"ní ","2"
"nís","2"
"nó,","2"
"nús","2"
"o j","2"
"o o","2"
"o á","2"
"o é","2"
"o'n","2"
"o't","2"
"o: ","2"
"obu","2"
"obé","2"
"obí","2"
"oc.","2"
"odà","2"
"ogi","2"
"oi!","2"
"oi:","2"
"olr","2"
"olz","2"
"olá","2"
"olò","2"
"olô","2"
"on.","2"
"oné","2"
"opr","2"
"opò","2"
"or:","2"
"orq","2"
"orx","2"
"osí","2"
"otg","2"
"otm","2"
"ou-","2"
"ou.","2"
"ou;","2"
"oví","2"
"oxi","2"
"oya","2"
"oye","2"
"p b","2"
"p n","2"
"p'e","2"
"p..","2"
"paj","2"
"pao","2"
"pde","2"
"piu","2"
"pru","2"
"ps.","2"
"ps;","2"
"ptu","2"
"pà,","2"
"pèl","2"
"pé ","2"
"pó ","2"
"qüe","2"
"r?.","2"
"r_.","2"
"ra-","2"
"raf","2"
"rb ","2"
"rcà","2"
"rd,","2"
"rdò","2"
"rdó","2"
"rdô","2"
"re?","2"
"reç","2"
"re’","2"
"ri;","2"
"rli","2"
"rm ","2"
"rmè","2"
"rmí","2"
"rní","2"
"ro,","2"
"rox","2"
"rpi","2"
"rpu","2"
"rrè","2"
"rs:","2"
"rt;","2"
"ruf","2"
"rxi","2"
"rèt","2"
"rèu","2"
"ré,","2"
"rém","2"
"rí.","2"
"ró.","2"
"rúf","2"
"rús","2"
"s (","2"
"s P","2"
"s à","2"
"s è","2"
"s í","2"
"s'é","2"
"s),","2"
"s- ","2"
"s-d","2"
"s-h","2"
"s-m","2"
"s.-","2"
"sfu","2"
"si,","2"
"siu","2"
"siò","2"
"smi","2"
"smu","2"
"spò","2"
"ssé","2"
"ssí","2"
"ssó","2"
"st:","2"
"st?","2"
"stá","2"
"stó","2"
"sud","2"
"svi","2"
"svo","2"
"sàs","2"
"sám","2"
"sáv","2"
"sèn","2"
"sí,","2"
"só,","2"
"súp","2"
"t :","2"
"t J","2"
"t M","2"
"t é","2"
"t-h","2"
"t-m","2"
"t-n","2"
"ta?","2"
"tay","2"
"tcí","2"
"te!","2"
"tea","2"
"teo","2"
"ti!","2"
"ti.","2"
"tip","2"
"tju","2"
"tlo","2"
"tmo","2"
"to ","2"
"tod","2"
"top","2"
"tou","2"
"trè","2"
"tré","2"
"trú","2"
"ts-","2"
"tte","2"
"tul","2"
"tuo","2"
"txí","2"
"tze","2"
"tzó","2"
"tàr","2"
"tás","2"
"té,","2"
"tém","2"
"tíb","2"
"tím","2"
"tó,","2"
"tô ","2"
"tún","2"
"u j","2"
"u y","2"
"u!.","2"
"u-l","2"
"u? ","2"
"ua!","2"
"uac","2"
"uas","2"
"ubj","2"
"ubo","2"
"ucr","2"
"uem","2"
"ui:","2"
"ui?","2"
"uic","2"
"uiv","2"
"ujà","2"
"ul,","2"
"ulà","2"
"ump","2"
"umu","2"
"umà","2"
"un.","2"
"uno","2"
"unx","2"
"uní","2"
"up ","2"
"upc","2"
"upl","2"
"upr","2"
"upí","2"
"ur-","2"
"urg","2"
"url","2"
"uré","2"
"ut?","2"
"uvi","2"
"uvo","2"
"uy ","2"
"uè.","2"
"ué'","2"
"uí.","2"
"uív","2"
"vah","2"
"ve-","2"
"vec","2"
"ved","2"
"vif","2"
"voc","2"
"x b","2"
"x m","2"
"x t","2"
"x u","2"
"x v","2"
"x..","2"
"xa.","2"
"xac","2"
"xe ","2"
"xe'","2"
"xei","2"
"xid","2"
"xio","2"
"xiu","2"
"xo ","2"
"xon","2"
"xor","2"
"xpa","2"
"xpu","2"
"xt ","2"
"xta","2"
"xte","2"
"xtu","2"
"xá ","2"
"xí'","2"
"xía","2"
"xís","2"
"xò?","2"
"xós","2"
"y g","2"
"y h","2"
"y'n","2"
"y. ","2"
"yam","2"
"ye'","2"
"yem","2"
"yet","2"
"yeu","2"
"yá ","2"
"yív","2"
"yó ","2"
"yó,","2"
"zad","2"
"zag","2"
"¡Co","2"
"¡Ma","2"
"¡Te","2"
"¡oh","2"
"«bo","2"
"·lo","2"
"» i","2"
"¿Co","2"
"¿Te","2"
"¿Ve","2"
"¿Vo","2"
"¿co","2"
"¿sa","2"
"à g","2"
"à n","2"
"à: ","2"
"àgi","2"
"àli","2"
"àng","2"
"ànt","2"
"àrr","2"
"às.","2"
"às?","2"
"á a","2"
"á c","2"
"á q","2"
"á r","2"
"águ","2"
"ámi","2"
"áre","2"
"â a","2"
"ç a","2"
"ç s","2"
"ço ","2"
"ço,","2"
"çor","2"
"çut","2"
"è a","2"
"è j","2"
"è s","2"
"èci","2"
"èla","2"
"ème","2"
"ès!","2"
"ès;","2"
"èso","2"
"ètu","2"
"èye","2"
"é b","2"
"é h","2"
"é'l","2"
"é: ","2"
"éme","2"
"émo","2"
"éne","2"
"ére","2"
"éu.","2"
"ê q","2"
"í g","2"
"í j","2"
"í é","2"
"í'l","2"
"í.""","2"
"í: ","2"
"íbo","2"
"íem","2"
"índ","2"
"íni","2"
"ísi","2"
"ïme","2"
"ïós","2"
"ò i","2"
"ò j","2"
"ò r","2"
"ò é","2"
"ò! ","2"
"ò..","2"
"òci","2"
"òdi","2"
"òl ","2"
"òli","2"
"òst","2"
"òto","2"
"ó P","2"
"ó g","2"
"ó!.","2"
"ó: ","2"
"ó? ","2"
"óc ","2"
"óll","2"
"ón!","2"
"ós;","2"
"ô s","2"
"ô v","2"
"ô..","2"
"ú h","2"
"ú p","2"
"ú, ","2"
"úfo","2"
"últ","2"
"úpl","2"
"úpo","2"
"ús,","2"
"úsc","2"
"úti","2"
"úvo","2"
"’al","2"
"’ar","2"
"’au","2"
"’el","2"
"’in","2"
"  L","1"
"  a","1"
"  e","1"
"  f","1"
"  g","1"
"  m","1"
"  q","1"
"  ¿","1"
" !.","1"
" ""C","1"
" ""E","1"
" ""H","1"
" ""j","1"
" 'e","1"
" (-","1"
" (F","1"
" (e","1"
" (r","1"
" (t","1"
" ,e","1"
" - ","1"
" -:","1"
" -A","1"
" -L","1"
" -N","1"
" -P","1"
" -S","1"
" -e","1"
" -n","1"
" -q","1"
" -r","1"
" -t","1"
" -v","1"
" -x","1"
" 18","1"
" 7 ","1"
" ?.","1"
" Ab","1"
" Ah","1"
" Bl","1"
" Bo","1"
" Br","1"
" Bu","1"
" Bé","1"
" Ce","1"
" Có","1"
" Fa","1"
" Fe","1"
" Fr","1"
" Go","1"
" Ha","1"
" He","1"
" Ho","1"
" In","1"
" Is","1"
" Lo","1"
" L’","1"
" M'","1"
" MA","1"
" Mé","1"
" N'","1"
" Na","1"
" Ov","1"
" PE","1"
" Pl","1"
" Su","1"
" Sí","1"
" Tá","1"
" Té","1"
" Wa","1"
" Xè","1"
" Y ","1"
" [R","1"
" __","1"
" ao","1"
" bá","1"
" cí","1"
" dè","1"
" dí","1"
" dò","1"
" dú","1"
" eg","1"
" eh","1"
" ep","1"
" eq","1"
" fí","1"
" gè","1"
" gò","1"
" há","1"
" hè","1"
" io","1"
" iv","1"
" lu","1"
" lò","1"
" má","1"
" ná","1"
" ní","1"
" ou","1"
" p1","1"
" pé","1"
" pò","1"
" pó","1"
" rú","1"
" rü","1"
" tà","1"
" tá","1"
" u ","1"
" zi","1"
" ¡L","1"
" ¡M","1"
" ¡N","1"
" ¡O","1"
" ¡T","1"
" ¡a","1"
" ¡v","1"
" «-","1"
" «E","1"
" »N","1"
" ¿E","1"
" ¿N","1"
" ¿S","1"
" ¿T","1"
" ¿a","1"
" ¿d","1"
" ¿e","1"
" ¿n","1"
" ¿t","1"
" És","1"
" àg","1"
" àp","1"
" àt","1"
" út","1"
" “P","1"
" “f","1"
" “¿","1"
"! C","1"
"! D","1"
"! R","1"
"! b","1"
"! d","1"
"! l","1"
"! q","1"
"!! ","1"
"!-I","1"
"!-f","1"
"!¡R","1"
""" y","1"
"""..","1"
"""Al","1"
"""Ar","1"
"""D'","1"
"""Du","1"
"""Ei","1"
"""Es","1"
"""Fe","1"
"""Fo","1"
"""Ho","1"
"""L'","1"
"""Mi","1"
"""Mo","1"
"""No","1"
"""Oh","1"
"""Pu","1"
"""Ra","1"
"""So","1"
"""To","1"
"""ja","1"
"""¡A","1"
"""¡C","1"
"""¿Q","1"
"""¿T","1"
"""¿V","1"
"# F","1"
"# J","1"
"# N","1"
"# P","1"
"# Q","1"
"# S","1"
"' e","1"
"' m","1"
"'Al","1"
"'Av","1"
"'Ed","1"
"'El","1"
"'Em","1"
"'Ev","1"
"'Hi","1"
"'Ig","1"
"'Im","1"
"'Ul","1"
"'_A","1"
"'_E","1"
"'_I","1"
"'a1","1"
"'ah","1"
"'ev","1"
"'hè","1"
"'hé","1"
"'iv","1"
"'m!","1"
"'oc","1"
"'oi","1"
"'op","1"
"'s,","1"
"'s-","1"
"'s.","1"
"'t:","1"
"'ub","1"
"'ár","1"
"'èx","1"
"'úl","1"
"(-S","1"
"(Fe","1"
"(Ge","1"
"(am","1"
"(ar","1"
"(en","1"
"(l'","1"
"(re","1"
"(ta","1"
") q","1"
") s","1"
"); ","1"
",  ","1"
", B","1"
", G","1"
", H","1"
", Q","1"
", S","1"
",a ","1"
",de","1"
",en","1"
",i ","1"
",qu","1"
",re","1"
",ve","1"
"- I","1"
"- M","1"
"- P","1"
"- a","1"
"- d","1"
"- h","1"
"- l","1"
"- m","1"
"- p","1"
"- r","1"
"-""E","1"
"-""F","1"
"-""N","1"
"-""R","1"
"-""¡","1"
"-- ","1"
"--C","1"
"--D","1"
"--L","1"
"--M","1"
"--P","1"
"--U","1"
"--V","1"
"--d","1"
"--l","1"
"--¡","1"
"-..","1"
"-: ","1"
"-Ad","1"
"-Am","1"
"-As","1"
"-BA","1"
"-Be","1"
"-Bo","1"
"-Bé","1"
"-Ca","1"
"-Cu","1"
"-Eh","1"
"-Ei","1"
"-Eq","1"
"-Ex","1"
"-Fi","1"
"-Ga","1"
"-Ha","1"
"-I.","1"
"-In","1"
"-Jo","1"
"-Ju","1"
"-Ll","1"
"-Lo","1"
"-Na","1"
"-Oi","1"
"-Pr","1"
"-Pu","1"
"-Re","1"
"-Su","1"
"-Só","1"
"-T'","1"
"-Ta","1"
"-Te","1"
"-Ti","1"
"-T’","1"
"-Vô","1"
"-Xè","1"
"-a ","1"
"-ba","1"
"-bl","1"
"-bo","1"
"-bu","1"
"-ci","1"
"-co","1"
"-cr","1"
"-fo","1"
"-gl","1"
"-i ","1"
"-i,","1"
"-i-","1"
"-in","1"
"-ll","1"
"-m'","1"
"-ma","1"
"-qu","1"
"-re","1"
"-s'","1"
"-si","1"
"-so","1"
"-t'","1"
"-ta","1"
"-us","1"
"-xa","1"
"-xi","1"
"-za","1"
"-¡C","1"
"-¡P","1"
"-¿C","1"
".  ","1"
". G","1"
". O","1"
". X","1"
". Y","1"
". f","1"
". j","1"
". o","1"
". u","1"
". y","1"
". «","1"
". É","1"
". –","1"
". “","1"
".!.","1"
".(a","1"
".,i","1"
".--","1"
".-E","1"
".-N","1"
"..!","1"
"..(","1"
"..E","1"
"..J","1"
"..U","1"
"..c","1"
"..e","1"
"..t","1"
".A ","1"
".Al","1"
".Aq","1"
".Co","1"
".Cr","1"
".D'","1"
".Do","1"
".Eh","1"
".Fe","1"
".Fi","1"
".In","1"
".Jo","1"
".La","1"
".Ll","1"
".S'","1"
".Si","1"
".S’","1"
".Ti","1"
".To","1"
".Tu","1"
".Un","1"
".al","1"
".an","1"
".co","1"
".eq","1"
".lo","1"
".tu","1"
".¡ ","1"
".¡D","1"
".¡M","1"
".¡T","1"
"187","1"
"190","1"
"1at","1"
"1tr","1"
"6_.","1"
"7 d","1"
"76_","1"
"876","1"
"909","1"
": ""","1"
": T","1"
": m","1"
": »","1"
": ¿","1"
": é","1"
": “","1"
":-A","1"
"; A","1"
"; g","1"
"; j","1"
"; o","1"
"; é","1"
";..","1"
"> ""","1"
"> C","1"
"> L","1"
"> V","1"
"> [","1"
"> j","1"
"> r","1"
"> s","1"
"?  ","1"
"? C","1"
"? D","1"
"? L","1"
"? R","1"
"? S","1"
"? t","1"
"? “","1"
"?, ","1"
"?--","1"
"?-f","1"
"A A","1"
"A R","1"
"A b","1"
"A d","1"
"A p","1"
"A q","1"
"A u","1"
"ACI","1"
"AIG","1"
"ALE","1"
"AME","1"
"ARE","1"
"Abr","1"
"Aca","1"
"Act","1"
"Acu","1"
"Ade","1"
"Ado","1"
"Adé","1"
"Ah,","1"
"Ahi","1"
"Aig","1"
"Aim","1"
"Alf","1"
"Amè","1"
"Ane","1"
"Ang","1"
"Ans","1"
"Any","1"
"Anà","1"
"Arb","1"
"Ard","1"
"Arg","1"
"Art","1"
"Arx","1"
"Atr","1"
"Avi","1"
"BAL","1"
"BST","1"
"Baf","1"
"Bah","1"
"Bai","1"
"Be ","1"
"Bea","1"
"Bet","1"
"Bin","1"
"Bo ","1"
"Bre","1"
"Bri","1"
"Bro","1"
"But","1"
"CIÒ","1"
"CIÓ","1"
"CRO","1"
"Cas","1"
"Cav","1"
"Coi","1"
"Cos","1"
"Cov","1"
"Cul","1"
"Cór","1"
"D'H","1"
"D'U","1"
"D'e","1"
"D'o","1"
"Da-","1"
"Dam","1"
"Dec","1"
"Den","1"
"Dey","1"
"Dez","1"
"Dis","1"
"Du ","1"
"E-B","1"
"ELI","1"
"EL·","1"
"EMP","1"
"EN ","1"
"ENT","1"
"ETA","1"
"Edè","1"
"Ehé","1"
"Ei,","1"
"Elb","1"
"Ele","1"
"Eli","1"
"Elo","1"
"Emi","1"
"End","1"
"Ens","1"
"Eva","1"
"Ex!","1"
"FET","1"
"Fas","1"
"Fel","1"
"Fen","1"
"Fer","1"
"Fon","1"
"Fos","1"
"Fre","1"
"GUA","1"
"Gel","1"
"Gin","1"
"Gir","1"
"Gov","1"
"Gro","1"
"Gui","1"
"Ha ","1"
"Has","1"
"He ","1"
"Hem","1"
"Her","1"
"Heu","1"
"His","1"
"Hom","1"
"Hos","1"
"Hum","1"
"I b","1"
"I f","1"
"I h","1"
"I j","1"
"I r","1"
"I u","1"
"I ¿","1"
"IFE","1"
"IGU","1"
"ITU","1"
"Igl","1"
"Imm","1"
"Ini","1"
"Isa","1"
"Jac","1"
"Jas","1"
"Jau","1"
"Jos","1"
"Jov","1"
"Jun","1"
"Jus","1"
"L '","1"
"L'E","1"
"L'i","1"
"LA ","1"
"LEN","1"
"LET","1"
"LIF","1"
"LLa","1"
"Lav","1"
"Lia","1"
"Lib","1"
"Lis","1"
"Luc","1"
"L·L","1"
"L’h","1"
"M'h","1"
"MAR","1"
"MEN","1"
"MPT","1"
"Mag","1"
"Mah","1"
"Mil","1"
"Min","1"
"Mis","1"
"Mot","1"
"Mun","1"
"M’e","1"
"M’h","1"
"N P","1"
"NAI","1"
"NOV","1"
"Ned","1"
"Neg","1"
"Nem","1"
"Nes","1"
"Ni ","1"
"No:","1"
"Nog","1"
"Nom","1"
"Not","1"
"Nov","1"
"O b","1"
"OQU","1"
"OVE","1"
"Oh!","1"
"Oit","1"
"Omb","1"
"Orf","1"
"Ori","1"
"Ou ","1"
"Ovi","1"
"PEL","1"
"PTA","1"
"Pal","1"
"Pap","1"
"Pe'","1"
"Pet","1"
"Pig","1"
"Pit","1"
"Pob","1"
"Pos","1"
"Put","1"
"QUI","1"
"RE-","1"
"ROQ","1"
"Rab","1"
"Rac","1"
"Ran","1"
"Ras","1"
"Reb","1"
"Ref","1"
"Rei","1"
"Rel","1"
"Rem","1"
"Rep","1"
"Rer","1"
"Rie","1"
"Roc","1"
"Rog","1"
"Roj","1"
"Roq","1"
"Ros","1"
"Rot","1"
"Rub","1"
"Rum","1"
"Rus","1"
"Ruy","1"
"STI","1"
"SUB","1"
"Sab","1"
"Sap","1"
"Se'","1"
"Seg","1"
"Si.","1"
"Sia","1"
"Sin","1"
"Siò","1"
"Sor","1"
"Sou","1"
"Sub","1"
"Sur","1"
"Sé ","1"
"Sí;","1"
"Sóc","1"
"S’e","1"
"T'e","1"
"TAC","1"
"TEM","1"
"TIT","1"
"TUC","1"
"Tar","1"
"Te'","1"
"Teb","1"
"Tei","1"
"Teu","1"
"Tex","1"
"Tu'","1"
"Tu?","1"
"Tác","1"
"T’e","1"
"UAM","1"
"UBS","1"
"UCI","1"
"UIS","1"
"Uli","1"
"Uni","1"
"VEL","1"
"Vai","1"
"Van","1"
"Vas","1"
"Vic","1"
"Vil","1"
"Vir","1"
"Vui","1"
"Y m","1"
"Y q","1"
"Y r","1"
"Y v","1"
"[Ra","1"
"_ c","1"
"_, ","1"
"_Ar","1"
"_El","1"
"_Il","1"
"_Pa","1"
"___","1"
"__r","1"
"_re","1"
"`Aq","1"
"a !","1"
"a .","1"
"a 7","1"
"a ?","1"
"a F","1"
"a H","1"
"a I","1"
"a U","1"
"a á","1"
"a è","1"
"a) ","1"
"a);","1"
"a)]","1"
"a,v","1"
"a--","1"
"a-G","1"
"a-h","1"
"a-m","1"
"a.`","1"
"a.¡","1"
"a1t","1"
"a?""","1"
"a_ ","1"
"abé","1"
"abí","1"
"abò","1"
"abú","1"
"ac,","1"
"acm","1"
"acà","1"
"acé","1"
"acï","1"
"adé","1"
"adï","1"
"adô","1"
"aen","1"
"aeu","1"
"afu","1"
"ag ","1"
"agâ","1"
"agí","1"
"agó","1"
"ah!","1"
"ahî","1"
"ain","1"
"aiv","1"
"ajà","1"
"ajô","1"
"al'","1"
"al-","1"
"alr","1"
"alá","1"
"alâ","1"
"alï","1"
"amn","1"
"amô","1"
"an.","1"
"an:","1"
"an?","1"
"anj","1"
"aná","1"
"anè","1"
"anò","1"
"anô","1"
"ap!","1"
"ap:","1"
"ap?","1"
"apb","1"
"apf","1"
"apg","1"
"apò","1"
"ar_","1"
"arh","1"
"arj","1"
"arè","1"
"as!","1"
"asb","1"
"asv","1"
"asç","1"
"at)","1"
"ath","1"
"au:","1"
"aug","1"
"aup","1"
"auq","1"
"aux","1"
"avà","1"
"avá","1"
"avè","1"
"avó","1"
"ay,","1"
"ayg","1"
"ayn","1"
"ayr","1"
"ays","1"
"a» ","1"
"aç;","1"
"açd","1"
"aíd","1"
"aíe","1"
"aïm","1"
"aòt","1"
"a’l","1"
"a’m","1"
"a”,","1"
"b D","1"
"b d","1"
"b h","1"
"b n","1"
"b x","1"
"b à","1"
"b, ","1"
"ba;","1"
"bac","1"
"baf","1"
"bam","1"
"bau","1"
"bay","1"
"bdi","1"
"bei","1"
"bid","1"
"bie","1"
"bif","1"
"big","1"
"bim","1"
"bin","1"
"blo","1"
"blá","1"
"bló","1"
"bma","1"
"bo,","1"
"bo;","1"
"bo?","1"
"bod","1"
"boe","1"
"boh","1"
"boy","1"
"brè","1"
"bré","1"
"bró","1"
"bsè","1"
"bti","1"
"bto","1"
"btà","1"
"bu-","1"
"buc","1"
"bug","1"
"bá ","1"
"bár","1"
"bâ ","1"
"bèl","1"
"bèr","1"
"bès","1"
"bé:","1"
"bé;","1"
"bé?","1"
"béc","1"
"bén","1"
"bía","1"
"bíe","1"
"bòl","1"
"bòr","1"
"bón","1"
"bós","1"
"bús","1"
"c h","1"
"c o","1"
"c v","1"
"c é","1"
"c!.","1"
"c. ","1"
"ca!","1"
"ca'","1"
"ca-","1"
"caç","1"
"caò","1"
"cca","1"
"ceb","1"
"cey","1"
"ceá","1"
"ch:","1"
"ch?","1"
"cha","1"
"chi","1"
"ci'","1"
"ci;","1"
"ci?","1"
"cib","1"
"clá","1"
"cme","1"
"co?","1"
"cof","1"
"coo","1"
"coq","1"
"cré","1"
"crí","1"
"crú","1"
"cs?","1"
"csa","1"
"cse","1"
"ctí","1"
"cuc","1"
"cue","1"
"cà.","1"
"càs","1"
"cál","1"
"cár","1"
"cè ","1"
"cèc","1"
"cés","1"
"cí,","1"
"cíf","1"
"cím","1"
"cïo","1"
"cò ","1"
"cò.","1"
"còg","1"
"còn","1"
"còp","1"
"có!","1"
"có,","1"
"cón","1"
"cú,","1"
"cú.","1"
"cúp","1"
"d c","1"
"d f","1"
"d p","1"
"d v","1"
"d'_","1"
"d'á","1"
"d'è","1"
"d. ","1"
"d..","1"
"da?","1"
"dai","1"
"da’","1"
"deq","1"
"di!","1"
"di'","1"
"dib","1"
"dio","1"
"diq","1"
"dià","1"
"diç","1"
"dmo","1"
"do ","1"
"do.","1"
"doj","1"
"dop","1"
"ds:","1"
"du,","1"
"du.","1"
"du;","1"
"dul","1"
"dun","1"
"dus","1"
"dàr","1"
"dâ'","1"
"dèp","1"
"dìc","1"
"dí,","1"
"dí.","1"
"díe","1"
"dó,","1"
"dô:","1"
"dú ","1"
"dús","1"
"d’E","1"
"d’o","1"
"e  ","1"
"e ""","1"
"e (","1"
"e 1","1"
"e R","1"
"e T","1"
"e V","1"
"e W","1"
"e ¿","1"
"e't","1"
"e) ","1"
"e,r","1"
"e- ","1"
"e-b","1"
"e-f","1"
"e-s","1"
"ea ","1"
"ea,","1"
"ead","1"
"ebe","1"
"ebí","1"
"ec.","1"
"ecá","1"
"ecí","1"
"ed,","1"
"eds","1"
"eei","1"
"efú","1"
"egá","1"
"egî","1"
"egú","1"
"egü","1"
"ehe","1"
"ehé","1"
"ehí","1"
"ei!","1"
"ei,","1"
"eim","1"
"eis","1"
"eji","1"
"eju","1"
"ejé","1"
"el;","1"
"elf","1"
"elt","1"
"elá","1"
"elâ","1"
"elè","1"
"elí","1"
"elò","1"
"em!","1"
"emè","1"
"emó","1"
"emô","1"
"en-","1"
"enh","1"
"enq","1"
"ené","1"
"enó","1"
"enô","1"
"enú","1"
"eoc","1"
"eon","1"
"epc","1"
"eps","1"
"epà","1"
"epò","1"
"er)","1"
"er_","1"
"erj","1"
"eré","1"
"es""","1"
"es)","1"
"esn","1"
"esx","1"
"es»","1"
"esà","1"
"esè","1"
"esú","1"
"et-","1"
"et?","1"
"etx","1"
"eté","1"
"etó","1"
"etô","1"
"eu?","1"
"eué","1"
"evà","1"
"eví","1"
"ex ","1"
"ex,","1"
"exo","1"
"exu","1"
"ey,","1"
"ey-","1"
"ey.","1"
"eyn","1"
"eys","1"
"eyá","1"
"eze","1"
"eán","1"
"eèl","1"
"eí,","1"
"eín","1"
"eïa","1"
"eïd","1"
"eïm","1"
"eït","1"
"eòn","1"
"eó,","1"
"e’l","1"
"f c","1"
"f? ","1"
"fa!","1"
"fau","1"
"faç","1"
"feo","1"
"feè","1"
"fi.","1"
"fie","1"
"fiq","1"
"fià","1"
"foi","1"
"fré","1"
"fua","1"
"fue","1"
"fuá","1"
"fàn","1"
"fèi","1"
"fèt","1"
"fèy","1"
"fén","1"
"fés","1"
"fís","1"
"fós","1"
"fún","1"
"fús","1"
"fút","1"
"g b","1"
"g f","1"
"g n","1"
"g t","1"
"g u","1"
"g y","1"
"g-z","1"
"g?-","1"
"ga!","1"
"ga:","1"
"ga?","1"
"ge?","1"
"geb","1"
"gi,","1"
"gi.","1"
"gi;","1"
"gim","1"
"giq","1"
"gma","1"
"gme","1"
"gní","1"
"go,","1"
"go-","1"
"gré","1"
"gró","1"
"gtr","1"
"guè","1"
"gà,","1"
"gàb","1"
"gàl","1"
"gár","1"
"gáv","1"
"gâ'","1"
"gâ.","1"
"gía","1"
"gíe","1"
"gír","1"
"gî ","1"
"gòt","1"
"gó.","1"
"gú'","1"
"gú,","1"
"gú:","1"
"gú;","1"
"gún","1"
"h b","1"
"h r","1"
"h u","1"
"h y","1"
"ha,","1"
"ha.","1"
"haq","1"
"heg","1"
"hid","1"
"ho!","1"
"ho-","1"
"ho;","1"
"hs;","1"
"hs?","1"
"hàb","1"
"háb","1"
"hé!","1"
"hé,","1"
"hí ","1"
"hí,","1"
"hía","1"
"hî:","1"
"hó ","1"
"hón","1"
"i  ","1"
"i M","1"
"i x","1"
"i ¡","1"
"i «","1"
"i à","1"
"i-c","1"
"i.-","1"
"i? ","1"
"i?""","1"
"i?,","1"
"i?.","1"
"iab","1"
"ia»","1"
"ia”","1"
"ibè","1"
"ibó","1"
"ic.","1"
"ic;","1"
"icl","1"
"icr","1"
"icí","1"
"id.","1"
"idì","1"
"ie ","1"
"ie!","1"
"ifà","1"
"ig!","1"
"ig?","1"
"igl","1"
"igm","1"
"iis","1"
"ije","1"
"ilu","1"
"imf","1"
"imé","1"
"inh","1"
"inç","1"
"inò","1"
"iot","1"
"ip ","1"
"ip-","1"
"ipn","1"
"ips","1"
"ipt","1"
"ipè","1"
"irg","1"
"iró","1"
"is!","1"
"is-","1"
"isf","1"
"isg","1"
"isè","1"
"isô","1"
"it:","1"
"itè","1"
"iu:","1"
"iun","1"
"iví","1"
"ix:","1"
"ixt","1"
"ixé","1"
"ixó","1"
"izo","1"
"ià!","1"
"ià;","1"
"iç!","1"
"iç,","1"
"iça","1"
"ié,","1"
"iïs","1"
"iño","1"
"iò,","1"
"iòn","1"
"ió;","1"
"iô.","1"
"ja)","1"
"jas","1"
"jaç","1"
"je ","1"
"jei","1"
"jid","1"
"jog","1"
"jul","1"
"jup","1"
"jà,","1"
"jà:","1"
"jàr","1"
"já'","1"
"jáv","1"
"jés","1"
"jô ","1"
"l  ","1"
"l B","1"
"l G","1"
"l I","1"
"l T","1"
"l u","1"
"l z","1"
"l ¿","1"
"l é","1"
"l)]","1"
"l- ","1"
"l.-","1"
"l.]","1"
"l?""","1"
"l?.","1"
"la)","1"
"la?","1"
"lae","1"
"laj","1"
"lao","1"
"laq","1"
"lbe","1"
"lbi","1"
"lci","1"
"lcr","1"
"lcu","1"
"lcà","1"
"lcò","1"
"lcú","1"
"ldo","1"
"le-","1"
"lea","1"
"leb","1"
"lef","1"
"leí","1"
"leó","1"
"lf ","1"
"lfi","1"
"lgá","1"
"lgè","1"
"lha","1"
"lhu","1"
"li'","1"
"li;","1"
"lil","1"
"lip","1"
"llv","1"
"llâ","1"
"llé","1"
"lm ","1"
"lmi","1"
"lmè","1"
"lmí","1"
"lne","1"
"lo'","1"
"loa","1"
"lof","1"
"lol","1"
"loy","1"
"lp,","1"
"lso","1"
"lsu","1"
"lsí","1"
"lt;","1"
"lto","1"
"lu ","1"
"lu-","1"
"lub","1"
"lul","1"
"luv","1"
"lve","1"
"lvi","1"
"lvo","1"
"lza","1"
"lzi","1"
"làc","1"
"làr","1"
"lá""","1"
"lá)","1"
"lán","1"
"lás","1"
"lâ ","1"
"lâ'","1"
"lâ.","1"
"lç ","1"
"lçô","1"
"lè.","1"
"lí.","1"
"lím","1"
"lís","1"
"lî;","1"
"lïa","1"
"lïó","1"
"lò,","1"
"lò.","1"
"lòb","1"
"lòd","1"
"lòg","1"
"lòr","1"
"ló;","1"
"lô,","1"
"lô;","1"
"lôs","1"
"l’I","1"
"l’h","1"
"l’à","1"
"m B","1"
"m R","1"
"m j","1"
"m á","1"
"m'i","1"
"ma)","1"
"ma;","1"
"mab","1"
"map","1"
"mb,","1"
"mbs","1"
"mbà","1"
"mbò","1"
"me-","1"
"mec","1"
"meg","1"
"mej","1"
"mey","1"
"mf,","1"
"mf?","1"
"mfe","1"
"mi'","1"
"mim","1"
"mix","1"
"mià","1"
"mna","1"
"mno","1"
"mní","1"
"mo,","1"
"mob","1"
"moï","1"
"mre","1"
"mst","1"
"mug","1"
"mà:","1"
"mà?","1"
"màq","1"
"màr","1"
"màt","1"
"má ","1"
"má.","1"
"más","1"
"mèl","1"
"mèn","1"
"mèt","1"
"míe","1"
"mòb","1"
"mòd","1"
"mòs","1"
"mòv","1"
"mô.","1"
"mú.","1"
"múr","1"
"n  ","1"
"n A","1"
"n C","1"
"n G","1"
"n Q","1"
"n S","1"
"n _","1"
"n! ","1"
"n!""","1"
"n'.","1"
"n'A","1"
"n'i","1"
"n'o","1"
"n'á","1"
"n-l","1"
"na'","1"
"na_","1"
"nab","1"
"nap","1"
"na’","1"
"nc!","1"
"ncè","1"
"ncò","1"
"nd,","1"
"ndà","1"
"ndò","1"
"ndó","1"
"ndú","1"
"ne!","1"
"nef","1"
"neh","1"
"nep","1"
"nev","1"
"ney","1"
"neï","1"
"nfà","1"
"nfó","1"
"ng,","1"
"ngn","1"
"ngs","1"
"ngt","1"
"ngí","1"
"nha","1"
"nhà","1"
"ni?","1"
"nig","1"
"nil","1"
"nià","1"
"niè","1"
"nju","1"
"njá","1"
"nma","1"
"nmi","1"
"nmu","1"
"nne","1"
"nnú","1"
"no:","1"
"ns:","1"
"nsf","1"
"ntv","1"
"ntá","1"
"ntâ","1"
"ntè","1"
"nté","1"
"ntî","1"
"ntô","1"
"ntú","1"
"nu,","1"
"nus","1"
"nva","1"
"nvu","1"
"nví","1"
"nxe","1"
"nxo","1"
"nxó","1"
"ny!","1"
"nyé","1"
"nyò","1"
"nà;","1"
"nàn","1"
"nám","1"
"nás","1"
"náu","1"
"nâ ","1"
"nç ","1"
"nçe","1"
"nçò","1"
"nèm","1"
"nèr","1"
"nél","1"
"ní:","1"
"níe","1"
"níf","1"
"nín","1"
"nò ","1"
"nòn","1"
"nòs","1"
"nó'","1"
"nô ","1"
"nô,","1"
"núm","1"
"nún","1"
"núu","1"
"o  ","1"
"o! ","1"
"o),","1"
"o)]","1"
"o-a","1"
"o-r","1"
"o? ","1"
"o?-","1"
"oa ","1"
"oag","1"
"oal","1"
"oaq","1"
"ob ","1"
"obd","1"
"obá","1"
"obâ","1"
"oc;","1"
"occ","1"
"ocà","1"
"ocè","1"
"odu","1"
"odï","1"
"oe ","1"
"oeg","1"
"ofu","1"
"ofè","1"
"ofé","1"
"oge","1"
"ogo","1"
"ogà","1"
"ohe","1"
"ohi","1"
"oi,","1"
"oi.","1"
"oi?","1"
"oic","1"
"oin","1"
"oió","1"
"oji","1"
"ol)","1"
"ol-","1"
"ol:","1"
"olf","1"
"olq","1"
"olv","1"
"olà","1"
"olè","1"
"olé","1"
"olê","1"
"olî","1"
"oló","1"
"omà","1"
"omò","1"
"omú","1"
"on!","1"
"on'","1"
"on:","1"
"on;","1"
"onn","1"
"onr","1"
"onâ","1"
"oop","1"
"op:","1"
"opd","1"
"or_","1"
"orá","1"
"orâ","1"
"orî","1"
"os:","1"
"os?","1"
"osé","1"
"ot!","1"
"ot'","1"
"ot:","1"
"otd","1"
"otl","1"
"otà","1"
"otè","1"
"oua","1"
"oue","1"
"ovo","1"
"ox ","1"
"oy ","1"
"oyr","1"
"oça","1"
"oèt","1"
"oí,","1"
"oïa","1"
"oïd","1"
"oïn","1"
"p f","1"
"p h","1"
"p o","1"
"p p","1"
"p r","1"
"p t","1"
"p y","1"
"p! ","1"
"p-x","1"
"p. ","1"
"p1a","1"
"p: ","1"
"p? ","1"
"pa!","1"
"pa.","1"
"pa:","1"
"paf","1"
"paç","1"
"paï","1"
"pbu","1"
"pdi","1"
"pe ","1"
"peb","1"
"peq","1"
"pfi","1"
"pgi","1"
"ph ","1"
"pho","1"
"pip","1"
"plà","1"
"plá","1"
"pnò","1"
"poa","1"
"poi","1"
"pou","1"
"poè","1"
"prí","1"
"pró","1"
"ps-","1"
"psa","1"
"pse","1"
"ptà","1"
"pua","1"
"pue","1"
"pàn","1"
"pèt","1"
"pèu","1"
"pél","1"
"pés","1"
"pês","1"
"pí ","1"
"pí,","1"
"pí.","1"
"pía","1"
"pín","1"
"pòl","1"
"pòn","1"
"pó.","1"
"pól","1"
"quo","1"
"qüè","1"
"r B","1"
"r C","1"
"r D","1"
"r T","1"
"r ¿","1"
"r à","1"
"r é","1"
"r “","1"
"r! ","1"
"r!-","1"
"r'a","1"
"r)]","1"
"r.-","1"
"r;""","1"
"r;.","1"
"r?""","1"
"r_,","1"
"ra)","1"
"raí","1"
"rbó","1"
"rc ","1"
"rc.","1"
"rcs","1"
"rcu","1"
"rd.","1"
"rds","1"
"re)","1"
"ree","1"
"reo","1"
"rex","1"
"reï","1"
"reò","1"
"rfi","1"
"rg,","1"
"rg.","1"
"rgà","1"
"rhi","1"
"ri:","1"
"riç","1"
"riô","1"
"rju","1"
"rjá","1"
"rll","1"
"rlá","1"
"rná","1"
"ro!","1"
"ro)","1"
"roa","1"
"roh","1"
"roç","1"
"roí","1"
"rpl","1"
"rpo","1"
"rpè","1"
"rrò","1"
"rs'","1"
"rs?","1"
"rsu","1"
"rt)","1"
"rt?","1"
"rto","1"
"rtá","1"
"ru ","1"
"rub","1"
"rul","1"
"ruo","1"
"rvà","1"
"rví","1"
"rxe","1"
"ràb","1"
"ràf","1"
"ràg","1"
"ràm","1"
"ràr","1"
"ràv","1"
"rá'","1"
"rág","1"
"rár","1"
"ráv","1"
"râ ","1"
"rç ","1"
"rç.","1"
"rç:","1"
"rço","1"
"rçó","1"
"rè,","1"
"rè.","1"
"rèc","1"
"rèd","1"
"rèi","1"
"rèl","1"
"rèm","1"
"rèy","1"
"ré.","1"
"réi","1"
"rí!","1"
"rí;","1"
"rí?","1"
"ríf","1"
"ríl","1"
"rín","1"
"río","1"
"rít","1"
"rî ","1"
"rî,","1"
"rò.","1"
"ròq","1"
"róx","1"
"rúp","1"
"rüe","1"
"s !","1"
"s -","1"
"s .","1"
"s E","1"
"s F","1"
"s Q","1"
"s T","1"
"s é","1"
"s!!","1"
"s!-","1"
"s"" ","1"
"s'A","1"
"s'u","1"
"s,d","1"
"s?-","1"
"sa-","1"
"saj","1"
"sao","1"
"saí","1"
"sc.","1"
"scè","1"
"scô","1"
"scú","1"
"se:","1"
"seh","1"
"sex","1"
"seí","1"
"sgo","1"
"she","1"
"si!","1"
"siñ","1"
"siô","1"
"smà","1"
"smò","1"
"snu","1"
"soj","1"
"spé","1"
"spê","1"
"spó","1"
"ssâ","1"
"ssò","1"
"st;","1"
"sté","1"
"stï","1"
"stü","1"
"sue","1"
"sxo","1"
"s» ","1"
"sà,","1"
"sà.","1"
"sàr","1"
"sàv","1"
"sá,","1"
"sá;","1"
"sâ ","1"
"sça","1"
"sèp","1"
"sèr","1"
"sé'","1"
"sé,","1"
"séu","1"
"sí.","1"
"sí?","1"
"síe","1"
"sín","1"
"sóc","1"
"sós","1"
"sô ","1"
"sús","1"
"s’e","1"
"t (","1"
"t -","1"
"t .","1"
"t A","1"
"t D","1"
"t N","1"
"t í","1"
"t ú","1"
"t!¡","1"
"t,.","1"
"t,a","1"
"t- ","1"
"t-i","1"
"t-t","1"
"t?""","1"
"ta'","1"
"ta-","1"
"tai","1"
"tdu","1"
"tep","1"
"te’","1"
"the","1"
"ti:","1"
"tib","1"
"tii","1"
"tij","1"
"tix","1"
"tji","1"
"tjà","1"
"tmè","1"
"to,","1"
"tog","1"
"toi","1"
"toj","1"
"toq","1"
"tr'","1"
"trò","1"
"ts!","1"
"ts?","1"
"tu!","1"
"tu;","1"
"tuf","1"
"tui","1"
"tuï","1"
"tvi","1"
"txd","1"
"txp","1"
"tzu","1"
"tzà","1"
"tà.","1"
"tàc","1"
"tàt","1"
"tál","1"
"tán","1"
"táv","1"
"tâ:","1"
"tèr","1"
"té.","1"
"té;","1"
"tén","1"
"téu","1"
"tíc","1"
"tíe","1"
"tír","1"
"tî;","1"
"tïá","1"
"tòn","1"
"tóm","1"
"tô.","1"
"tô?","1"
"tú,","1"
"túr","1"
"tüo","1"
"t’e","1"
"u  ","1"
"u -","1"
"u P","1"
"u R","1"
"u S","1"
"u x","1"
"u!""","1"
"u!-","1"
"u'm","1"
"u'o","1"
"u,.","1"
"u-d","1"
"u-g","1"
"u-m","1"
"u-n","1"
"u-r","1"
"u?-","1"
"ua:","1"
"uag","1"
"uam","1"
"ubm","1"
"ubè","1"
"ubé","1"
"ucà","1"
"ucó","1"
"udâ","1"
"ue!","1"
"ue-","1"
"ueg","1"
"ueï","1"
"ufi","1"
"ufl","1"
"ufà","1"
"ugm","1"
"ugn","1"
"ugr","1"
"ugà","1"
"ugâ","1"
"ugí","1"
"ui-","1"
"ul ","1"
"ulc","1"
"uli","1"
"uln","1"
"ulï","1"
"um-","1"
"um:","1"
"umá","1"
"umó","1"
"un,","1"
"unà","1"
"uot","1"
"up.","1"
"uqu","1"
"ur,","1"
"urb","1"
"urq","1"
"urx","1"
"uró","1"
"us!","1"
"us;","1"
"uso","1"
"usà","1"
"utg","1"
"utx","1"
"utà","1"
"utó","1"
"uxi","1"
"uy,","1"
"uym","1"
"uyr","1"
"uà ","1"
"uà:","1"
"uá ","1"
"uè?","1"
"uès","1"
"uér","1"
"uí""","1"
"uí;","1"
"uïa","1"
"uïn","1"
"va'","1"
"va)","1"
"va?","1"
"vae","1"
"vaj","1"
"vaq","1"
"vau","1"
"ve'","1"
"ve.","1"
"vi.","1"
"viï","1"
"vió","1"
"vog","1"
"voq","1"
"vox","1"
"vá'","1"
"vèn","1"
"vé!","1"
"vén","1"
"vér","1"
"ví,","1"
"víc","1"
"víe","1"
"vós","1"
"x f","1"
"x h","1"
"x i","1"
"x n","1"
"x y","1"
"x! ","1"
"x. ","1"
"x.""","1"
"x: ","1"
"xa'","1"
"xa-","1"
"xa;","1"
"xa?","1"
"xap","1"
"xdi","1"
"xe,","1"
"xeb","1"
"xej","1"
"xeq","1"
"xet","1"
"xib","1"
"xig","1"
"xiq","1"
"xiv","1"
"xol","1"
"xop","1"
"xot","1"
"xur","1"
"xés","1"
"xí!","1"
"xí:","1"
"xò!","1"
"xò'","1"
"xò.","1"
"y ""","1"
"y R","1"
"y i","1"
"y j","1"
"y o","1"
"y x","1"
"y ¿","1"
"y!.","1"
"y-m","1"
"y..","1"
"ya'","1"
"ya?","1"
"ye-","1"
"ygu","1"
"yid","1"
"yim","1"
"yir","1"
"yis","1"
"ym ","1"
"yna","1"
"yne","1"
"yo ","1"
"ys!","1"
"ys:","1"
"ysó","1"
"yés","1"
"yí ","1"
"yò,","1"
"yó!","1"
"yó.","1"
"yós","1"
"zab","1"
"zav","1"
"zei","1"
"zej","1"
"zem","1"
"zer","1"
"zes","1"
"zig","1"
"zur","1"
"zà ","1"
"zí ","1"
"zía","1"
"zó.","1"
"¡ P","1"
"¡An","1"
"¡Ca","1"
"¡Di","1"
"¡Do","1"
"¡Dé","1"
"¡En","1"
"¡Es","1"
"¡Fo","1"
"¡Gr","1"
"¡La","1"
"¡No","1"
"¡Pe","1"
"¡Re","1"
"¡Tu","1"
"¡ai","1"
"¡be","1"
"¡l'","1"
"¡po","1"
"¡qu","1"
"¡va","1"
"«-E","1"
"«Es","1"
"·LE","1"
"·lí","1"
"» -","1"
"» P","1"
"»No","1"
"¿ C","1"
"¿ P","1"
"¿ Q","1"
"¿ V","1"
"¿Ca","1"
"¿Cr","1"
"¿D'","1"
"¿Pl","1"
"¿So","1"
"¿Va","1"
"¿ah","1"
"¿am","1"
"¿ca","1"
"¿de","1"
"¿el","1"
"¿es","1"
"¿no","1"
"¿t'","1"
"à  ","1"
"à h","1"
"à o","1"
"à x","1"
"à à","1"
"à! ","1"
"àfe","1"
"àlc","1"
"àmi","1"
"ànd","1"
"àpa","1"
"àqu","1"
"àrt","1"
"àti","1"
"àto","1"
"àtu","1"
"àve","1"
"á R","1"
"á n","1"
"á t","1"
"á v","1"
"á)]","1"
"ábi","1"
"áci","1"
"ági","1"
"ála","1"
"ámb","1"
"án.","1"
"áne","1"
"ánf","1"
"ány","1"
"árb","1"
"ári","1"
"árr","1"
"ás,","1"
"ás;","1"
"ásc","1"
"ást","1"
"áuf","1"
"â e","1"
"â l","1"
"â p","1"
"ç l","1"
"ç o","1"
"ç p","1"
"ç y","1"
"ç ú","1"
"ç! ","1"
"ç..","1"
"ç; ","1"
"ça:","1"
"ça;","1"
"ça?","1"
"çal","1"
"çap","1"
"çdo","1"
"çes","1"
"çol","1"
"çon","1"
"çud","1"
"çò ","1"
"çós","1"
"çô.","1"
"è c","1"
"è f","1"
"è é","1"
"è.""","1"
"è?.","1"
"èie","1"
"èl,","1"
"èl.","1"
"èlu","1"
"èl·","1"
"èmi","1"
"èmu","1"
"èns","1"
"ènu","1"
"èpe","1"
"èpt","1"
"èrg","1"
"èrr","1"
"ès)","1"
"ès:","1"
"èst","1"
"èto","1"
"èu,","1"
"èue","1"
"èus","1"
"èxi","1"
"é i","1"
"é r","1"
"é!.","1"
"é; ","1"
"é?.","1"
"écs","1"
"éle","1"
"élo","1"
"éns","1"
"és:","1"
"és;","1"
"ést","1"
"ét ","1"
"éta","1"
"éua","1"
"ê s","1"
"ês ","1"
"ìcu","1"
"í (","1"
"í ,","1"
"í b","1"
"í r","1"
"í"".","1"
"í,q","1"
"í:-","1"
"ía:","1"
"íam","1"
"íct","1"
"íeu","1"
"íle","1"
"ímb","1"
"ínc","1"
"ínx","1"
"ío)","1"
"íri","1"
"írr","1"
"íso","1"
"ít ","1"
"ít.","1"
"íti","1"
"íts","1"
"î a","1"
"î d","1"
"î, ","1"
"ïan","1"
"ïde","1"
"ïno","1"
"ïns","1"
"ïos","1"
"ïs.","1"
"ït,","1"
"ït.","1"
"ït:","1"
"ït;","1"
"ïta","1"
"ñol","1"
"ò D","1"
"ò f","1"
"ò h","1"
"ò p","1"
"ò v","1"
"ò!.","1"
"ò'l","1"
"ò. ","1"
"ò? ","1"
"ò?.","1"
"òbi","1"
"òbu","1"
"ògi","1"
"ògn","1"
"òle","1"
"òn ","1"
"òn!","1"
"ònd","1"
"ònt","1"
"òpu","1"
"òqu","1"
"òvi","1"
"ó C","1"
"ó b","1"
"ó h","1"
"ó o","1"
"ó r","1"
"ó u","1"
"ó! ","1"
"ó'l","1"
"ó,.","1"
"ó.""","1"
"ó; ","1"
"ólv","1"
"óma","1"
"ón;","1"
"ón?","1"
"ónd","1"
"óne","1"
"órd","1"
"ós:","1"
"ós?","1"
"óxi","1"
"ô c","1"
"ô p","1"
"ô x","1"
"ô?.","1"
"ôs.","1"
"ú a","1"
"ú f","1"
"ú g","1"
"ú i","1"
"ú m","1"
"ú n","1"
"ú r","1"
"ú s","1"
"ú v","1"
"ú'n","1"
"ú. ","1"
"ú..","1"
"ú: ","1"
"ú; ","1"
"úlc","1"
"úme","1"
"únc","1"
"úne","1"
"úrr","1"
"úsi","1"
"úvi","1"
"üe,","1"
"üos","1"
"üèn","1"
"’Es","1"
"’In","1"
"’a ","1"
"’ab","1"
"’ac","1"
"’ag","1"
"’an","1"
"’ap","1"
"’aq","1"
"’at","1"
"’av","1"
"’em","1"
"’he","1"
"’hè","1"
"’il","1"
"’l ","1"
"’l!","1"
"’m ","1"
"’or","1"
"’s ","1"
"’ur","1"
"’àv","1"
"“Ho","1"
"“Pa","1"
"“Si","1"
"“fa","1"
"“¿ ","1"
"”, ","1"
