"   ","5823"
"===","1082"
" <<","701"
"<< ","701"
" co","400"
"cou","346"
"  c","302"
"< ""","295"
"out","294"
"t <","289"
"ut ","277"
"end","266"
" en","233"
""" <","233"
"< e","226"
"ndl","219"
"dl;","215"
" "" ","200"
"int","179"
"str","172"
" = ","168"
"ons","152"
") {","146"
"con","146"
"  }","139"
"nst","139"
"// ","136"
": ""","127"
"ing","123"
"st ","114"
"ion","108"
" //","105"
"  /","102"
" ==","101"
"ter","98"
"() ","96"
"rin","96"
" st","95"
"tio","95"
"tri","92"
" re","91"
"nt ","91"
"oun","84"
"unt","84"
") <","79"
"e <","78"
"ate","75"
" de","74"
"== ","73"
"tur","72"
"de ","69"
"rat","69"
"ata","67"
"aut","67"
"uto","67"
"ble","66"
"rea","66"
"val","66"
"le ","64"
"  v","63"
"(co","63"
"), ","63"
"for","63"
"etu","62"
"ret","62"
"urn","62"
"or ","61"
"emo","60"
"ile","60"
"tor","60"
" au","58"
" in","58"
"ati","58"
"num","58"
"ubl","58"
"inc","57"
"res","57"
"rn ","57"
"();","56"
"ari","56"
"bro","56"
"ibr","56"
"  s","55"
"ng ","55"
"clu","54"
"ect","54"
"ncl","54"
" va","53"
"lud","53"
"ude","53"
"#in","52"
"dat","52"
"  f","51"
"nte","51"
" fo","50"
"dem","50"
"id ","49"
"nd(","49"
"  i","48"
"per","48"
"uar","48"
"ame","47"
"oid","47"
"voi","47"
"  r","46"
" : ","46"
"<in","46"
"alu","46"
"era","46"
"lue","46"
"sta","46"
"ver","46"
" "";","45"
"(),","45"
"er ","45"
"tra","45"
") c","44"
"ed ","44"
"oin","44"
"to ","44"
""");","43"
"ite","43"
"EMO","42"
"d()","42"
"rio","42"
"sua","42"
" DE","41"
"fil","41"
"its","41"
"ser","41"
" ""\","40"
"""\n","40"
"  a","39"
"DEM","39"
"emp","39"
"vec","39"
"nt>","37"
"pla","37"
" it","36"
"(in","36"
".en","36"
"lib","36"
"nam","36"
", ""","35"
"ack","35"
"al ","35"
"n()","35"
"on ","35"
"r (","35"
"thr","35"
"ult","35"
" bi","34"
" if","34"
"="" ","34"
"==""","34"
"in(","34"
" da","33"
" is","33"
" nu","33"
"\n=","33"
"ers","33"
"f (","33"
"if ","33"
"mpl","33"
"n==","33"
" vo","32"
"= ""","32"
"MO ","32"
"O =","32"
"cat","32"
"dou","32"
"oub","32"
"est","31"
"lic","31"
"ord","31"
"tat","31"
"  b","30"
" li","30"
"ato","30"
"gin","30"
"hre","30"
"lat","30"
"red","30"
"tem","30"
"())","29"
"beg","29"
"cto","29"
"egi","29"
"er(","29"
"erv","29"
"ine","29"
"las","29"
"s.e","29"
"t {","29"
"t()","29"
"ue ","29"
""", ","28"
"/ =","28"
"bit","28"
"bli","28"
"bse","28"
"ope","28"
"que","28"
"rve","28"
"t =","28"
"t a","28"
"t i","28"
"t s","28"
" ca","27"
" i ","27"
" op","27"
" us","27"
"ass","27"
"err","27"
"tac","27"
"ums","27"
"ype","27"
"  d","26"
" { ","26"
""" ""","26"
"));","26"
".be","26"
"Poi","26"
"_co","26"
"ead","26"
"eam","26"
"nt(","26"
"ove","26"
"pub","26"
"tre","26"
"x) ","26"
"Sta","25"
"cla","25"
"e()","25"
"e_t","25"
"ime","25"
"t, ","25"
" Po","24"
" fi","24"
" th","24"
" ve","24"
"_re","24"
"der","24"
"eri","24"
"iqu","24"
"is_","24"
"niq","24"
"ont","24"
"or<","24"
"our","24"
"typ","24"
"uni","24"
" (c","23"
" 0;","23"
" no","23"
" sh","23"
")) ","23"
"; }","23"
"ent","23"
"g& ","23"
"get","23"
"her","23"
"loc","23"
"ng&","23"
"nt2","23"
"ost","23"
"set","23"
"t2D","23"
"wor","23"
" an","22"
" po","22"
"< i","22"
"= 0","22"
"Lib","22"
"ape","22"
"ed_","22"
"eso","22"
"hap","22"
"har","22"
"ios","22"
"me ","22"
"mon","22"
"sha","22"
"ss ","22"
"tic","22"
"{ r","22"
" * ","21"
" ++","21"
"ION","21"
"Usu","21"
"adi","21"
"ber","21"
"dis","21"
"ic ","21"
"ind","21"
"it ","21"
"ms.","21"
"nd ","21"
"ned","21"
"obs","21"
"reg","21"
"to&","21"
"usu","21"
" (i","20"
" 10","20"
"(x)","20"
") =","20"
", i","20"
"and","20"
"e) ","20"
"ena","20"
"er.","20"
"ic:","20"
"ist","20"
"mul","20"
"o& ","20"
"pri","20"
"rce","20"
"sou","20"
"t> ","20"
"tal","20"
"tim","20"
"urc","20"
"  t","19"
" ar","19"
" ma","19"
" un","19"
"< c","19"
"< s","19"
"TIO","19"
"arr","19"
"cti","19"
"e {","19"
"ibl","19"
"log","19"
"ple","19"
"ros","19"
" St","18"
" do","18"
" ra","18"
"<st","18"
"Res","18"
"ain","18"
"are","18"
"ash","18"
"bje","18"
"ege","18"
"ic_","18"
"iti","18"
"ize","18"
"jec","18"
"le(","18"
"llo","18"
"mbe","18"
"ner","18"
"ow ","18"
"pen","18"
"pti","18"
"r()","18"
"siz","18"
"te_","18"
"unc","18"
" ""S","17"
" + ","17"
" Fi","17"
" Re","17"
" ex","17"
" ob","17"
", n","17"
"0; ","17"
"_st","17"
"abl","17"
"atu","17"
"cep","17"
"d d","17"
"e: ","17"
"ept","17"
"len","17"
"n) ","17"
"nta","17"
"ogo","17"
"r<i","17"
"s) ","17"
"s.b","17"
"t o","17"
"the","17"
"xce","17"
"  o","16"
" < ","16"
" mu","16"
" na","16"
" pr","16"
" vi","16"
"++i","16"
", 1","16"
"1, ","16"
">::","16"
"Fil","16"
"ON ","16"
"\n""","16"
"ace","16"
"all","16"
"ard","16"
"bac","16"
"bib","16"
"ck(","16"
"hro","16"
"isi","16"
"le>","16"
"mpt","16"
"one","16"
"os ","16"
"oth","16"
"pos","16"
"pty","16"
"ray","16"
"ric","16"
"rra","16"
"t: ","16"
"ted","16"
"umb","16"
"ume","16"
" al","15"
" em","15"
" id","15"
"""St","15"
"(nu","15"
", c","15"
"; +","15"
"; i","15"
"<ty","15"
"ONS","15"
"Obs","15"
"[](","15"
"ado","15"
"arg","15"
"ce ","15"
"cle","15"
"ec.","15"
"eng","15"
"has","15"
"ib.","15"
"ide","15"
"ipl","15"
"lti","15"
"men","15"
"nct","15"
"on(","15"
"ran","15"
"rde","15"
"ria","15"
"sh_","15"
"tai","15"
"tch","15"
"te:","15"
"tes","15"
"tip","15"
"ts1","15"
"ush","15"
" ""i","14"
" T&","14"
" ge","14"
" ot","14"
" te","14"
" wo","14"
"); ","14"
", 3","14"
"/ S","14"
"0, ","14"
"= s","14"
"T& ","14"
"_da","14"
"alo","14"
"ang","14"
"app","14"
"com","14"
"d <","14"
"ere","14"
"exp","14"
"fun","14"
"gth","14"
"i <","14"
"i) ","14"
"isb","14"
"iva","14"
"mos","14"
"n"";","14"
"nde","14"
"ng>","14"
"ngt","14"
"now","14"
"os.","14"
"pli","14"
"ppe","14"
"pus","14"
"raw","14"
"ren","14"
"riv","14"
"rs.","14"
"sbn","14"
"ta.","14"
"tan","14"
"tex","14"
"tit","14"
"ue_","14"
"use","14"
"vat","14"
" "",","13"
" Co","13"
" ha","13"
" la","13"
" of","13"
" ov","13"
" si","13"
"(fi","13"
") :","13"
"100","13"
"CTI","13"
"Sha","13"
"_di","13"
"_ma","13"
"_va","13"
"ali","13"
"amb","13"
"bda","13"
"d a","13"
"er)","13"
"er_","13"
"i =","13"
"is ","13"
"ith","13"
"mbd","13"
"me_","13"
"n a","13"
"n d","13"
"omb","13"
"ond","13"
"or(","13"
"r) ","13"
"rad","13"
"s =","13"
"t T","13"
"tus","13"
"var","13"
"y()","13"
"  u","12"
" ""✓","12"
" []","12"
" cl","12"
" fu","12"
" su","12"
" tr","12"
" wi","12"
" {}","12"
"""is","12"
"""✓ ","12"
"& o","12"
"+i)","12"
", 5","12"
"0) ","12"
"2 =","12"
"5, ","12"
"::v","12"
":va","12"
"< a","12"
"< n","12"
"< p","12"
"= i","12"
"C++","12"
"Cou","12"
"S =","12"
"Wra","12"
"atc","12"
"boo","12"
"ch ","12"
"ct ","12"
"eWr","12"
"ed""","12"
"fin","12"
"gex","12"
"irt","12"
"lac","12"
"leW","12"
"mem","12"
"mer","12"
"nce","12"
"nt_","12"
"o()","12"
"ock","12"
"ool","12"
"poi","12"
"pre","12"
"rap","12"
"rar","12"
"row","12"
"rtu","12"
"ste","12"
"ta ","12"
"te<","12"
"th ","12"
"tom","12"
"tua","12"
"ual","12"
"us ","12"
" ""A","11"
" ""C","11"
" ""R","11"
" ou","11"
" to","11"
"(10","11"
".\n","11"
".fi","11"
".pu","11"
"< l","11"
"= M","11"
"ATI","11"
"STR","11"
"_ba","11"
"_ve","11"
"act","11"
"att","11"
"d"" ","11"
"diu","11"
"e<t","11"
"eco","11"
"eme","11"
"er;","11"
"ern","11"
"esu","11"
"exc","11"
"hol","11"
"ius","11"
"le)","11"
"n: ","11"
"nio","11"
"nor","11"
"ol ","11"
"old","11"
"orm","11"
"orw","11"
"r <","11"
"r =","11"
"r c","11"
"r_v","11"
"rid","11"
"rri","11"
"rwa","11"
"s()","11"
"sec","11"
"sit","11"
"sul","11"
"t v","11"
"ta)","11"
"tad","11"
"ty(","11"
"ure","11"
"vir","11"
"war","11"
" !=","10"
" "")","10"
" ""U","10"
" CO","10"
" })","10"
" };","10"
"!= ","10"
", 2","10"
", l","10"
"/ C","10"
"0);","10"
"3, ","10"
":"" ","10"
"< v","10"
"= c","10"
"Con","10"
"Dat","10"
"ING","10"
"NST","10"
"Pre","10"
"RAT","10"
"S D","10"
"TRA","10"
"](i","10"
"ar ","10"
"art","10"
"ast","10"
"bin","10"
"c_c","10"
"clo","10"
"d =","10"
"d, ","10"
"din","10"
"e(""","10"
"ega","10"
"em)","10"
"en ","10"
"his","10"
"map","10"
"nal","10"
"ne_","10"
"nt;","10"
"o->","10"
"oca","10"
"of ","10"
"on:","10"
"os)","10"
"rit","10"
"ro ","10"
"ro(","10"
"ror","10"
"rro","10"
"s1 ","10"
"se(","10"
"st_","10"
"sub","10"
"t) ","10"
"te ","10"
"tru","10"
"ubj","10"
"uti","10"
"vis","10"
"ze_","10"
"});","10"
"  P","9"
" ""H","9"
" ""b","9"
" 5;","9"
" Sh","9"
" bo","9"
" fa","9"
" os","9"
" pu","9"
" } ","9"
"""Re","9"
", 4","9"
", P","9"
", d","9"
".0)","9"
"2D ","9"
"= C","9"
"= {","9"
"AND","9"
"IVE","9"
"_t ","9"
"_th","9"
"a) ","9"
"afe","9"
"ait","9"
"anc","9"
"ant","9"
"any","9"
"bre","9"
"cas","9"
"ck ","9"
"cop","9"
"d p","9"
"d(i","9"
"d_m","9"
"dex","9"
"e =","9"
"e T","9"
"e d","9"
"e s","9"
"e"")","9"
"e> ","9"
"epl","9"
"es ","9"
"ess","9"
"ete","9"
"eve","9"
"flo","9"
"gar","9"
"gre","9"
"h (","9"
"lam","9"
"loa","9"
"max","9"
"me(","9"
"met","9"
"mor","9"
"nt,","9"
"o i","9"
"o, ","9"
"oIt","9"
"opy","9"
"osi","9"
"rLi","9"
"rd ","9"
"roI","9"
"s, ","9"
"sib","9"
"sin","9"
"sto","9"
"t f","9"
"t>:","9"
"t_s","9"
"ts2","9"
"uct","9"
"ue)","9"
"ust","9"
"ven","9"
"  w","8"
" ""D","8"
" ""F","8"
" ""c","8"
" (a","8"
" C+","8"
" MA","8"
" T>","8"
" ab","8"
" ad","8"
" di","8"
" me","8"
" mo","8"
" pa","8"
" ti","8"
" x ","8"
"& e","8"
"& i","8"
"', ","8"
"(it","8"
", o","8"
"->s","8"
"0))","8"
"00)","8"
"1);","8"
"2, ","8"
"2: ","8"
"2D(","8"
"<do","8"
"= 1","8"
"= [","8"
"= d","8"
">: ","8"
"ACT","8"
"ES ","8"
"ISB","8"
"It ","8"
"MON","8"
"N =","8"
"NG ","8"
"SBN","8"
"Str","8"
"Uni","8"
"] =","8"
"_ar","8"
"_fi","8"
"_it","8"
"a =","8"
"a, ","8"
"ach","8"
"add","8"
"ake","8"
"al_","8"
"am_","8"
"ana","8"
"ase","8"
"c_l","8"
"cal","8"
"ce(","8"
"d->","8"
"d_r","8"
"def","8"
"dos","8"
"e c","8"
"e(c","8"
"e.w","8"
"e<i","8"
"e_c","8"
"ean","8"
"ell","8"
"enc","8"
"er&","8"
"er:","8"
"ex ","8"
"fac","8"
"g n","8"
"gen","8"
"gne","8"
"h_b","8"
"hon","8"
"ian","8"
"ign","8"
"irc","8"
"isp","8"
"itu","8"
"ivo","8"
"ke_","8"
"lar","8"
"lea","8"
"lie","8"
"lig","8"
"mak","8"
"ne ","8"
"nib","8"
"not","8"
"nt:","8"
"o.\","8"
"om ","8"
"omp","8"
"oni","8"
"op(","8"
"ori","8"
"ory","8"
"os(","8"
"p()","8"
"pon","8"
"ptr","8"
"r: ","8"
"rcl","8"
"ry ","8"
"s d","8"
"s e","8"
"s: ","8"
"sho","8"
"spo","8"
"std","8"
"t>(","8"
"t_f","8"
"ta;","8"
"tar","8"
"te(","8"
"teg","8"
"tul","8"
"ula","8"
"ulo","8"
"um ","8"
"uno","8"
"ut_","8"
"wit","8"
"} c","8"
"  F","7"
"  T","7"
"  e","7"
" "":","7"
" ""I","7"
" ""L","7"
" ""O","7"
" ""T","7"
" 3,","7"
" <c","7"
" <s","7"
" Th","7"
" a ","7"
" at","7"
" ch","7"
" ph","7"
" se","7"
" wh","7"
" | ","7"
""": ","7"
"""An","7"
"""He","7"
"""Un","7"
"""bi","7"
"& a","7"
"(au","7"
"(va","7"
"): ","7"
", [","7"
", a","7"
".0,","7"
".em","7"
".mo","7"
"/ A","7"
"/ F","7"
"/ P","7"
"/ R","7"
"/ V","7"
"2);","7"
"4, ","7"
"5; ","7"
"< d","7"
"< t","7"
"= n","7"
"> v","7"
">se","7"
"CON","7"
"Cir","7"
"Cus","7"
"Hel","7"
"It-","7"
"MPL","7"
"TIV","7"
"Thr","7"
"Var","7"
"age","7"
"agr","7"
"am ","7"
"ani","7"
"arL","7"
"arU","7"
"at(","7"
"bn)","7"
"ces","7"
"ch(","7"
"cha","7"
"cre","7"
"ct.","7"
"cta","7"
"d s","7"
"d::","7"
"ds ","7"
"e a","7"
"e p","7"
"e(n","7"
"e);","7"
"e, ","7"
"e_m","7"
"e_r","7"
"eak","7"
"eat","7"
"ene","7"
"erf","7"
"ert","7"
"et(","7"
"et<","7"
"g s","7"
"g, ","7"
"gle","7"
"go.","7"
"hat","7"
"ic<","7"
"ica","7"
"ier","7"
"igh","7"
"imi","7"
"io(","7"
"irs","7"
"ivi","7"
"l v","7"
"lin","7"
"low","7"
"lt;","7"
"m) ","7"
"m_i","7"
"mai","7"
"mat","7"
"mbi","7"
"mes","7"
"mit","7"
"mov","7"
"mut","7"
"n c","7"
"n f","7"
"n_c","7"
"nd-","7"
"nge","7"
"ngl","7"
"nti","7"
"o e","7"
"o l","7"
"olo","7"
"ona","7"
"pat","7"
"pe ","7"
"pho","7"
"pro","7"
"py(","7"
"r(""","7"
"r(c","7"
"rUs","7"
"rep","7"
"rn;","7"
"rs ","7"
"rst","7"
"rt(","7"
"s a","7"
"sed","7"
"sh(","7"
"t P","7"
"t p","7"
"t->","7"
"thi","7"
"ths","7"
"tr(","7"
"ts ","7"
"tte","7"
"ue<","7"
"va1","7"
"w()","7"
"wha","7"
"ze(","7"
"  +","6"
"  m","6"
" ""E","6"
" ""M","6"
" ""P","6"
" ""V","6"
" (!","6"
" - ","6"
" 4,","6"
" 42","6"
" > ","6"
" FU","6"
" I/","6"
" In","6"
" Mo","6"
" a,","6"
" c2","6"
" e)","6"
" e.","6"
" ho","6"
" lo","6"
" n)","6"
" pe","6"
" ru","6"
"""))","6"
""",""","6"
"""Co","6"
"""IS","6"
"""Va","6"
"& [","6"
"& n","6"
"& t","6"
"(""S","6"
"(0)","6"
"(te","6"
") t","6"
"++ ","6"
", '","6"
", p","6"
", u","6"
","" ","6"
".re","6"
".wh","6"
"/ D","6"
"/ T","6"
"0.0","6"
"1 +","6"
"1 =","6"
"1) ","6"
"2 <","6"
"2) ","6"
"2D&","6"
"3) ","6"
"7, ","6"
": p","6"
": v","6"
"< *","6"
"< 1","6"
"<Re","6"
"<T>","6"
"= E","6"
"= F","6"
"= R","6"
"= T","6"
"= f","6"
"= m","6"
"= u","6"
"> i","6"
"> s","6"
">(c","6"
"BN0","6"
"D p","6"
"D& ","6"
"DIN","6"
"Dra","6"
"Exc","6"
"FUN","6"
"I/O","6"
"INA","6"
"Mov","6"
"N00","6"
"NCT","6"
"ND ","6"
"NUM","6"
"RS ","6"
"Rec","6"
"Saf","6"
"UNC","6"
"Wor","6"
"] :","6"
"](c","6"
"_cl","6"
"_er","6"
"_fo","6"
"_if","6"
"_li","6"
"_me","6"
"_nu","6"
"_pa","6"
"_pt","6"
"_ra","6"
"_un","6"
"ala","6"
"am>","6"
"ane","6"
"ar_","6"
"ay ","6"
"aye","6"
"b.m","6"
"but","6"
"c1 ","6"
"c2 ","6"
"ck:","6"
"d m","6"
"d u","6"
"da ","6"
"del","6"
"dom","6"
"e t","6"
"e(i","6"
"e>(","6"
"e>:","6"
"eCo","6"
"e_e","6"
"e_l","6"
"e_p","6"
"e_s","6"
"e_u","6"
"em ","6"
"ema","6"
"er<","6"
"erI","6"
"es1","6"
"esh","6"
"ext","6"
"fer","6"
"fir","6"
"fst","6"
"fte","6"
"g d","6"
"g> ","6"
"ger","6"
"h) ","6"
"ibu","6"
"ixe","6"
"k::","6"
"l <","6"
"l d","6"
"l_d","6"
"lay","6"
"lid","6"
"lim","6"
"man","6"
"mbr","6"
"n n","6"
"n, ","6"
"n_f","6"
"ndo","6"
"ng,","6"
"ng:","6"
"ng_","6"
"nom","6"
"ny_","6"
"oat","6"
"on_","6"
"ort","6"
"osP","6"
"ose","6"
"ot ","6"
"ota","6"
"pes","6"
"pop","6"
"r f","6"
"r o","6"
"r {","6"
"r, ","6"
"rIt","6"
"r_d","6"
"rib","6"
"ro-","6"
"rt ","6"
"rti","6"
"ruc","6"
"run","6"
"s <","6"
"s i","6"
"sPr","6"
"s_n","6"
"se ","6"
"sio","6"
"sse","6"
"st(","6"
"st,","6"
"t m","6"
"t t","6"
"ta[","6"
"thm","6"
"tr<","6"
"und","6"
"ut,","6"
"w r","6"
"xed","6"
"xpr","6"
"y a","6"
"yer","6"
"  <","5"
"  S","5"
"  l","5"
"  p","5"
"  q","5"
" (e","5"
" *i","5"
" --","5"
" 2 ","5"
" 2,","5"
" 3)","5"
" 3.","5"
" 7,","5"
" <f","5"
" AN","5"
" Cu","5"
" Ga","5"
" IN","5"
" PO","5"
" Pr","5"
" RA","5"
" ST","5"
" Te","5"
" Us","5"
" [i","5"
" as","5"
" b)","5"
" fr","5"
" he","5"
" le","5"
" mi","5"
" pl","5"
""" |","5"
"""Fi","5"
"& b","5"
"&& ","5"
"(1)","5"
"(ch","5"
"(ge","5"
"(i)","5"
"(ma","5"
"(re","5"
"(si","5"
"*it","5"
", 6","5"
", 7","5"
", t","5"
"->d","5"
"...","5"
".ag","5"
"/ M","5"
"/ U","5"
"001","5"
"1 <","5"
"1"")","5"
"101","5"
": c","5"
": n","5"
"::m","5"
"::t","5"
"< (","5"
"< b","5"
"< f","5"
"< r","5"
"= S","5"
"= a","5"
"= p","5"
"> c","5"
"AIN","5"
"ASE","5"
"Cat","5"
"E =","5"
"ER ","5"
"ERS","5"
"Int","5"
"LAT","5"
"LE ","5"
"MOR","5"
"Mul","5"
"NS ","5"
"Obj","5"
"PLE","5"
"TER","5"
"TS ","5"
"Tem","5"
"_ca","5"
"_in","5"
"_la","5"
"_le","5"
"_po","5"
"_se","5"
"a()","5"
"a1 ","5"
"abo","5"
"acc","5"
"ads","5"
"ail","5"
"ans","5"
"arc","5"
"as ","5"
"at ","5"
"aul","5"
"ay<","5"
"ayb","5"
"b.a","5"
"be_","5"
"bov","5"
"c.e","5"
"ccu","5"
"ce:","5"
"ce>","5"
"ch)","5"
"che","5"
"cit","5"
"cte","5"
"d o","5"
"ddl","5"
"dic","5"
"div","5"
"dle","5"
"dth","5"
"e ""","5"
"e (","5"
"e C","5"
"e S","5"
"e m","5"
"e r","5"
"e w","5"
"e::","5"
"e_d","5"
"ed:","5"
"efa","5"
"eig","5"
"el ","5"
"en)","5"
"erO","5"
"es.","5"
"etD","5"
"eta","5"
"ex_","5"
"fau","5"
"fec","5"
"g: ","5"
"ght","5"
"hei","5"
"hil","5"
"hou","5"
"ici","5"
"id;","5"
"idd","5"
"idt","5"
"if(","5"
"ifi","5"
"igi","5"
"in ","5"
"k()","5"
"l :","5"
"le""","5"
"le;","5"
"lo""","5"
"lo,","5"
"lor","5"
"may","5"
"mid","5"
"ms2","5"
"n e","5"
"n o","5"
"n);","5"
"nfo","5"
"ns ","5"
"nt.","5"
"nts","5"
"o n","5"
"o p","5"
"o(""","5"
"orl","5"
"ote","5"
"ova","5"
"ow(","5"
"owe","5"
"par","5"
"pe(","5"
"piv","5"
"pr ","5"
"put","5"
"r e","5"
"rOb","5"
"rda","5"
"rds","5"
"rem","5"
"rfe","5"
"rim","5"
"rld","5"
"ron","5"
"ry""","5"
"s (","5"
"s S","5"
"s s","5"
"s.p","5"
"s2)","5"
"s::","5"
"st<","5"
"sum","5"
"t !","5"
"t e","5"
"t n","5"
"tDa","5"
"t_o","5"
"ta(","5"
"tab","5"
"td:","5"
"th(","5"
"tin","5"
"ts<","5"
"tse","5"
"tup","5"
"ty""","5"
"ue:","5"
"upl","5"
"va2","5"
"vab","5"
"van","5"
"ve(","5"
"vot","5"
"wai","5"
"whi","5"
"wid","5"
"x, ","5"
"xpl","5"
"y {","5"
"y"")","5"
"ybe","5"
"{1,","5"
"  ""","4"
"  -","4"
"  ~","4"
" ""N","4"
" ""v","4"
" (C","4"
" (b","4"
" (s","4"
" (t","4"
" (v","4"
" 0)","4"
" 1;","4"
" 5 ","4"
" 5,","4"
" <=","4"
" <a","4"
" <m","4"
" <t","4"
" <u","4"
" <v","4"
" ? ","4"
" Bi","4"
" Di","4"
" FI","4"
" La","4"
" Li","4"
" Mu","4"
" NU","4"
" Ob","4"
" PI","4"
" RE","4"
" T ","4"
" TE","4"
" Va","4"
" Y ","4"
" ac","4"
" b;","4"
" by","4"
" c1","4"
" cv","4"
" du","4"
" er","4"
" ev","4"
" fU","4"
" fl","4"
" n ","4"
" qu","4"
" sy","4"
" ta","4"
" x)","4"
" {1","4"
"""  ","4"
""")""","4"
"""Di","4"
"""El","4"
"""Li","4"
"""Us","4"
"""va","4"
"& d","4"
"&ob","4"
"'a'","4"
"'z'","4"
"(&o","4"
"(1,","4"
"(5,","4"
"(C+","4"
"(do","4"
"(em","4"
"(id","4"
"(li","4"
"(mi","4"
"(n)","4"
"(po","4"
")"" ","4"
"* r","4"
"+it","4"
", T","4"
", s","4"
", v","4"
", y","4"
"---","4"
"->u","4"
".14","4"
".ge","4"
".le","4"
".po","4"
".se","4"
".si","4"
".st","4"
"/ E","4"
"/ L","4"
"/O ","4"
"1 *","4"
"10 ","4"
"102","4"
"10;","4"
"3 =","4"
"3.1","4"
"::g","4"
"::n","4"
":ge","4"
";  ","4"
"< 5","4"
"< g","4"
"< w","4"
"<= ","4"
"<un","4"
"= '","4"
"= A","4"
"= P","4"
"> n","4"
"> t","4"
"> w","4"
">> ","4"
">di","4"
"?\d","4"
"ATE","4"
"Any","4"
"COM","4"
"Dis","4"
"E I","4"
"EMP","4"
"END","4"
"ERI","4"
"EX ","4"
"El ","4"
"FIL","4"
"Fin","4"
"Fix","4"
"G D","4"
"Gam","4"
"Has","4"
"Inf","4"
"Ite","4"
"Lam","4"
"M D","4"
"N D","4"
"NCE","4"
"NTE","4"
"OMP","4"
"PI ","4"
"PLA","4"
"Per","4"
"RAI","4"
"RIT","4"
"RY ","4"
"STL","4"
"Set","4"
"T D","4"
"TAN","4"
"TEM","4"
"TUR","4"
"Tot","4"
"Usr","4"
"VE ","4"
"Vis","4"
"[i]","4"
"[wo","4"
"\d{","4"
"_fl","4"
"_ha","4"
"_lo","4"
"_no","4"
"_of","4"
"_sa","4"
"_t_","4"
"a t","4"
"adS","4"
"alg","4"
"ap<","4"
"arC","4"
"arI","4"
"aw(","4"
"aw_","4"
"ax(","4"
"b) ","4"
"bs2","4"
"c i","4"
"c.b","4"
"cce","4"
"ced","4"
"chr","4"
"ck<","4"
"ct_","4"
"d t","4"
"d) ","4"
"d);","4"
"d: ","4"
"dSa","4"
"dUs","4"
"d] ","4"
"d_a","4"
"d_l","4"
"dar","4"
"day","4"
"ded","4"
"des","4"
"dev","4"
"dig","4"
"do.","4"
"dra","4"
"dur","4"
"dva","4"
"e :","4"
"e I","4"
"e i","4"
"e"",","4"
"e(1","4"
"e(d","4"
"e(f","4"
"e->","4"
"e.c","4"
"eOb","4"
"ea(","4"
"eal","4"
"eci","4"
"ed)","4"
"ed.","4"
"efe","4"
"em_","4"
"emy","4"
"en_","4"
"enu","4"
"esp","4"
"etC","4"
"eue","4"
"ex>","4"
"f(n","4"
"fUs","4"
"f_r","4"
"feC","4"
"fea","4"
"fic","4"
"fo(","4"
"fro","4"
"g t","4"
"g) ","4"
"ge(","4"
"gem","4"
"git","4"
"go(","4"
"gor","4"
"gra","4"
"gua","4"
"gum","4"
"h(&","4"
"h()","4"
"i] ","4"
"ial","4"
"id)","4"
"id,","4"
"idU","4"
"ify","4"
"in_","4"
"ins","4"
"inv","4"
"io ","4"
"io,","4"
"io-","4"
"it)","4"
"it1","4"
"ive","4"
"k i","4"
"k(m","4"
"l c","4"
"l i","4"
"l ~","4"
"ld ","4"
"lds","4"
"le,","4"
"le.","4"
"let","4"
"lex","4"
"lgo","4"
"lis","4"
"ll ","4"
"lon","4"
"los","4"
"lt ","4"
"m <","4"
"m =","4"
"mEx","4"
"m_c","4"
"mal","4"
"me;","4"
"me<","4"
"meO","4"
"mic","4"
"min","4"
"n =","4"
"n x","4"
"n& ","4"
"n(x","4"
"nag","4"
"ndi","4"
"nds","4"
"nem","4"
"ng(","4"
"no ","4"
"nsf","4"
"nt&","4"
"nva","4"
"ny ","4"
"o a","4"
"o y","4"
"o"")","4"
"o(c","4"
"o);","4"
"o: ","4"
"o] ","4"
"of_","4"
"omE","4"
"on&","4"
"on<","4"
"ono","4"
"oti","4"
"own","4"
"pac","4"
"pda","4"
"pe-","4"
"ply","4"
"r ""","4"
"r a","4"
"r d","4"
"r s","4"
"r& ","4"
"r.f","4"
"r.g","4"
"r<T","4"
"rCa","4"
"rIn","4"
"rch","4"
"rd_","4"
"re ","4"
"rec","4"
"rge","4"
"rgs","4"
"rgu","4"
"rma","4"
"rre","4"
"rry","4"
"rte","4"
"rue","4"
"s C","4"
"s c","4"
"s"" ","4"
"s(1","4"
"s1.","4"
"s2 ","4"
"s2.","4"
"s2:","4"
"s_s","4"
"sam","4"
"sfo","4"
"sh ","4"
"she","4"
"sor","4"
"spa","4"
"st)","4"
"st.","4"
"sys","4"
"t C","4"
"t c","4"
"t d","4"
"t x","4"
"t(0","4"
"t(c","4"
"t);","4"
"t.t","4"
"t; ","4"
"t<i","4"
"tCo","4"
"t_n","4"
"t_v","4"
"tec","4"
"ten","4"
"tif","4"
"tpu","4"
"try","4"
"ts:","4"
"tta","4"
"ue(","4"
"ueu","4"
"ull","4"
"upd","4"
"ura","4"
"urr","4"
"us:","4"
"us;","4"
"usi","4"
"uta","4"
"ute","4"
"utp","4"
"va_","4"
"ve ","4"
"ve_","4"
"vid","4"
"w =","4"
"w_a","4"
"wer","4"
"x o","4"
"x()","4"
"y(n","4"
"y<i","4"
"y_d","4"
"yst","4"
"  G","3"
"  I","3"
"  [","3"
"  h","3"
"  n","3"
" ""d","3"
" ""f","3"
" % ","3"
" 'A","3"
" 'a","3"
" 'z","3"
" (f","3"
" (u","3"
" +=","3"
" ->","3"
" / ","3"
" 15","3"
" 2.","3"
" 3 ","3"
" 3:","3"
" 5)","3"
" 8,","3"
" 9,","3"
" <i","3"
" >=","3"
" AL","3"
" Ar","3"
" BA","3"
" CL","3"
" EN","3"
" EX","3"
" FE","3"
" HA","3"
" It","3"
" ME","3"
" Ma","3"
" OB","3"
" SF","3"
" TH","3"
" Un","3"
" af","3"
" ag","3"
" ba","3"
" be","3"
" br","3"
" ce","3"
" cr","3"
" ct","3"
" dr","3"
" el","3"
" ne","3"
" or","3"
" p1","3"
" p2","3"
" q.","3"
" ss","3"
" t ","3"
" tu","3"
" ty","3"
" up","3"
" wa","3"
" we","3"
" y ","3"
" ya","3"
"!"";","3"
""" +","3"
"""10","3"
"""Af","3"
"""Ci","3"
"""Cu","3"
"""Dr","3"
"""Fo","3"
"""Ha","3"
"""In","3"
"""Mi","3"
"""Ob","3"
"""Op","3"
"""Ra","3"
"""Se","3"
"""To","3"
"""Wo","3"
"""c1","3"
"#de","3"
"% 2","3"
"& c","3"
"& f","3"
"& g","3"
"& l","3"
"& s","3"
"& w","3"
"': ","3"
"'A'","3"
"(""C","3"
"(""O","3"
"(an","3"
"(ar","3"
"(bi","3"
"(c1","3"
"(da","3"
"(is","3"
"(ob","3"
"(st","3"
"(ti","3"
"(to","3"
"(un","3"
"(us","3"
"(wo","3"
") o","3"
"* 3","3"
"* f","3"
"* o","3"
"+ ""","3"
"+ f","3"
"++1","3"
"+= ","3"
", 0","3"
", 8","3"
", 9","3"
", b","3"
", e","3"
", h","3"
", m","3"
", r","3"
"-.]","3"
"-> ","3"
"->a","3"
"->l","3"
"->t","3"
"-zA","3"
"..)","3"
".]?","3"
".at","3"
".c_","3"
".co","3"
".er","3"
".lo","3"
".tx","3"
"/ B","3"
"/ G","3"
"/ O","3"
"0 =","3"
"000","3"
"01""","3"
"0};","3"
"10)","3"
"10.","3"
"1: ","3"
"3"")","3"
"3);","3"
"3.0","3"
"3: ","3"
"3}[","3"
"4);","3"
"42)","3"
"5) ","3"
"5);","3"
"8, ","3"
"9, ","3"
": 5","3"
": S","3"
": t","3"
": u","3"
":no","3"
":to","3"
"; /","3"
"< R","3"
"<> ","3"
"<ch","3"
"= 5","3"
"= B","3"
"= N","3"
"= h","3"
"= o","3"
"= r","3"
"= t","3"
"= v","3"
"=(c","3"
"> 5","3"
"> r","3"
"> {","3"
">(a","3"
">= ","3"
">li","3"
">ti","3"
">us","3"
"A-Z","3"
"ADI","3"
"AII","3"
"ANC","3"
"AS ","3"
"ATU","3"
"Aft","3"
"BAS","3"
"BER","3"
"CEP","3"
"CLA","3"
"Col","3"
"D T","3"
"D()","3"
"E C","3"
"E D","3"
"EAD","3"
"EAT","3"
"EPT","3"
"ERN","3"
"FEA","3"
"FIN","3"
"HER","3"
"HRE","3"
"II ","3"
"ILE","3"
"INE","3"
"INT","3"
"ITS","3"
"LAS","3"
"MAI","3"
"MAN","3"
"MBE","3"
"MEM","3"
"NAC","3"
"NAE","3"
"NDI","3"
"NER","3"
"NT ","3"
"NTA","3"
"ONT","3"
"ORY","3"
"Opt","3"
"PEN","3"
"REA","3"
"RES","3"
"RN ","3"
"S Y","3"
"SE ","3"
"SFI","3"
"Sub","3"
"T>*","3"
"T>:","3"
"TAI","3"
"TES","3"
"THR","3"
"TL ","3"
"Typ","3"
"UMB","3"
"URE","3"
"Usi","3"
"Val","3"
"[-.","3"
"[a-","3"
"[id","3"
"[is","3"
"] <","3"
"]?\","3"
"_al","3"
"_ou","3"
"_su","3"
"_t(","3"
"_ti","3"
"a e","3"
"a"",","3"
"a-z","3"
"a.p","3"
"a.s","3"
"abs","3"
"ad(","3"
"ad_","3"
"adv","3"
"aft","3"
"ago","3"
"ak;","3"
"ak_","3"
"al:","3"
"al<","3"
"als","3"
"anu","3"
"ap>","3"
"ara","3"
"at:","3"
"ath","3"
"atá","3"
"awa","3"
"awi","3"
"ax3","3"
"bs(","3"
"by ","3"
"c) ","3"
"c1)","3"
"c<i","3"
"c_s","3"
"cei","3"
"chi","3"
"ck.","3"
"cks","3"
"cum","3"
"cur","3"
"cv.","3"
"d (","3"
"d :","3"
"d b","3"
"d c","3"
"d i","3"
"d r","3"
"d w","3"
"d"")","3"
"d_c","3"
"da(","3"
"dad","3"
"dd ","3"
"de(","3"
"det","3"
"dit","3"
"dli","3"
"duc","3"
"e e","3"
"e f","3"
"e h","3"
"e o","3"
"e v","3"
"e x","3"
"e(&","3"
"e(t","3"
"e_i","3"
"efi","3"
"ele","3"
"elt","3"
"er,","3"
"ese","3"
"et>","3"
"etc","3"
"ett","3"
"evo","3"
"f '","3"
"f r","3"
"fe_","3"
"fli","3"
"g c","3"
"g f","3"
"g i","3"
"g r","3"
"ge""","3"
"go ","3"
"go)","3"
"h(i","3"
"h_m","3"
"h_s","3"
"han","3"
"hiv","3"
"hms","3"
"hs.","3"
"i);","3"
"iad","3"
"ick","3"
"id(","3"
"id_","3"
"ien","3"
"il_","3"
"ill","3"
"ilt","3"
"imp","3"
"imu","3"
"ina","3"
"isa","3"
"it(","3"
"ito","3"
"k o","3"
"kso","3"
"l l","3"
"l r","3"
"l: ","3"
"l_p","3"
"lde","3"
"le1","3"
"le:","3"
"le_","3"
"led","3"
"lip","3"
"lli","3"
"lse","3"
"lt)","3"
"lte","3"
"m d","3"
"m f","3"
"m);","3"
"mar","3"
"me)","3"
"mod","3"
"n *","3"
"n <","3"
"n i","3"
"n s","3"
"n v","3"
"n),","3"
"n<>","3"
"na""","3"
"nci","3"
"nco","3"
"ncr","3"
"ne(","3"
"new","3"
"noe","3"
"nse","3"
"nt*","3"
"nt<","3"
"ntr","3"
"nup","3"
"o d","3"
"o m","3"
"o o","3"
"o u","3"
"o"",","3"
"o(1","3"
"o.e","3"
"o.f","3"
"o_t","3"
"oad","3"
"obj","3"
"ode","3"
"odu","3"
"oex","3"
"ofs","3"
"olu","3"
"om_","3"
"on;","3"
"ong","3"
"or;","3"
"or=","3"
"or>","3"
"ork","3"
"os,","3"
"os;","3"
"p<s","3"
"pe:","3"
"pe>","3"
"pec","3"
"pt ","3"
"qui","3"
"r l","3"
"r m","3"
"r(t","3"
"r.x","3"
"r.y","3"
"r<R","3"
"r<s","3"
"r<t","3"
"rac","3"
"rai","3"
"ram","3"
"ras","3"
"rbe","3"
"ref","3"
"rg)","3"
"rie","3"
"rm(","3"
"rod","3"
"rom","3"
"rs(","3"
"rse","3"
"s f","3"
"s"",","3"
"s(x","3"
"s.f","3"
"s.l","3"
"s:""","3"
"s<i","3"
"s_c","3"
"s_t","3"
"saf","3"
"sag","3"
"sh<","3"
"sim","3"
"sr ","3"
"ss_","3"
"ssa","3"
"ssi","3"
"sty","3"
"t :","3"
"t F","3"
"t b","3"
"t g","3"
"t"")","3"
"t(g","3"
"t),","3"
"t.a","3"
"t.e","3"
"t.s","3"
"t<d","3"
"t<s","3"
"t_d","3"
"t_i","3"
"te""","3"
"to_","3"
"top","3"
"tos","3"
"tr ","3"
"tti","3"
"txt","3"
"tyl","3"
"tál","3"
"ues","3"
"uic","3"
"umu","3"
"us(","3"
"ut.","3"
"vol","3"
"vos","3"
"w i","3"
"w o","3"
"wab","3"
"wea","3"
"win","3"
"wri","3"
"x <","3"
"x >","3"
"x3(","3"
"xt""","3"
"y"" ","3"
"y"",","3"
"y) ","3"
"ya ","3"
"yle","3"
"z',","3"
"zA-","3"
"| ""","3"
"}[-","3"
"álo","3"
"✓ M","3"
"✓ T","3"
"  :","2"
"  M","2"
"  R","2"
" ""'","2"
" ""1","2"
" ""W","2"
" ""[","2"
" ""e","2"
" ""s","2"
" ""t","2"
" ""x","2"
" & ","2"
" 'm","2"
" (.","2"
" (0","2"
" (d","2"
" (l","2"
" *t","2"
" 1 ","2"
" 1)","2"
" 1,","2"
" 1.","2"
" 19","2"
" 1e","2"
" 2)","2"
" 20","2"
" 3;","2"
" 5:","2"
" 5}","2"
" 6,","2"
" 6}","2"
" <l","2"
" <r","2"
" AC","2"
" Ag","2"
" BI","2"
" Ba","2"
" CH","2"
" CS","2"
" Ca","2"
" Ci","2"
" Da","2"
" De","2"
" Dr","2"
" En","2"
" Ex","2"
" Fu","2"
" Gu","2"
" ID","2"
" IS","2"
" LA","2"
" MO","2"
" MU","2"
" Me","2"
" N)","2"
" Op","2"
" PE","2"
" Pe","2"
" Qu","2"
" Sa","2"
" So","2"
" Su","2"
" T,","2"
" TI","2"
" Ty","2"
" UN","2"
" Vi","2"
" Wo","2"
" [p","2"
" [t","2"
" [w","2"
" ^ ","2"
" c)","2"
" cu","2"
" es","2"
" fL","2"
" fc","2"
" fe","2"
" gu","2"
" hi","2"
" i)","2"
" i;","2"
" im","2"
" l ","2"
" mt","2"
" oc","2"
" on","2"
" p.","2"
" p3","2"
" pi","2"
" r)","2"
" ri","2"
" s)","2"
" s.","2"
" sa","2"
" sm","2"
" so","2"
" sp","2"
" sr","2"
" t,","2"
" x(","2"
" x,","2"
" y(","2"
" {""","2"
" ~R","2"
" éx","2"
""" (","2"
""" :","2"
""" r","2"
"""),","2"
"""Ev","2"
"""Ma","2"
"""Nu","2"
"""On","2"
"""Pe","2"
"""Pl","2"
"""Su","2"
"""Th","2"
"""ap","2"
"""ba","2"
"""ch","2"
"""da","2"
"""do","2"
"""el","2"
"""fl","2"
"""in","2"
"""st","2"
"""};","2"
"&(t","2"
"&) ","2"
"&>:","2"
"&co","2"
"') ","2"
"'m'","2"
"(""1","2"
"(""A","2"
"(""D","2"
"(""E","2"
"(""H","2"
"(""I","2"
"(""s","2"
"(&(","2"
"(..","2"
"(0,","2"
"(0.","2"
"(3)","2"
"(3,","2"
"(3.","2"
"(42","2"
"(5)","2"
"(50","2"
"(Fi","2"
"(Ob","2"
"(Po","2"
"(R""","2"
"(ad","2"
"(al","2"
"(bo","2"
"(di","2"
"(no","2"
"(on","2"
"(tr","2"
"(ve","2"
"(x ","2"
"(x,","2"
") !","2"
") n","2"
")"")","2"
")))","2"
")),","2"
"* c","2"
"*>:","2"
"*th","2"
"+ D","2"
"+ F","2"
"+ c","2"
"+ h","2"
"+ o","2"
"+ v","2"
"++c","2"
"++s","2"
"+co","2"
"+st","2"
", I","2"
", W","2"
"- 1","2"
"- o","2"
"-- ","2"
"--\","2"
"--c","2"
"--s","2"
"-9.","2"
"->i","2"
"->m","2"
"-Z0","2"
"-\n","2"
"-]+","2"
"-ba","2"
"-co","2"
"-st","2"
".) ","2"
".. ","2"
".5;","2"
".ba","2"
".cs","2"
".de","2"
".f ","2"
".fe","2"
".i ","2"
".no","2"
".pr","2"
".us","2"
".wa","2"
".wr","2"
".y)","2"
"/ W","2"
"/ c","2"
"0 /","2"
"0):","2"
"0-9","2"
"003","2"
"01,","2"
"010","2"
"011","2"
"024","2"
"03""","2"
"0];","2"
"1 &","2"
"1 ^","2"
"1 |","2"
"1"",","2"
"1(""","2"
"1(3","2"
"1.0","2"
"1.u","2"
"10,","2"
"10}","2"
"110","2"
"123","2"
"1; ","2"
"1[2","2"
"1e-","2"
"2 *","2"
"2"")","2"
"2(""","2"
"2(1","2"
"2.5","2"
"2.b","2"
"2.e","2"
"20)","2"
"200","2"
"3 <","2"
"3(3","2"
"4.0","2"
"42:","2"
"42;","2"
"5 +","2"
"50,","2"
"5: ","2"
"5};","2"
"6, ","2"
"6};","2"
"8> ","2"
": I","2"
": f","2"
": h","2"
": l","2"
": x","2"
"::A","2"
"::c","2"
"::s","2"
":AC","2"
":ma","2"
":mo","2"
":sl","2"
"< 4","2"
"< h","2"
"< m","2"
"< o","2"
"< u","2"
"< x","2"
"<8>","2"
"<Ci","2"
"<Li","2"
"<Us","2"
"<co","2"
"<de","2"
"<fs","2"
"<fu","2"
"<io","2"
"<li","2"
"<me","2"
"<mu","2"
"<ss","2"
"<th","2"
"<va","2"
"<ve","2"
"= 2","2"
"= 3","2"
"= 4","2"
"= H","2"
"= w","2"
"> b","2"
"> d","2"
"> h","2"
"> l","2"
"> o","2"
"> u","2"
">(""","2"
">(t","2"
">(v","2"
">* ","2"
">mo","2"
"? ""","2"
"A =","2"
"AE ","2"
"AGE","2"
"ALG","2"
"AMB","2"
"ANA","2"
"ANT","2"
"Agr","2"
"Ali","2"
"An ","2"
"Arg","2"
"Arr","2"
"Ass","2"
"BDA","2"
"BJE","2"
"BUG","2"
"Bas","2"
"Bib","2"
"CE ","2"
"CHR","2"
"CSV","2"
"CTS","2"
"Cha","2"
"Com","2"
"D L","2"
"D(5","2"
"DAS","2"
"DEB","2"
"DER","2"
"DLI","2"
"DOM","2"
"Dif","2"
"Div","2"
"E d","2"
"E"" ","2"
"EBU","2"
"ECT","2"
"EGE","2"
"EHE","2"
"EME","2"
"ENC","2"
"ENS","2"
"ENT","2"
"ENU","2"
"ERA","2"
"EXC","2"
"Eve","2"
"For","2"
"Fou","2"
"Fun","2"
"G =","2"
"GEM","2"
"GEX","2"
"GOR","2"
"GRA","2"
"Gua","2"
"HAN","2"
"HEN","2"
"HM ","2"
"HRO","2"
"I *","2"
"I f","2"
"IC ","2"
"IME","2"
"IN ","2"
"INH","2"
"IPL","2"
"ISM","2"
"ITA","2"
"ITH","2"
"Ind","2"
"JEC","2"
"L C","2"
"LAM","2"
"LEX","2"
"LGO","2"
"LIM","2"
"LIN","2"
"LTI","2"
"M N","2"
"MAR","2"
"MBD","2"
"ME ","2"
"MEN","2"
"MOD","2"
"MPR","2"
"MUL","2"
"Mat","2"
"Max","2"
"Mem","2"
"Min","2"
"N C","2"
"N H","2"
"N O","2"
"N) ","2"
"NAG","2"
"NDL","2"
"NDO","2"
"NHE","2"
"NIO","2"
"NO ","2"
"NSI","2"
"Nam","2"
"Num","2"
"O A","2"
"O D","2"
"OBJ","2"
"ODE","2"
"OIN","2"
"OM ","2"
"ONC","2"
"ONO","2"
"ORI","2"
"One","2"
"Ope","2"
"PER","2"
"POI","2"
"POL","2"
"PRE","2"
"PTI","2"
"Par","2"
"Pla","2"
"Pos","2"
"Que","2"
"R D","2"
"R""(","2"
"RAN","2"
"RED","2"
"REG","2"
"REH","2"
"REN","2"
"RIN","2"
"RON","2"
"RT ","2"
"Rad","2"
"Ran","2"
"Raw","2"
"Rea","2"
"Ref","2"
"Rep","2"
"Rev","2"
"S A","2"
"SER","2"
"SES","2"
"SIV","2"
"STA","2"
"Sor","2"
"T d","2"
"T, ","2"
"TE ","2"
"THM","2"
"TIM","2"
"TIP","2"
"Thi","2"
"Tup","2"
"ULT","2"
"UNI","2"
"VE""","2"
"VE:","2"
"Vec","2"
"X D","2"
"XCE","2"
"Y =","2"
"Y C","2"
"Y M","2"
"Z0-","2"
"[2]","2"
"[co","2"
"[in","2"
"[pi","2"
"[th","2"
"\n-","2"
"]"")","2"
"](s","2"
"^ b","2"
"_10","2"
"_5 ","2"
"_ag","2"
"_by","2"
"_ch","2"
"_ev","2"
"_fe","2"
"_fu","2"
"_ho","2"
"_io","2"
"_mo","2"
"_mu","2"
"_on","2"
"_ty","2"
"_wo","2"
"a <","2"
"a d","2"
"a w","2"
"a {","2"
"a',","2"
"a(1","2"
"a(c","2"
"a);","2"
"a.b","2"
"a.f","2"
"a.i","2"
"a2:","2"
"a: ","2"
"a[c","2"
"a[i","2"
"a_m","2"
"a_s","2"
"ad ","2"
"ad:","2"
"ad>","2"
"al(","2"
"al>","2"
"alp","2"
"am&","2"
"am-","2"
"amm","2"
"amp","2"
"an(","2"
"apt","2"
"ar>","2"
"arD","2"
"asi","2"
"asy","2"
"aun","2"
"ave","2"
"aw ","2"
"ax ","2"
"ax:","2"
"ay>","2"
"ay[","2"
"ay_","2"
"b.p","2"
"b; ","2"
"ban","2"
"bas","2"
"bn,","2"
"bs1","2"
"bs3","2"
"bst","2"
"by_","2"
"byt","2"
"c =","2"
"c S","2"
"c c","2"
"c t","2"
"c.c","2"
"c.r","2"
"c<T","2"
"c<s","2"
"ca ","2"
"cap","2"
"ce""","2"
"ce<","2"
"ce_","2"
"cer","2"
"ch_","2"
"cio","2"
"cis","2"
"ck_","2"
"cke","2"
"coi","2"
"col","2"
"cos","2"
"cro","2"
"csv","2"
"cts","2"
"ctu","2"
"cus","2"
"d 1","2"
"d S","2"
"d e","2"
"d f","2"
"d l","2"
"d n","2"
"d!""","2"
"d(x","2"
"d.l","2"
"d; ","2"
"d> ","2"
"dAr","2"
"d_1","2"
"d_p","2"
"d_s","2"
"das","2"
"dd_","2"
"dec","2"
"do ","2"
"ds(","2"
"ds)","2"
"d{3","2"
"e *","2"
"e P","2"
"e l","2"
"e"" ","2"
"e(P","2"
"e(a","2"
"e(o","2"
"e(p","2"
"e-9","2"
"e<C","2"
"e<R","2"
"eLi","2"
"eUs","2"
"e_a","2"
"e_b","2"
"e_f","2"
"e_h","2"
"ec ","2"
"ec)","2"
"eca","2"
"ed,","2"
"edA","2"
"edi","2"
"eep","2"
"egr","2"
"eil","2"
"eld","2"
"em;","2"
"emb","2"
"en(","2"
"ep_","2"
"eps","2"
"er-","2"
"er1","2"
"erL","2"
"er]","2"
"erb","2"
"ero","2"
"es""","2"
"es(","2"
"es)","2"
"es2","2"
"et ","2"
"et)","2"
"etN","2"
"etP","2"
"etR","2"
"etS","2"
"etV","2"
"eti","2"
"etp","2"
"ew_","2"
"ex(","2"
"ex)","2"
"ex<","2"
"ex]","2"
"exa","2"
"exi","2"
"f(c","2"
"f) ","2"
"fLi","2"
"fal","2"
"fcl","2"
"fe ","2"
"fet","2"
"ffe","2"
"fix","2"
"fut","2"
"fy(","2"
"fy_","2"
"g ""","2"
"g =","2"
"g a","2"
"g b","2"
"g e","2"
"g l","2"
"g m","2"
"g w","2"
"g(""","2"
"g()","2"
"g(c","2"
"g(x","2"
"g);","2"
"g>(","2"
"g>:","2"
"g_h","2"
"g_p","2"
"g_w","2"
"gh_","2"
"h <","2"
"h c","2"
"h d","2"
"h m","2"
"h o","2"
"h(O","2"
"h, ","2"
"h<s","2"
"h_r","2"
"h_v","2"
"hed","2"
"hig","2"
"hme","2"
"how","2"
"hs:","2"
"ht;","2"
"i *","2"
"i, ","2"
"iab","2"
"ic>","2"
"icr","2"
"iff","2"
"ifo","2"
"il(","2"
"ilo","2"
"io)","2"
"io>","2"
"io]","2"
"iot","2"
"ip(","2"
"is;","2"
"isd","2"
"ise","2"
"isk","2"
"isl","2"
"isu","2"
"it2","2"
"it_","2"
"k(""","2"
"k.p","2"
"k<i","2"
"k_i","2"
"k_r","2"
"ked","2"
"ker","2"
"kno","2"
"ky_","2"
"l =","2"
"l e","2"
"l f","2"
"l o","2"
"l p","2"
"l t","2"
"l u","2"
"l(x","2"
"l<i","2"
"l_v","2"
"lav","2"
"ld!","2"
"ld""","2"
"le2","2"
"leL","2"
"leU","2"
"lee","2"
"lem","2"
"lio","2"
"lle","2"
"llp","2"
"lly","2"
"lo ","2"
"lo)","2"
"loo","2"
"lph","2"
"lpt","2"
"lt.","2"
"lt:","2"
"lt_","2"
"lta","2"
"lut","2"
"lve","2"
"ly ","2"
"ly""","2"
"m a","2"
"m i","2"
"m r","2"
"m v","2"
"m& ","2"
"m()","2"
"m(n","2"
"m-b","2"
"m_o","2"
"m_v","2"
"me.","2"
"mil","2"
"mmi","2"
"mo:","2"
"ms ","2"
"ms(","2"
"msg","2"
"mtx","2"
"my.","2"
"n (","2"
"n 0","2"
"n 1","2"
"n 2","2"
"n P","2"
"n h","2"
"n m","2"
"n p","2"
"n r","2"
"n t","2"
"n u","2"
"n w","2"
"n é","2"
"n"" ","2"
"n"")","2"
"n(5","2"
"n(R","2"
"n(f","2"
"n(i","2"
"n--","2"
"n_v","2"
"nab","2"
"nan","2"
"nch","2"
"ng""","2"
"ng)","2"
"ngu","2"
"nif","2"
"nkn","2"
"no(","2"
"nt)","2"
"nt[","2"
"nul","2"
"o <","2"
"o c","2"
"o f","2"
"o {","2"
"o"";","2"
"o(i","2"
"o) ","2"
"o>(","2"
"o>>","2"
"occ","2"
"og(","2"
"ogr","2"
"olv","2"
"om(","2"
"omi","2"
"on)","2"
"oor","2"
"opt","2"
"or+","2"
"or,","2"
"or:","2"
"or[","2"
"or_","2"
"ot]","2"
"oul","2"
"ow)","2"
"p(x","2"
"p) ","2"
"p1 ","2"
"p3 ","2"
"p: ","2"
"p_f","2"
"pas","2"
"peC","2"
"pei","2"
"pha","2"
"pow","2"
"ppl","2"
"psi","2"
"ptu","2"
"q.p","2"
"qrt","2"
"r :","2"
"r i","2"
"r p","2"
"r r","2"
"r&&","2"
"r&)","2"
"r(f","2"
"r(m","2"
"r(r","2"
"r(x","2"
"r))","2"
"r->","2"
"r.s","2"
"r1 ","2"
"r1""","2"
"r2 ","2"
"r::","2"
"r=(","2"
"r>(","2"
"rDa","2"
"r[]","2"
"r[i","2"
"r](","2"
"r_c","2"
"r_l","2"
"r_r","2"
"r_t","2"
"ral","2"
"rd,","2"
"rd]","2"
"rdi","2"
"re,","2"
"rg(","2"
"ris","2"
"rke","2"
"rm_","2"
"rn(","2"
"rn)","2"
"rn,","2"
"rn_","2"
"ro>","2"
"ro]","2"
"rog","2"
"rot","2"
"rou","2"
"rr ","2"
"rr.","2"
"rr[","2"
"rs)","2"
"ry>","2"
"ry_","2"
"s !","2"
"s -","2"
"s F","2"
"s I","2"
"s M","2"
"s R","2"
"s p","2"
"s u","2"
"s(c","2"
"s);","2"
"s.c","2"
"s1(","2"
"s1:","2"
"s1;","2"
"s1[","2"
"s2(","2"
"s; ","2"
"s<d","2"
"s_e","2"
"s_f","2"
"s_i","2"
"s_p","2"
"s_r","2"
"sal","2"
"sdi","2"
"se_","2"
"sg)","2"
"sic","2"
"sif","2"
"sil","2"
"sky","2"
"sle","2"
"slo","2"
"sma","2"
"sol","2"
"spe","2"
"sqr","2"
"sre","2"
"sst","2"
"st;","2"
"st>","2"
"sup","2"
"sv""","2"
"syn","2"
"t h","2"
"t& ","2"
"t&>","2"
"t(""","2"
"t(1","2"
"t(n","2"
"t(o","2"
"t(x","2"
"t*>","2"
"t.b","2"
"t.f","2"
"t.l","2"
"t.p","2"
"t1 ","2"
"t1,","2"
"t<8","2"
"t<c","2"
"tNa","2"
"tPo","2"
"tRa","2"
"tSh","2"
"tVi","2"
"t](","2"
"t_5","2"
"t_b","2"
"t_h","2"
"td;","2"
"te;","2"
"tiv","2"
"to.","2"
"tol","2"
"too","2"
"tot","2"
"tpr","2"
"tr1","2"
"tr2","2"
"tr;","2"
"tr_","2"
"ts>","2"
"ubs","2"
"ue;","2"
"ue>","2"
"uel","2"
"up ","2"
"up:","2"
"upp","2"
"ur_","2"
"us)","2"
"utu","2"
"v.n","2"
"ve:","2"
"ved","2"
"w(x","2"
"w);","2"
"w_d","2"
"wn ","2"
"wn""","2"
"x %","2"
"x +","2"
"x =","2"
"x: ","2"
"x<d","2"
"x];","2"
"x_i","2"
"x_r","2"
"xam","2"
"xis","2"
"xit","2"
"xp(","2"
"xt,","2"
"xt.","2"
"y +","2"
"y =","2"
"y d","2"
"y h","2"
"y[i","2"
"y_3","2"
"y_a","2"
"y_c","2"
"y_f","2"
"y_m","2"
"y_o","2"
"ync","2"
"yte","2"
"{  ","2"
"{""a","2"
"{2,","2"
"{3}","2"
"| I","2"
"| b","2"
"})""","2"
"~Re","2"
"~bi","2"
"éxi","2"
"  B","1"
"  C","1"
"  D","1"
"  L","1"
"  U","1"
"  x","1"
"  y","1"
"  {","1"
" !(","1"
" ""!","1"
" ""%","1"
" ""(","1"
" ""5","1"
" ""=","1"
" ""B","1"
" ""G","1"
" ""Q","1"
" ""a","1"
" ""h","1"
" ""l","1"
" ""p","1"
" ""r","1"
" ""u","1"
" ""w","1"
" ""|","1"
" ""~","1"
" &&","1"
" &c","1"
" &o","1"
" '""","1"
" 'I","1"
" 'P","1"
" 'c","1"
" (1","1"
" (>","1"
" (L","1"
" (g","1"
" (m","1"
" (o","1"
" (p","1"
" (r","1"
" (w","1"
" */","1"
" *=","1"
" *f","1"
" *m","1"
" +1","1"
" -3","1"
" 0 ","1"
" 0,","1"
" 0.","1"
" 12","1"
" 16","1"
" 1]","1"
" 2:","1"
" 2;","1"
" 30","1"
" 4)","1"
" 4.","1"
" 45","1"
" 50","1"
" 5>","1"
" 6.","1"
" 64","1"
" <b","1"
" <d","1"
" <e","1"
" <n","1"
" <o","1"
" <q","1"
" AB","1"
" AD","1"
" AS","1"
" Ac","1"
" Ad","1"
" Al","1"
" An","1"
" As","1"
" Añ","1"
" BL","1"
" Ce","1"
" Ch","1"
" CÓ","1"
" Du","1"
" ES","1"
" Em","1"
" Fo","1"
" GL","1"
" GR","1"
" Ge","1"
" HE","1"
" Ha","1"
" IT","1"
" Jo","1"
" LI","1"
" Má","1"
" N;","1"
" N>","1"
" OF","1"
" OP","1"
" PA","1"
" PR","1"
" Pa","1"
" Ph","1"
" Pi","1"
" Pu","1"
" Ra","1"
" SM","1"
" SU","1"
" Se","1"
" Si","1"
" Sm","1"
" T(","1"
" TR","1"
" TY","1"
" Tu","1"
" VA","1"
" Ve","1"
" WR","1"
" Wa","1"
" We","1"
" [&","1"
" [m","1"
" b ","1"
" b,","1"
" ci","1"
" d ","1"
" d]","1"
" ep","1"
" et","1"
" f)","1"
" f;","1"
" ff","1"
" fp","1"
" h)","1"
" i,","1"
" ja","1"
" jo","1"
" ms","1"
" n,","1"
" o ","1"
" p)","1"
" q;","1"
" r;","1"
" rd","1"
" ro","1"
" s ","1"
" s,","1"
" sc","1"
" sq","1"
" sw","1"
" t)","1"
" t.","1"
" v)","1"
" v;","1"
" w,","1"
" wr","1"
" x;","1"
" y)","1"
" y;","1"
" ze","1"
" {-","1"
" {2","1"
" {5","1"
" ||","1"
" },","1"
" ~C","1"
" ~D","1"
" ~F","1"
" ~M","1"
" ~O","1"
" ~S","1"
" ~b","1"
"! =","1"
"!"" ","1"
"!(p","1"
"!\n","1"
"!fi","1"
"!in","1"
"!li","1"
"!ma","1"
"!q.","1"
"!st","1"
""" =","1"
""" a","1"
""" c","1"
""" d","1"
""" i","1"
""" m","1"
""" p","1"
"""!""","1"
"""%s","1"
"""':","1"
"""'W","1"
"""(""","1"
"""([","1"
"""(\","1"
""") ","1"
"""11","1"
"""5!","1"
"""==","1"
"""Ad","1"
"""Al","1"
"""As","1"
"""Bo","1"
"""Ca","1"
"""Cl","1"
"""DE","1"
"""Da","1"
"""Do","1"
"""En","1"
"""Es","1"
"""Ga","1"
"""H""","1"
"""La","1"
"""Le","1"
"""Lo","1"
"""Lu","1"
"""Mu","1"
"""Ne","1"
"""Ni","1"
"""No","1"
"""Or","1"
"""Ou","1"
"""Pa","1"
"""Po","1"
"""Pr","1"
"""Qu","1"
"""Sh","1"
"""So","1"
"""Sq","1"
"""T""","1"
"""Tu","1"
"""Ty","1"
"""Ve","1"
"""Ze","1"
"""[E","1"
"""[P","1"
"""ar","1"
"""c2","1"
"""ce","1"
"""co","1"
"""ex","1"
"""fi","1"
"""he","1"
"""li","1"
"""lo","1"
"""po","1"
"""ro","1"
"""si","1"
"""sq","1"
"""ta","1"
"""te","1"
"""to","1"
"""us","1"
"""w+","1"
"""x ","1"
"""x""","1"
"""|c","1"
"""~b","1"
"%+-","1"
"%s""","1"
"& m","1"
"& p","1"
"& v","1"
"&..","1"
"&ot","1"
"&ti","1"
"' a","1"
"' f","1"
"' }","1"
"'"" ","1"
"':""","1"
"'I'","1"
"'P'","1"
"'Wo","1"
"'c'","1"
"(!f","1"
"(!i","1"
"(!l","1"
"(!m","1"
"(!q","1"
"(!s","1"
"("" ","1"
"(""L","1"
"(""N","1"
"(""P","1"
"(""R","1"
"(""T","1"
"(""U","1"
"(""V","1"
"(""W","1"
"(""Z","1"
"(""d","1"
"(""e","1"
"(""l","1"
"(""t","1"
"(&t","1"
"('a","1"
"('z","1"
"()(","1"
"(0-","1"
"(1-","1"
"(1.","1"
"(15","1"
"(20","1"
"(4.","1"
"(5.","1"
"(64","1"
"(>5","1"
"(It","1"
"(LI","1"
"(T&","1"
"([]","1"
"([a","1"
"(\+","1"
"(a)","1"
"(a,","1"
"(b ","1"
"(ca","1"
"(cl","1"
"(en","1"
"(ev","1"
"(f)","1"
"(fa","1"
"(h)","1"
"(la","1"
"(lo","1"
"(ms","1"
"(mt","1"
"(n ","1"
"(os","1"
"(ot","1"
"(pi","1"
"(r)","1"
"(rd","1"
"(t)","1"
"(th","1"
"(ty","1"
"(vi","1"
"(w)","1"
"(wi","1"
"(y ","1"
"(y)","1"
") >","1"
") ?","1"
") f","1"
") i","1"
") m","1"
") r","1"
") |","1"
")"";","1"
")(i","1"
").n","1"
"):""","1"
")> ","1"
")>(","1"
"* (","1"
"* 1","1"
"* C","1"
"* D","1"
"* I","1"
"* P","1"
"* a","1"
"* b","1"
"* h","1"
"* i","1"
"* m","1"
"* w","1"
"* x","1"
"*= ","1"
"*> ","1"
"*fi","1"
"*ma","1"
"+ 1","1"
"+ 3","1"
"+ b","1"
"+ p","1"
"+ s","1"
"+"")","1"
"+(c","1"
"++2","1"
"++]","1"
"++a","1"
"+-]","1"
"+1-","1"
"+11","1"
"+14","1"
"+17","1"
"+20","1"
"+=(","1"
"+?\","1"
"+@[","1"
"+\.","1"
"+] ","1"
"+ac","1"
", &","1"
", -","1"
", B","1"
", F","1"
", G","1"
", L","1"
", S","1"
", j","1"
", w","1"
",3}","1"
",})","1"
"- C","1"
"- U","1"
"- d","1"
"- s","1"
"-1)","1"
"-10","1"
"-12","1"
"-3)","1"
"-45","1"
"-5,","1"
"-55","1"
"-9 ","1"
"-9;","1"
"->g","1"
"->n","1"
"->p","1"
"-Ex","1"
"-Z]","1"
"-by","1"
"-or","1"
". A","1"
". a","1"
".);","1"
".-]","1"
".5)","1"
".5,","1"
".67","1"
".[a","1"
"._%","1"
".cb","1"
".ce","1"
".cl","1"
".do","1"
".fr","1"
".gu","1"
".ha","1"
".in","1"
".jo","1"
".na","1"
".or","1"
".rb","1"
".su","1"
".to","1"
".x ","1"
".x)","1"
".x,","1"
".x;","1"
".y ","1"
".y;","1"
"/ 0","1"
"/ 3","1"
"/ 6","1"
"/ H","1"
"/ I","1"
"/ J","1"
"/ Q","1"
"/ b","1"
"/ m","1"
"/14","1"
"/17","1"
"/20","1"
"/O!","1"
"0 (","1"
"0 s","1"
"0"")","1"
"0(5","1"
"0),","1"
"0-1","1"
"0.5","1"
"00 ","1"
"002","1"
"00:","1"
"00;","1"
"00>","1"
"01)","1"
"02""","1"
"02)","1"
"02,","1"
"05,","1"
"0:""","1"
"0> ","1"
"1 :","1"
"1 ?","1"
"1 c","1"
"1):","1"
"1,3","1"
"1-1","1"
"1-5","1"
"1.5","1"
"1.c","1"
"1.r","1"
"1/1","1"
"10""","1"
"10(","1"
"10]","1"
"11""","1"
"11/","1"
"14 ","1"
"14)","1"
"14/","1"
"141","1"
"14;","1"
"14f","1"
"15!","1"
"15)","1"
"150","1"
"159","1"
"15;","1"
"160","1"
"17 ","1"
"17/","1"
"194","1"
"196","1"
"199","1"
"1];","1"
"1| ","1"
"2 +","1"
"2 d","1"
"2,}","1"
"2->","1"
"2.0","1"
"20 ","1"
"20]","1"
"23 ","1"
"23-","1"
"24 ","1"
"24)","1"
"265","1"
"2:""","1"
"2] ","1"
"2]:","1"
"3(""","1"
"3('","1"
"3(c","1"
"3))","1"
"3-4","1"
"30)","1"
"359","1"
"37 ","1"
"3; ","1"
"4 b","1"
"4 s","1"
"4-b","1"
"4/1","1"
"415","1"
"42 ","1"
"43,","1"
"45.","1"
"456","1"
"4f;","1"
"4})","1"
"5 *","1"
"5 <","1"
"5 =","1"
"5 a","1"
"5 c","1"
"5! ","1"
"5!""","1"
"5):","1"
"5-1","1"
"5.0","1"
"5.6","1"
"50.","1"
"50}","1"
"535","1"
"55-","1"
"555","1"
"567","1"
"592","1"
"5> ","1"
"6.0","1"
"605","1"
"64,","1"
"64-","1"
"653","1"
"67""","1"
"67,","1"
"67;","1"
"7 g","1"
"7 s","1"
"7"";","1"
"7/2","1"
"9 &","1"
"9.-","1"
"9._","1"
"926","1"
"937","1"
"943","1"
"967","1"
"993","1"
": A","1"
": M","1"
": b","1"
": j","1"
": m","1"
": o","1"
": s","1"
": w","1"
"::I","1"
"::P","1"
"::_","1"
"::a","1"
"::d","1"
"::e","1"
"::i","1"
":IN","1"
":PE","1"
":_1","1"
":as","1"
":ch","1"
":co","1"
":di","1"
":ep","1"
":is","1"
":mi","1"
":np","1"
":th","1"
":ty","1"
"< 0","1"
"< 3","1"
"< P","1"
"< S","1"
"< q","1"
"< ~","1"
"<(o","1"
"<10","1"
"<<(","1"
"<Ob","1"
"<Sh","1"
"<al","1"
"<an","1"
"<ar","1"
"<at","1"
"<bi","1"
"<bo","1"
"<ca","1"
"<cm","1"
"<cs","1"
"<ct","1"
"<ex","1"
"<fl","1"
"<fo","1"
"<is","1"
"<it","1"
"<ma","1"
"<mi","1"
"<nu","1"
"<op","1"
"<qu","1"
"<ra","1"
"<re","1"
"<se","1"
"<tu","1"
"<ut","1"
"<vo","1"
"= &","1"
"= *","1"
"= I","1"
"= O","1"
"= U","1"
"= V","1"
"= b","1"
"= e","1"
"= l","1"
"=(F","1"
"==(","1"
"> 0","1"
"> 1","1"
"> a","1"
"> m","1"
"> q","1"
">()","1"
">(3","1"
">(4","1"
">(5","1"
">(e","1"
">(n","1"
">(s","1"
">*>","1"
">5 ","1"
">an","1"
">ar","1"
">au","1"
">dr","1"
">ge","1"
">id","1"
">is","1"
">no","1"
">pe","1"
">st","1"
">up","1"
">{}","1"
"? 1","1"
"? a","1"
"@[a","1"
"@co","1"
"@ex","1"
"A Y","1"
"A',","1"
"A':","1"
"A';","1"
"ABS","1"
"ACR","1"
"ADV","1"
"AE:","1"
"AIL","1"
"AIT","1"
"AL ","1"
"ALA","1"
"ALL","1"
"AL_","1"
"AM ","1"
"AMP","1"
"ANI","1"
"APP","1"
"ARR","1"
"ART","1"
"ARY","1"
"ASH","1"
"ASI","1"
"ASS","1"
"ATH","1"
"ATO","1"
"ATT","1"
"AX_","1"
"AY ","1"
"Acc","1"
"Add","1"
"Adv","1"
"Ana","1"
"Ant","1"
"Are","1"
"Año","1"
"BAL","1"
"BIB","1"
"BIT","1"
"BLI","1"
"BLU","1"
"BN:","1"
"BSE","1"
"BST","1"
"Bin","1"
"Bit","1"
"Bou","1"
"C L","1"
"C O","1"
"CA ","1"
"CAT","1"
"CED","1"
"CIA","1"
"CRO","1"
"CTA","1"
"CTU","1"
"CUR","1"
"CY ","1"
"Cal","1"
"Can","1"
"Cer","1"
"Cie","1"
"Cle","1"
"Coi","1"
"Cop","1"
"Cur","1"
"CÓD","1"
"D C","1"
"D O","1"
"D g","1"
"D o","1"
"D {","1"
"D(1","1"
"D(d","1"
"D(x","1"
"D, ","1"
"D: ","1"
"DE ","1"
"DIG","1"
"DVA","1"
"Dem","1"
"Dev","1"
"Don","1"
"Dur","1"
"E 1","1"
"E A","1"
"E B","1"
"E E","1"
"E F","1"
"E T","1"
"E }","1"
"E* ","1"
"E:""","1"
"ECA","1"
"ED ","1"
"ED,","1"
"ED;","1"
"EEN","1"
"EGR","1"
"EMA","1"
"EN,","1"
"ERE","1"
"ERT","1"
"ERV","1"
"EST","1"
"ET ","1"
"EXA","1"
"E]""","1"
"Ema","1"
"Ena","1"
"Ene","1"
"Enu","1"
"Est","1"
"Exu","1"
"F C","1"
"FIS","1"
"FO)","1"
"Fir","1"
"G A","1"
"G M","1"
"G"" ","1"
"G(x","1"
"G: ","1"
"GLO","1"
"GO ","1"
"GRE","1"
"Gab","1"
"Gar","1"
"Gen","1"
"H D","1"
"H F","1"
"H"" ","1"
"HAS","1"
"HIS","1"
"HON","1"
"I 3","1"
"I <","1"
"I W","1"
"I',","1"
"IA ","1"
"IBL","1"
"ID:","1"
"IFO","1"
"IGO","1"
"ILT","1"
"IL]","1"
"IMI","1"
"IMO","1"
"IOT","1"
"IPU","1"
"ITE","1"
"IZE","1"
"Id(","1"
"Inc","1"
"Inv","1"
"Joi","1"
"L D","1"
"L c","1"
"L, ","1"
"LAR","1"
"LE*","1"
"LIF","1"
"LIO","1"
"LLO","1"
"LOB","1"
"LOC","1"
"LTE","1"
"LUE","1"
"LYM","1"
"L]""","1"
"L_C","1"
"Lau","1"
"Len","1"
"Lim","1"
"Lon","1"
"Lui","1"
"M S","1"
"MAC","1"
"MAT","1"
"MAX","1"
"MER","1"
"MIT","1"
"MMA","1"
"MS ","1"
"Map","1"
"Mig","1"
"Mod","1"
"Már","1"
"N F","1"
"N P","1"
"N T","1"
"N, ","1"
"N: ","1"
"N; ","1"
"NCI","1"
"NCU","1"
"NCY","1"
"NE]","1"
"NG""","1"
"NG:","1"
"NIP","1"
"N];","1"
"Neg","1"
"Nin","1"
"Nor","1"
"O I","1"
"O e","1"
"O o","1"
"O!\","1"
"O):","1"
"O, ","1"
"OBA","1"
"OBS","1"
"OCA","1"
"OF ","1"
"OGR","1"
"OLI","1"
"OLY","1"
"ONE","1"
"OO,","1"
"OPE","1"
"ORF","1"
"ORP","1"
"ORS","1"
"OS ","1"
"OTE","1"
"Ori","1"
"Out","1"
"P' ","1"
"PAT","1"
"PE ","1"
"PHI","1"
"PHO","1"
"POO","1"
"PPE","1"
"PRO","1"
"PTS","1"
"PUL","1"
"Pho","1"
"Pi:","1"
"Pol","1"
"Pri","1"
"Pro","1"
"Pur","1"
"Qui","1"
"R =","1"
"R F","1"
"R P","1"
"RAC","1"
"RAL","1"
"RAM","1"
"RAP","1"
"RAS","1"
"RAY","1"
"REE","1"
"RFI","1"
"RIC","1"
"ROG","1"
"ROS","1"
"RPH","1"
"RRA","1"
"RRE","1"
"RUC","1"
"RVE","1"
"Reg","1"
"Ren","1"
"S (","1"
"S B","1"
"SET","1"
"SH ","1"
"SIC","1"
"SIZ","1"
"SM ","1"
"SMA","1"
"SMO","1"
"SSE","1"
"SUM","1"
"SV.","1"
"Sai","1"
"Sho","1"
"Sim","1"
"Sma","1"
"Sol","1"
"Squ","1"
"Sum","1"
"T =","1"
"T P","1"
"T i","1"
"T m","1"
"T p","1"
"T"")","1"
"T&&","1"
"T(0","1"
"T> ","1"
"TA ","1"
"TEC","1"
"TEG","1"
"TH ","1"
"TL,","1"
"TOR","1"
"TRI","1"
"TRU","1"
"TSE","1"
"TTE","1"
"TYP","1"
"UCT","1"
"UE ","1"
"UG(","1"
"UG:","1"
"ULA","1"
"UM ","1"
"UME","1"
"UMM","1"
"UMS","1"
"URA","1"
"URR","1"
"Unk","1"
"Uno","1"
"V.\","1"
"VAL","1"
"VAN","1"
"VE;","1"
"VER","1"
"Vir","1"
"WRA","1"
"Wai","1"
"Wea","1"
"X N","1"
"X T","1"
"XAM","1"
"X_S","1"
"Y A","1"
"Y D","1"
"Y P","1"
"Y U","1"
"YMO","1"
"YPE","1"
"ZE ","1"
"Z]{","1"
"Zer","1"
"[&c","1"
"[--","1"
"[10","1"
"[20","1"
"[EM","1"
"[N]","1"
"[PH","1"
"[] ","1"
"[i,","1"
"[mu","1"
"\+?","1"
"\.[","1"
"\nC","1"
"\nS","1"
"\nT","1"
"] r","1"
"]()","1"
"](a","1"
"]+@","1"
"]+\","1"
"]: ","1"
"]{ ","1"
"]{2","1"
"_%+","1"
"_1,","1"
"_3(","1"
"_3)","1"
"_CO","1"
"_SI","1"
"_ad","1"
"_de","1"
"_sh","1"
"_t>","1"
"_tr","1"
"_tu","1"
"a (","1"
"a *","1"
"a +","1"
"a /","1"
"a :","1"
"a M","1"
"a b","1"
"a p","1"
"a r","1"
"a s","1"
"a')","1"
"a':","1"
"a('","1"
"a(2","1"
"a(4","1"
"a(5","1"
"a),","1"
"a.c","1"
"a.e","1"
"a1)","1"
"a1:","1"
"a2 ","1"
"a2)","1"
"a2;","1"
"a; ","1"
"a[-","1"
"a[N","1"
"aba","1"
"abr","1"
"aci","1"
"ad""","1"
"ad,","1"
"ad;","1"
"ade","1"
"aje","1"
"ak ","1"
"al]","1"
"amo","1"
"an)","1"
"an,","1"
"ann","1"
"ap)","1"
"ap;","1"
"ap[","1"
"apr","1"
"ar*","1"
"ars","1"
"ary","1"
"as_","1"
"at>","1"
"ay:","1"
"ay;","1"
"ays","1"
"b <","1"
"b =","1"
"b ?","1"
"b(1","1"
"b(f","1"
"b),","1"
"b, ","1"
"b.d","1"
"b.g","1"
"ba ","1"
"bef","1"
"bn ","1"
"bn(","1"
"bn;","1"
"bn]","1"
"bri","1"
"c C","1"
"c D","1"
"c M","1"
"c O","1"
"c e","1"
"c l","1"
"c m","1"
"c o","1"
"c p","1"
"c v","1"
"c {","1"
"c',","1"
"c(1","1"
"c(6","1"
"c(l","1"
"c);","1"
"c, ","1"
"c.p","1"
"c.s","1"
"c1(","1"
"c1|","1"
"c2(","1"
"cbe","1"
"ceh","1"
"cem","1"
"cen","1"
"ch,","1"
"ch.","1"
"ch:","1"
"ch;","1"
"cia","1"
"cif","1"
"cin","1"
"cip","1"
"cir","1"
"ció","1"
"ck,","1"
"ck;","1"
"ck>","1"
"cki","1"
"clt","1"
"cma","1"
"cpy","1"
"cst","1"
"ct(","1"
"ct-","1"
"ct:","1"
"ct;","1"
"ct<","1"
"cut","1"
"cv;","1"
"cy ","1"
"cía","1"
"d ""","1"
"d '","1"
"d -","1"
"d 3","1"
"d I","1"
"d R","1"
"d g","1"
"d q","1"
"d v","1"
"d"",","1"
"d"";","1"
"d' ","1"
"d(""","1"
"d(1","1"
"d(a","1"
"d(l","1"
"d(v","1"
"d),","1"
"d):","1"
"d* ","1"
"d.f","1"
"d.r","1"
"d.s","1"
"d<R","1"
"d<d","1"
"d](","1"
"d_i","1"
"da,","1"
"da:","1"
"dd(","1"
"dd,","1"
"dd;","1"
"ddi","1"
"deq","1"
"dia","1"
"dif","1"
"do""","1"
"doe","1"
"ds""","1"
"ds,","1"
"ds.","1"
"ds;","1"
"ds>","1"
"d{1","1"
"d{4","1"
"e -","1"
"e >","1"
"e ?","1"
"e D","1"
"e L","1"
"e M","1"
"e R","1"
"e g","1"
"e n","1"
"e y","1"
"e& ","1"
"e(b","1"
"e(m","1"
"e(r","1"
"e(u","1"
"e)""","1"
"e))","1"
"e).","1"
"e..","1"
"e.\","1"
"e.d","1"
"e1 ","1"
"e1)","1"
"e1,","1"
"e2 ","1"
"e2,","1"
"e:""","1"
"e; ","1"
"e<>","1"
"e<L","1"
"e<U","1"
"e<v","1"
"e>>","1"
"e@c","1"
"e[]","1"
"ea ","1"
"eac","1"
"ear","1"
"ec(","1"
"ece","1"
"eck","1"
"ecl","1"
"ecr","1"
"ecu","1"
"ed-","1"
"ed;","1"
"ed<","1"
"eda","1"
"ee(","1"
"ef(","1"
"efo","1"
"egu","1"
"eho","1"
"eid","1"
"ein","1"
"eiv","1"
"els","1"
"ens","1"
"equ","1"
"er2","1"
"er3","1"
"er>","1"
"erl","1"
"es,","1"
"es-","1"
"es:","1"
"es;","1"
"es<","1"
"et;","1"
"etI","1"
"et]","1"
"etl","1"
"evi","1"
"evu","1"
"ew ","1"
"exe","1"
"ez""","1"
"f 3","1"
"f 4","1"
"f 5","1"
"f <","1"
"f =","1"
"f R","1"
"f(f","1"
"f<i","1"
"ffl","1"
"fie","1"
"fig","1"
"flu","1"
"fo>","1"
"fop","1"
"fou","1"
"fpr","1"
"fre","1"
"fri","1"
"ful","1"
"g (","1"
"g <","1"
"g"")","1"
"g"";","1"
"g""}","1"
"g)>","1"
"g.h","1"
"g::","1"
"g>{","1"
"gat","1"
"ge ","1"
"ge&","1"
"ge.","1"
"ge;","1"
"go:","1"
"go;","1"
"go[","1"
"gs&","1"
"gs)","1"
"gs.","1"
"gs>","1"
"gst","1"
"gue","1"
"gul","1"
"gun","1"
"h *","1"
"h +","1"
"h =","1"
"h S","1"
"h f","1"
"h p","1"
"h r","1"
"h s","1"
"h v","1"
"h(T","1"
"h(b","1"
"h(c","1"
"h(f","1"
"h(t","1"
"h(w","1"
"h))","1"
"h.s","1"
"h: ","1"
"h::","1"
"h<i","1"
"h] ","1"
"h_a","1"
"ha(","1"
"ha:","1"
"hec","1"
"hel","1"
"hem","1"
"hen","1"
"hm>","1"
"hn@","1"
"hs,","1"
"hs;","1"
"ht ","1"
"ht(","1"
"ht)","1"
"i),","1"
"i: ","1"
"i_d","1"
"ib ","1"
"ib(","1"
"ib;","1"
"ice","1"
"ics","1"
"id""","1"
"id*","1"
"id>","1"
"id]","1"
"ida","1"
"ied","1"
"iel","1"
"ies","1"
"if<","1"
"ifs","1"
"ig""","1"
"igu","1"
"ijo","1"
"il ","1"
"ili","1"
"ils","1"
"in:","1"
"inf","1"
"inh","1"
"io.","1"
"io:","1"
"io;","1"
"ipi","1"
"ips","1"
"ipu","1"
"is""","1"
"is,","1"
"isV","1"
"ism","1"
"it:","1"
"ita","1"
"itc","1"
"ity","1"
"iza","1"
"ión","1"
"jan","1"
"je ","1"
"joh","1"
"joi","1"
"jot","1"
"k c","1"
"k p","1"
"k {","1"
"k(i","1"
"k(l","1"
"k(o","1"
"k(s","1"
"k(w","1"
"k, ","1"
"k.e","1"
"k: ","1"
"k<b","1"
"k<m","1"
"k_p","1"
"kin","1"
"l +","1"
"l >","1"
"l G","1"
"l P","1"
"l R","1"
"l s","1"
"l(5","1"
"l(n","1"
"l<s","1"
"l> ","1"
"l] ","1"
"lau","1"
"ld'","1"
"ld)","1"
"ld;","1"
"ld]","1"
"le<","1"
"les","1"
"li_","1"
"lif","1"
"lit","1"
"liz","1"
"lo(","1"
"lo;","1"
"ls ","1"
"ls:","1"
"lto","1"
"lty","1"
"luc","1"
"lus","1"
"luy","1"
"ly;","1"
"lyi","1"
"lym","1"
"m :","1"
"m C","1"
"m b","1"
"m c","1"
"m e","1"
"m n","1"
"m o","1"
"m s","1"
"m')","1"
"m':","1"
"m(v","1"
"m))","1"
"m, ","1"
"m: ","1"
"m_d","1"
"m_r","1"
"me:","1"
"me>","1"
"med","1"
"mma","1"
"mo ","1"
"mpa","1"
"mpi","1"
"mpu","1"
"mt1","1"
"my(","1"
"my1","1"
"n !","1"
"n %","1"
"n +","1"
"n -","1"
"n :","1"
"n >","1"
"n A","1"
"n C","1"
"n D","1"
"n N","1"
"n Q","1"
"n b","1"
"n {","1"
"n(""","1"
"n(1","1"
"n(3","1"
"n(c","1"
"n(m","1"
"n(n","1"
"n(p","1"
"n(r","1"
"n(v","1"
"n))","1"
"n.c","1"
"n; ","1"
"n<i","1"
"n@e","1"
"nCh","1"
"nSa","1"
"nTo","1"
"n] ","1"
"n_p","1"
"nc(","1"
"nc,","1"
"ncu","1"
"ncy","1"
"nd)","1"
"nd:","1"
"nd;","1"
"nd_","1"
"ne)","1"
"ne.","1"
"ne:","1"
"ne;","1"
"nes","1"
"nex","1"
"ng.","1"
"ng;","1"
"ngs","1"
"nhe","1"
"nip","1"
"niv","1"
"nno","1"
"no""","1"
"no;","1"
"no>","1"
"nou","1"
"npo","1"
"ns""","1"
"ns:","1"
"nt+","1"
"nt-","1"
"nt]","1"
"ntf","1"
"nto","1"
"nvi","1"
"ny.","1"
"ny>","1"
"o ""","1"
"o (","1"
"o 1","1"
"o 2","1"
"o 4","1"
"o :","1"
"o =","1"
"o [","1"
"o g","1"
"o s","1"
"o t","1"
"o&&","1"
"o(a","1"
"o(t","1"
"o))","1"
"o* ","1"
"o:""","1"
"o; ","1"
"o[i","1"
"oc(","1"
"oce","1"
"oda","1"
"odi","1"
"oe@","1"
"ohn","1"
"ok:","1"
"ol>","1"
"ole","1"
"oly","1"
"om,","1"
"om>","1"
"oma","1"
"ome","1"
"on.","1"
"on>","1"
"onc","1"
"oo ","1"
"ook","1"
"op_","1"
"ore","1"
"org","1"
"orp","1"
"ors","1"
"os:","1"
"os[","1"
"ot;","1"
"ow""","1"
"ow:","1"
"ows","1"
"oye","1"
"p =","1"
"p a","1"
"p(0","1"
"p(g","1"
"p.x","1"
"p.y","1"
"p1(","1"
"p2 ","1"
"p2(","1"
"p2;","1"
"p; ","1"
"p<i","1"
"p[w","1"
"p_b","1"
"pan","1"
"pe_","1"
"phi","1"
"pil","1"
"pit","1"
"por","1"
"ps:","1"
"pt>","1"
"pul","1"
"py ","1"
"py_","1"
"pér","1"
"q.e","1"
"q.f","1"
"qua","1"
"r !","1"
"r '","1"
"r *","1"
"r -","1"
"r >","1"
"r t","1"
"r u","1"
"r v","1"
"r w","1"
"r(0","1"
"r(4","1"
"r(F","1"
"r(a","1"
"r(i","1"
"r(u","1"
"r(w","1"
"r),","1"
"r);","1"
"r* ","1"
"r+(","1"
"r+=","1"
"r.b","1"
"r.e","1"
"r.i","1"
"r.m","1"
"r.r","1"
"r.w","1"
"r2""","1"
"r3""","1"
"r; ","1"
"r<<","1"
"r<L","1"
"r<O","1"
"r<S","1"
"r<U","1"
"r<u","1"
"r==","1"
"r[2","1"
"rcp","1"
"rcí","1"
"rd(","1"
"rd)","1"
"rd.","1"
"rd;","1"
"rd<","1"
"re(","1"
"re;","1"
"re<","1"
"re>","1"
"ree","1"
"rfl","1"
"rfo","1"
"rg,","1"
"rig","1"
"rlo","1"
"rme","1"
"rno","1"
"ro""","1"
"ro;","1"
"roc","1"
"roy","1"
"rph","1"
"rqu","1"
"rr;","1"
"rs""","1"
"rs,","1"
"rs:","1"
"rs;","1"
"rt)","1"
"rt>","1"
"rva","1"
"s ""","1"
"s *","1"
"s :","1"
"s A","1"
"s B","1"
"s D","1"
"s G","1"
"s L","1"
"s O","1"
"s P","1"
"s T","1"
"s U","1"
"s b","1"
"s g","1"
"s l","1"
"s m","1"
"s n","1"
"s w","1"
"s&.","1"
"s(""","1"
"s(d","1"
"s(r","1"
"s(y","1"
"s),","1"
"s):","1"
"s->","1"
"s..","1"
"s.r","1"
"s.s","1"
"s1)","1"
"s2-","1"
"s3(","1"
"s3)","1"
"s<f","1"
"s>(","1"
"sVi","1"
"s[i","1"
"s_a","1"
"s_v","1"
"sab","1"
"sco","1"
"se""","1"
"se)","1"
"se;","1"
"sea","1"
"sem","1"
"sfu","1"
"sm ","1"
"som","1"
"sr(","1"
"ss.","1"
"ss;","1"
"ssf","1"
"stá","1"
"suc","1"
"swi","1"
"t ""","1"
"t -","1"
"t >","1"
"t A","1"
"t G","1"
"t I","1"
"t M","1"
"t N","1"
"t R","1"
"t r","1"
"t u","1"
"t w","1"
"t"" ","1"
"t(5","1"
"t(I","1"
"t([","1"
"t(a","1"
"t(f","1"
"t(h","1"
"t(i","1"
"t(l","1"
"t(m","1"
"t(t","1"
"t(v","1"
"t):","1"
"t)>","1"
"t* ","1"
"t++","1"
"t-E","1"
"t-o","1"
"t.\","1"
"t.d","1"
"t.j","1"
"t19","1"
"t2 ","1"
"t2)","1"
"t<1","1"
"t<m","1"
"t>>","1"
"tId","1"
"t[1","1"
"t[w","1"
"t];","1"
"t]{","1"
"tam","1"
"tap","1"
"tc.","1"
"tde","1"
"te.","1"
"te>","1"
"te[","1"
"tf(","1"
"th,","1"
"th:","1"
"th>","1"
"th]","1"
"til","1"
"tli","1"
"to""","1"
"to*","1"
"to:","1"
"tod","1"
"toi","1"
"tr)","1"
"tr,","1"
"tr[","1"
"trc","1"
"tro","1"
"tx)","1"
"tx;","1"
"ty>","1"
"tá ","1"
"uaj","1"
"ub(","1"
"ucc","1"
"uci","1"
"ue""","1"
"ue,","1"
"uez","1"
"uij","1"
"uis","1"
"uld","1"
"um)","1"
"um:","1"
"umm","1"
"une","1"
"unk","1"
"up;","1"
"upé","1"
"ur ","1"
"uri","1"
"urs","1"
"ut""","1"
"uye","1"
"v"")","1"
"v"",","1"
"v) ","1"
"v.w","1"
"v; ","1"
"vic","1"
"vue","1"
"w +","1"
"w -","1"
"w C","1"
"w a","1"
"w m","1"
"w"")","1"
"w),","1"
"w+""","1"
"w, ","1"
"w: ","1"
"wed","1"
"whe","1"
"wil","1"
"ws ","1"
"x *","1"
"x -","1"
"x e","1"
"x m","1"
"x n","1"
"x p","1"
"x"" ","1"
"x(0","1"
"x(a","1"
"x(m","1"
"x(x","1"
"x),","1"
"x);","1"
"x; ","1"
"x> ","1"
"x_s","1"
"xec","1"
"xpe","1"
"xt ","1"
"xt:","1"
"xup","1"
"y -","1"
"y 2","1"
"y 3","1"
"y <","1"
"y c","1"
"y m","1"
"y o","1"
"y s","1"
"y t","1"
"y u","1"
"y z","1"
"y""}","1"
"y(""","1"
"y(0","1"
"y(d","1"
"y(r","1"
"y(u","1"
"y(y","1"
"y);","1"
"y.o","1"
"y.r","1"
"y.s","1"
"y1""","1"
"y: ","1"
"y<d","1"
"y_i","1"
"ye:","1"
"yed","1"
"yin","1"
"ymo","1"
"ys(","1"
"z"",","1"
"z' ","1"
"zat","1"
"ze:","1"
"zer","1"
"{ A","1"
"{ R","1"
"{ v","1"
"{-5","1"
"{4}","1"
"{5,","1"
"{}(","1"
"| =","1"
"| l","1"
"|c1","1"
"|| ","1"
"} e","1"
"}(w","1"
"}, ","1"
"~Ci","1"
"~Dr","1"
"~Fi","1"
"~Mo","1"
"~Ob","1"
"~Sh","1"
"ÓDI","1"
"á p","1"
"árq","1"
"éry","1"
"ía ","1"
"ños","1"
"ón ","1"
"✓ B","1"
"✓ E","1"
"✓ F","1"
"✓ O","1"
"✓ R","1"
"✓ S","1"
