"   ","8853"
"===","1060"
"int","444"
" = ","443"
" pr","412"
"  p","381"
"nt(","378"
"pri","376"
"rin","376"
" de","331"
"elf","331"
"sel","331"
"ion","264"
"t(f","252"
"(f""","247"
"lf.","216"
" re","211"
"str","208"
"def","199"
"  d","197"
"  #","196"
" # ","195"
"}"")","195"
" se","190"
"ef ","190"
"tio","186"
": {","184"
"dat","181"
"ame","164"
"  r","163"
" in","162"
"ate","159"
"tur","150"
"nam","148"
"ent","139"
"  s","138"
"ing","137"
"""""""","132"
" co","130"
"est","130"
"ter","130"
"(se","129"
"ret","129"
"res","128"
"ata","126"
"ons","124"
"etu","121"
"rat","121"
"rn ","121"
"urn","121"
"tra","119"
"con","118"
"or ","115"
"t(""","109"
"ime","107"
"de ","106"
"ers","105"
"per","101"
"for","100"
"ile","99"
"nte","99"
"ati","98"
"tim","98"
" ==","97"
"ser","97"
"in ","96"
"ple","96"
"era","92"
"sta","92"
" st","91"
"ult","91"
"  ""","88"
"age","87"
"arg","87"
"ite","87"
"mpl","87"
"ort","86"
"on ","85"
"', ","84"
"unc","82"
"oun","80"
" da","79"
"fil","79"
"imp","79"
"par","79"
"one","77"
"  f","76"
" fo","76"
"e: ","76"
"ed ","76"
"mpo","76"
"ass","75"
"emo","74"
"uar","74"
"if ","72"
"cti","71"
"num","71"
"tor","71"
" as","70"
"  i","69"
" """"","69"
"== ","69"
"ope","69"
"por","69"
"ect","68"
"t =","68"
"ar ","67"
"las","67"
"rt ","67"
"te_","67"
" if","65"
"ari","65"
"unt","65"
"  c","64"
"""\n","64"
"alu","64"
"lue","64"
"s =","64"
""", ","63"
", ""","63"
"_da","63"
"rio","63"
"sul","63"
"ted","62"
"as ","61"
"ng ","61"
"tem","61"
"e =","60"
"es ","60"
"esu","60"
"nst","60"
"pro","60"
"fun","59"
" fi","58"
" pa","58"
"cla","58"
"emp","58"
"f, ","58"
"rea","58"
"ist","57"
"lf)","57"
"que","57"
"sua","57"
"val","57"
"ara","56"
"lib","56"
"mat","56"
"  t","55"
", '","55"
"_in","55"
"ail","55"
"com","55"
"lf,","55"
"tes","55"
"cur","54"
"e, ","54"
"ión","54"
"ra ","54"
" te","53"
") -","53"
"__(","53"
"ado","53"
"ato","53"
"{se","53"
"  e","52"
" + ","52"
"bro","52"
"ibr","52"
"os ","52"
" ->","51"
"-> ","51"
"amp","51"
"f _","51"
"mon","51"
"ció","50"
"ed_","50"
"ext","50"
"log","50"
"usu","50"
")}""","49"
"= {","49"
"cio","49"
"nci","49"
"rgs","49"
" __","48"
" {s","48"
"ess","48"
"tex","48"
"ón ","48"
"ase","47"
"cou","47"
"dem","47"
"ini","47"
"le.","47"
"nit","47"
" op","46"
"loa","46"
"mul","46"
"n f","46"
"son","46"
" us","45"
"duc","45"
"er(","45"
"ick","45"
"me}","45"
"rac","45"
"url","45"
" li","44"
"(""\","44"
"_(s","44"
"ber","44"
"er ","44"
"ial","44"
"s: ","44"
"tar","44"
"  w","43"
"aci","43"
"ath","43"
"mbe","43"
"nce","43"
"umb","43"
"act","42"
"and","42"
"le_","42"
"n s","42"
"ont","42"
"ead","41"
"ert","41"
"ith","41"
"nt ","41"
"ror","41"
"rro","41"
"ula","41"
"use","41"
" ar","40"
" ma","40"
"():","40"
"le ","40"
"not","40"
"ode","40"
"oin","40"
"ona","40"
"s, ","40"
"sam","40"
"sor","40"
" en","39"
", 2","39"
".na","39"
"s()","39"
"sio","39"
"t__","39"
"tat","39"
"ure","39"
" ca","38"
" el","38"
":"")","38"
"hre","38"
"len","38"
"ost","38"
"sed","38"
"ss ","38"
"syn","38"
"ue ","38"
"urr","38"
" DE","37"
" ex","37"
" f""","37"
" na","37"
" ra","37"
" ti","37"
""": ","37"
".co","37"
"all","37"
"asy","37"
"ept","37"
"f._","37"
"it_","37"
"mes","37"
"ran","37"
"ren","37"
"rit","37"
"se ","37"
"tte","37"
"ync","37"
" is","36"
"Dem","36"
"ali","36"
"cep","36"
"equ","36"
"lat","36"
"mos","36"
"ner","36"
"pre","36"
"ram","36"
"tri","36"
" De","35"
" fu","35"
": s","35"
"art","35"
"att","35"
"cod","35"
"enc","35"
"exc","35"
"ger","35"
"n r","35"
"omp","35"
"r, ","35"
"ta ","35"
"tac","35"
"te(","35"
"th ","35"
"ues","35"
"xce","35"
" cl","34"
" no","34"
" tr","34"
"_va","34"
"ars","34"
"flo","34"
"fro","34"
"get","34"
"led","34"
"me.","34"
"men","34"
"nes","34"
" fl","33"
"= [","33"
"_co","33"
"ble","33"
"els","33"
"lse","33"
"mai","33"
"nct","33"
"odu","33"
"ogg","33"
"orm","33"
"pat","33"
"rs ","33"
"wit","33"
" wi","32"
"# D","32"
", 1","32"
"2, ","32"
"__i","32"
"_st","32"
"add","32"
"app","32"
"ces","32"
"ene","32"
"f""{","32"
"jso","32"
"onn","32"
"r =","32"
"rad","32"
"rom","32"
"uct","32"
"ype","32"
" qu","31"
"al ","31"
"bas","31"
"den","31"
"eco","31"
"en(","31"
"eti","31"
"f.n","31"
"me ","31"
"oat","31"
"rod","31"
"rre","31"
"sse","31"
" to","30"
"Con","30"
"anc","30"
"cal","30"
"e.t","30"
"end","30"
"f d","30"
"f) ","30"
"fai","30"
"red","30"
"rt_","30"
"t: ","30"
"ver","30"
" an","29"
" bi","29"
", 3","29"
"0, ","29"
"= 1","29"
"_us","29"
"ack","29"
"ema","29"
"ica","29"
"mer","29"
"om ","29"
"on(","29"
"or(","29"
"pen","29"
"ria","29"
"s a","29"
"s d","29"
"tos","29"
"  a","28"
" lo","28"
" nu","28"
" su","28"
"# =","28"
"# C","28"
"1, ","28"
"ecu","28"
"er.","28"
"e} ","28"
"lis","28"
"n a","28"
"n d","28"
"nal","28"
"nec","28"
"ot ","28"
"wor","28"
"wri","28"
" - ","27"
" cu","27"
" x ","27"
"""De","27"
"_pa","27"
"ar_","27"
"eci","27"
"ed:","27"
"e}""","27"
"f):","27"
"hon","27"
"ind","27"
"n c","27"
"s e","27"
"ten","27"
"tet","27"
"  @","26"
" 10","26"
" la","26"
" {e","26"
"""""D","26"
"000","26"
"3, ","26"
"EMO","26"
"d =","26"
"d: ","26"
"f a","26"
"ina","26"
"ins","26"
"nd ","26"
"nne","26"
"rma","26"
"sag","26"
"sin","26"
"tin","26"
"typ","26"
"  l","25"
" Co","25"
" me","25"
" ur","25"
", t","25"
"= l","25"
"_na","25"
"ain","25"
"amb","25"
"ana","25"
"ckl","25"
"dor","25"
"e d","25"
"en ","25"
"f""C","25"
"gin","25"
"gra","25"
"io.","25"
"is ","25"
"kle","25"
"les","25"
"liz","25"
"me:","25"
"nd(","25"
"ore","25"
"r i","25"
"ros","25"
"s f","25"
"ssa","25"
"st(","25"
"t, ","25"
"war","25"
" th","24"
", i","24"
", n","24"
"= c","24"
"> s","24"
"DEM","24"
"ES ","24"
"Err","24"
"al(","24"
"bda","24"
"ise","24"
"mbd","24"
"pec","24"
"pti","24"
"rse","24"
"set","24"
"st_","24"
"sum","24"
"t()","24"
"thr","24"
"tr:","24"
"urs","24"
" va","23"
"""Co","23"
".ti","23"
"5, ","23"
"="")","23"
"==""","23"
"Fun","23"
"Non","23"
"O =","23"
"\n=","23"
"arr","23"
"d"")","23"
"da ","23"
"day","23"
"ear","23"
"f.c","23"
"f.t","23"
"fin","23"
"ios","23"
"lam","23"
"me_","23"
"n =","23"
"n==","23"
"nco","23"
"ori","23"
"rar","23"
"tad","23"
"tan","23"
"tho","23"
"to ","23"
"  b","22"
" **","22"
" di","22"
" {p","22"
"""{s","22"
"': ","22"
"'sa","22"
", a","22"
", f","22"
", s","22"
".__","22"
"= 0","22"
"MO ","22"
"ed""","22"
"f""S","22"
"ge ","22"
"gs)","22"
"ib.","22"
"mal","22"
"on.","22"
"pic","22"
"qua","22"
"rec","22"
"ree","22"
"st ","22"
"tip","22"
" ag","21"
" em","21"
" im","21"
" le","21"
" mo","21"
"(ar","21"
".fi","21"
": i","21"
"= a","21"
"= f","21"
"= r","21"
"aba","21"
"cci","21"
"e()","21"
"eri","21"
"erm","21"
"ice","21"
"imu","21"
"iti","21"
"ivo","21"
"iza","21"
"lar","21"
"lt ","21"
"min","21"
"omb","21"
"ora","21"
"rso","21"
"rte","21"
"s i","21"
"s""""","21"
"ssi","21"
"sti","21"
"s}""","21"
"tas","21"
"th.","21"
"tic","21"
"ts ","21"
"tud","21"
"ude","21"
"und","21"
" No","20"
" fa","20"
" si","20"
" {m","20"
") =","20"
", 4","20"
", d","20"
"_op","20"
"_ti","20"
"acc","20"
"ais","20"
"alc","20"
"ask","20"
"cas","20"
"cat","20"
"cha","20"
"d_d","20"
"din","20"
"dos","20"
"e('","20"
"emu","20"
"er_","20"
"f""P","20"
"f""\","20"
"in(","20"
"isi","20"
"kwa","20"
"mue","20"
"n, ","20"
"nt:","20"
"ool","20"
"ppe","20"
"rai","20"
"rue","20"
"se:","20"
"tr,","20"
"ual","20"
"xt ","20"
"') ","19"
"(x)","19"
") a","19"
", *","19"
", c","19"
", e","19"
".ex","19"
".te","19"
".wr","19"
"= s","19"
"ION","19"
"Sta","19"
"_re","19"
"ann","19"
"atu","19"
"cto","19"
"e c","19"
"e"")","19"
"e(s","19"
"e):","19"
"eat","19"
"eme","19"
"ero","19"
"err","19"
"erv","19"
"f i","19"
"ggi","19"
"ima","19"
"ine","19"
"inf","19"
"ive","19"
"lti","19"
"mit","19"
"now","19"
"ns ","19"
"on_","19"
"own","19"
"r p","19"
"rch","19"
"reg","19"
"ric","19"
"spe","19"
"tal","19"
"ume","19"
"uto","19"
"  u","18"
" pe","18"
" ta","18"
" {f","18"
", 5","18"
", m","18"
"2 =","18"
"4, ","18"
"Tes","18"
"] =","18"
"_pr","18"
"a d","18"
"ang","18"
"bre","18"
"ce(","18"
"cor","18"
"cte","18"
"ctu","18"
"cut","18"
"dd_","18"
"dir","18"
"e i","18"
"e_p","18"
"e_s","18"
"ems","18"
"f m","18"
"f s","18"
"f""F","18"
"ge(","18"
"ict","18"
"ilu","18"
"lle","18"
"lur","18"
"n t","18"
"nge","18"
"o d","18"
"oce","18"
"ond","18"
"ork","18"
"pt ","18"
"roc","18"
"rsi","18"
"s"")","18"
"tab","18"
"the","18"
"try","18"
"ttp","18"
" * ","17"
" 2,","17"
" ob","17"
" {r","17"
"""✓ ","17"
".tx","17"
"= T","17"
"Dec","17"
"ade","17"
"bon","17"
"dec","17"
"e t","17"
"el ","17"
"ern","17"
"es""","17"
"f""✓","17"
"f.f","17"
"ipl","17"
"it ","17"
"lic","17"
"lts","17"
"man","17"
"nac","17"
"nag","17"
"nde","17"
"nno","17"
"ota","17"
"row","17"
"ry:","17"
"s c","17"
"s:""","17"
"sts","17"
"ta)","17"
"tia","17"
"txt","17"
"t}""","17"
"uen","17"
"van","17"
"  n","16"
" 3,","16"
" Tr","16"
" fr","16"
" it","16"
" wr","16"
"('s","16"
"(10","16"
".da","16"
".ge","16"
"= ""","16"
"= t","16"
"Fil","16"
"Pro","16"
"S D","16"
"Sim","16"
"Tru","16"
"Val","16"
"_fu","16"
"_so","16"
"a =","16"
"adi","16"
"ait","16"
"als","16"
"arc","16"
"ary","16"
"bib","16"
"bin","16"
"chi","16"
"ck ","16"
"cls","16"
"d d","16"
"d_u","16"
"ded","16"
"e p","16"
"e"",","16"
"e__","16"
"et_","16"
"eve","16"
"gge","16"
"hiv","16"
"iel","16"
"is_","16"
"itu","16"
"me,","16"
"met","16"
"ns(","16"
"oad","16"
"ogr","16"
"ord","16"
"pos","16"
"rog","16"
"rs)","16"
"t c","16"
"t i","16"
"t(s","16"
"t):","16"
"t_e","16"
"tch","16"
"too","16"
"ts_","16"
"wai","16"
"x, ","16"
"xec","16"
"}, ","16"
" Si","15"
" ad","15"
" y ","15"
" {a","15"
" {c","15"
" {n","15"
"""""C","15"
"# F","15"
"()}","15"
"), ","15"
"*ar","15"
"."")","15"
".as","15"
".is","15"
"= d","15"
"S =","15"
"__n","15"
"a x","15"
"ach","15"
"ada","15"
"are","15"
"bje","15"
"che","15"
"ck.","15"
"cre","15"
"e.c","15"
"e.d","15"
"ed}","15"
"eld","15"
"es:","15"
"gs,","15"
"ien","15"
"isb","15"
"lem","15"
"let","15"
"ll(","15"
"me(","15"
"mmi","15"
"n: ","15"
"ogo","15"
"poi","15"
"r f","15"
"r(""","15"
"r):","15"
"re_","15"
"rou","15"
"sbn","15"
"sto","15"
"t m","15"
"t.a","15"
"t_d","15"
"te ","15"
"ulo","15"
"x: ","15"
"zad","15"
" +=","14"
" Pr","14"
" St","14"
" aw","14"
" ba","14"
" be","14"
" f:","14"
" mu","14"
"""St","14"
"""Th","14"
"""• ","14"
"(""•","14"
"(da","14"
"(na","14"
"(nu","14"
"**k","14"
"*kw","14"
"+= ","14"
".mo","14"
".re","14"
"100","14"
": ""","14"
": f","14"
": x","14"
"= p","14"
"Cou","14"
"Dat","14"
"Poi","14"
"_li","14"
"ale","14"
"ans","14"
"awa","14"
"bse","14"
"dar","14"
"del","14"
"dic","14"
"dis","14"
"dit","14"
"e f","14"
"e o","14"
"e_d","14"
"e_f","14"
"eap","14"
"ens","14"
"eue","14"
"exe","14"
"f c","14"
"her","14"
"htt","14"
"ibo","14"
"ies","14"
"jec","14"
"l, ","14"
"lie","14"
"mpt","14"
"n e","14"
"n i","14"
"n"")","14"
"ndi","14"
"nsu","14"
"nt)","14"
"obs","14"
"on""","14"
"on:","14"
"or.","14"
"or:","14"
"r d","14"
"r()","14"
"rge","14"
"ro.","14"
"rs(","14"
"rs:","14"
"rve","14"
"s):","14"
"t_t","14"
"tit","14"
"tr)","14"
"ueu","14"
"upe","14"
"ute","14"
"{ma","14"
"{pa","14"
"} s","14"
"}: ","14"
" ('","13"
" Li","13"
" Te","13"
" Us","13"
" Va","13"
" ge","13"
" i ","13"
" po","13"
" x:","13"
"# S","13"
"+ 1","13"
", y","13"
".ap","13"
".ca","13"
".st","13"
"Com","13"
"Gen","13"
"ING","13"
"NG ","13"
"TIO","13"
"__}","13"
"_an","13"
"_lo","13"
"_ty","13"
"abl","13"
"alo","13"
"atc","13"
"aut","13"
"ays","13"
"cel","13"
"d}""","13"
"e_m","13"
"ega","13"
"ena","13"
"etr","13"
"f n","13"
"f}""","13"
"ge""","13"
"gen","13"
"ill","13"
"ilt","13"
"imi","13"
"ius","13"
"ivi","13"
"ize","13"
"lin","13"
"los","13"
"lsi","13"
"max","13"
"med","13"
"mid","13"
"n()","13"
"nc_","13"
"ncr","13"
"nda","13"
"nfi","13"
"nfo","13"
"ng(","13"
"nio","13"
"nt,","13"
"nto","13"
"o, ","13"
"obj","13"
"pho","13"
"r_c","13"
"rmi","13"
"rt(","13"
"s.a","13"
"s_p","13"
"sim","13"
"siu","13"
"st.","13"
"ste","13"
"t a","13"
"uce","13"
"uck","13"
"ue:","13"
"var","13"
"ve(","13"
"y: ","13"
"yth","13"
" Da","12"
" a ","12"
" so","12"
"""Fu","12"
"# A","12"
"# L","12"
"# P","12"
"() ","12"
"().","12"
"(*a","12"
"(5)","12"
")  ","12"
", (","12"
", l","12"
".4f","12"
".no","12"
".pr","12"
"10)","12"
"4f}","12"
": '","12"
":.4","12"
"= D","12"
"= i","12"
"Fra","12"
"_fa","12"
"_it","12"
"_ta","12"
"cac","12"
"csv","12"
"ct(","12"
"cul","12"
"d p","12"
"d_t","12"
"das","12"
"dle","12"
"e h","12"
"e n","12"
"e',","12"
"e_a","12"
"e_t","12"
"eli","12"
"ere","12"
"es(","12"
"eto","12"
"exa","12"
"f""T","12"
"g()","12"
"h o","12"
"hai","12"
"ibl","12"
"id_","12"
"in_","12"
"irs","12"
"iss","12"
"kil","12"
"lcu","12"
"le:","12"
"lim","12"
"ls.","12"
"mbr","12"
"mis","12"
"mod","12"
"n('","12"
"n(s","12"
"n_s","12"
"ne ","12"
"ng""","12"
"nom","12"
"nt_","12"
"ols","12"
"r c","12"
"r n","12"
"r r","12"
"r t","12"
"r(f","12"
"rim","12"
"ro ","12"
"s p","12"
"s)}","12"
"sic","12"
"siv","12"
"t s","12"
"ta(","12"
"tul","12"
"tus","12"
"ust","12"
"xam","12"
"{re","12"
" 2)","11"
" 20","11"
" 30","11"
" 4,","11"
" < ","11"
" An","11"
" Fa","11"
" Fu","11"
" do","11"
" er","11"
" gr","11"
" pi","11"
" sa","11"
" sh","11"
" {d","11"
" {l","11"
" {u","11"
"(""T","11"
"(fi","11"
", p","11"
"._c","11"
"1 =","11"
"= F","11"
"= b","11"
"Cha","11"
"Fal","11"
"Pyt","11"
"_eq","11"
"_ma","11"
"_nu","11"
"_se","11"
"a e","11"
"al_","11"
"at_","11"
"aul","11"
"be ","11"
"car","11"
"ct ","11"
"ct.","11"
"der","11"
"dog","11"
"e l","11"
"e s","11"
"e(""","11"
"e.s","11"
"e_u","11"
"eep","11"
"efa","11"
"erg","11"
"exi","11"
"exp","11"
"f""A","11"
"f.i","11"
"fau","11"
"g f","11"
"his","11"
"io ","11"
"isp","11"
"l =","11"
"l p","11"
"lea","11"
"lex","11"
"lid","11"
"lte","11"
"lt}","11"
"nar","11"
"ndl","11"
"ne:","11"
"ng.","11"
"nim","11"
"nsa","11"
"nta","11"
"ohn","11"
"ply","11"
"pon","11"
"ps(","11"
"r a","11"
"r__","11"
"ral","11"
"rap","11"
"rgy","11"
"rie","11"
"ron","11"
"rti","11"
"s S","11"
"sac","11"
"sec","11"
"ski","11"
"sle","11"
"sup","11"
"t"")","11"
"tod","11"
"tr_","11"
"tru","11"
"um ","11"
"ura","11"
"wra","11"
" 1)","10"
" <=","10"
" Do","10"
" au","10"
" he","10"
" id","10"
" js","10"
" n ","10"
" {i","10"
" {t","10"
"""Fi","10"
"# E","10"
"# G","10"
"(""C","10"
"('a","10"
"(fu","10"
")._","10"
"):.","10"
"**2","10"
"._i","10"
".lo","10"
"://","10"
"<= ","10"
"= N","10"
"ATI","10"
"ERA","10"
"Exc","10"
"JSO","10"
"NCI","10"
"Par","10"
"RAT","10"
"SON","10"
"Thi","10"
"[1,","10"
"__s","10"
"_di","10"
"a a","10"
"a o","10"
"a: ","10"
"ad ","10"
"amm","10"
"así","10"
"ax_","10"
"ce ","10"
"cis","10"
"cle","10"
"cro","10"
"de(","10"
"div","10"
"do ","10"
"e e","10"
"e"":","10"
"eEr","10"
"e_h","10"
"eta","10"
"eth","10"
"f p","10"
"f.a","10"
"fac","10"
"fib","10"
"g t","10"
"gar","10"
"ge:","10"
"gre","10"
"har","10"
"he ","10"
"hea","10"
"hod","10"
"ida","10"
"ld ","10"
"le(","10"
"lee","10"
"loc","10"
"me'","10"
"me)","10"
"mor","10"
"n m","10"
"n(a","10"
"n):","10"
"nd_","10"
"nlo","10"
"nse","10"
"nti","10"
"nts","10"
"ow ","10"
"ow(","10"
"p1.","10"
"p_d","10"
"r e","10"
"r.e","10"
"re.","10"
"rig","10"
"rip","10"
"ro(","10"
"run","10"
"seq","10"
"so ","10"
"sou","10"
"spo","10"
"sín","10"
"t b","10"
"t_f","10"
"ta.","10"
"tme","10"
"tom","10"
"ue)","10"
"upl","10"
"utu","10"
"wee","10"
"yea","10"
"zip","10"
"{co","10"
"ínc","10"
"  o","9"
"  {","9"
" ""h","9"
" 'r","9"
" 25","9"
" Ex","9"
" Fi","9"
" Ge","9"
" In","9"
" MA","9"
" Y ","9"
" [1","9"
" av","9"
" cr","9"
" e:","9"
" es","9"
" or","9"
" ty","9"
" un","9"
" wa","9"
"""Do","9"
"# B","9"
"# U","9"
"())","9"
"(it","9"
", 7","9"
", v","9"
".ag","9"
".du","9"
".fa","9"
".pa","9"
".us","9"
":"",","9"
"= S","9"
"= n","9"
"Ali","9"
"Ani","9"
"DAT","9"
"Joh","9"
"Lib","9"
"Lis","9"
"ONE","9"
"ONS","9"
"Stu","9"
"Thr","9"
"_fi","9"
"_ms","9"
"_ur","9"
"a f","9"
"a t","9"
"a['","9"
"acl","9"
"ani","9"
"anz","9"
"at)","9"
"ava","9"
"can","9"
"ccu","9"
"ced","9"
"dex","9"
"dow","9"
"dum","9"
"e a","9"
"e':","9"
"e(n","9"
"e_l","9"
"e_n","9"
"ede","9"
"eed","9"
"eek","9"
"ep(","9"
"et(","9"
"f f","9"
"f.s","9"
"f.u","9"
"fie","9"
"fut","9"
"ge)","9"
"gle","9"
"han","9"
"has","9"
"i i","9"
"ian","9"
"igh","9"
"il.","9"
"joi","9"
"key","9"
"l: ","9"
"lel","9"
"lo ","9"
"lta","9"
"mp_","9"
"msg","9"
"n p","9"
"n {","9"
"nc)","9"
"ndo","9"
"ngl","9"
"ns:","9"
"nza","9"
"o =","9"
"o p","9"
"on'","9"
"on)","9"
"ors","9"
"ose","9"
"ove","9"
"p =","9"
"pas","9"
"pli","9"
"plo","9"
"ps:","9"
"r: ","9"
"r_l","9"
"re ","9"
"rr[","9"
"rst","9"
"rto","9"
"ry ","9"
"se(","9"
"se_","9"
"squ","9"
"stu","9"
"sub","9"
"sys","9"
"ta[","9"
"tps","9"
"two","9"
"ueE","9"
"ump","9"
"uta","9"
"ven","9"
"vos","9"
"x) ","9"
"xc_","9"
"xt)","9"
"y =","9"
"zat","9"
"{fi","9"
"{na","9"
"{st","9"
"  y","8"
" ""c","8"
" 'c","8"
" 0)","8"
" 0:","8"
" ET","8"
" IN","8"
" Re","8"
" Ty","8"
" UR","8"
" al","8"
" by","8"
" f.","8"
" mi","8"
" ne","8"
" ph","8"
" ri","8"
" ro","8"
" wo","8"
" {""","8"
"""""F","8"
"""Pa","8"
"# T","8"
"(""F","8"
"(co","8"
"): ","8"
", 8","8"
", b","8"
", o","8"
", u","8"
".di","8"
".li","8"
".pu","8"
".sl","8"
"1):","8"
"2}""","8"
": 2","8"
"= (","8"
"= 2","8"
"= P","8"
"= m","8"
"=2)","8"
"? {","8"
"Age","8"
"Cal","8"
"DE ","8"
"Dog","8"
"Enu","8"
"ISB","8"
"Int","8"
"Per","8"
"RES","8"
"SBN","8"
"Typ","8"
"[in","8"
"[st","8"
"], ","8"
"_js","8"
"_th","8"
"_}""","8"
"a c","8"
"a s","8"
"ace","8"
"ads","8"
"api","8"
"arn","8"
"at:","8"
"cie","8"
"cim","8"
"ck(","8"
"ck:","8"
"d f","8"
"d(s","8"
"d_s","8"
"dva","8"
"e -","8"
"e b","8"
"e(1","8"
"ech","8"
"edu","8"
"eft","8"
"enu","8"
"er:","8"
"ese","8"
"ete","8"
"ett","8"
"f""M","8"
"f.m","8"
"f.w","8"
"fir","8"
"g =","8"
"g: ","8"
"gro","8"
"ide","8"
"ir ","8"
"it(","8"
"ity","8"
"k.p","8"
"k: ","8"
"l.c","8"
"lef","8"
"llo","8"
"loo","8"
"ls ","8"
"m i","8"
"mbi","8"
"mov","8"
"mp1","8"
"n l","8"
"n n","8"
"n o","8"
"n""""","8"
"n',","8"
"n.d","8"
"nat","8"
"nc ","8"
"ne)","8"
"nin","8"
"nso","8"
"nt.","8"
"nt2","8"
"o""""","8"
"o()","8"
"o(s","8"
"ock","8"
"onc","8"
"ory","8"
"os(","8"
"os.","8"
"oup","8"
"our","8"
"p()","8"
"r l","8"
"r')","8"
"req","8"
"rl ","8"
"rn,","8"
"rop","8"
"ruc","8"
"s -","8"
"s t","8"
"s y","8"
"s(s","8"
"s:/","8"
"sen","8"
"ses","8"
"t E","8"
"t f","8"
"t t","8"
"t) ","8"
"t_v","8"
"ts:","8"
"ucc","8"
"ue(","8"
"uic","8"
"wnl","8"
"x +","8"
"x):","8"
"xt""","8"
"y()","8"
"ycl","8"
"ys.","8"
"{ex","8"
"{e}","8"
"  m","7"
" ""D","7"
" ""S","7"
" 'a","7"
" / ","7"
" 15","7"
" 1:","7"
" 5,","7"
" CO","7"
" DA","7"
" FU","7"
" PR","7"
" Po","7"
" Py","7"
" []","7"
" ap","7"
" at","7"
" bá","7"
" ce","7"
" fe","7"
" ha","7"
" hi","7"
" of","7"
" ot","7"
" sp","7"
" y)","7"
""") ","7"
"""):","7"
"""Al","7"
"""Cl","7"
"""Cu","7"
"""Fo","7"
"""Li","7"
"""Re","7"
"""Us","7"
"""ht","7"
"'b'","7"
"'na","7"
"(""E","7"
"(""S","7"
"(0.","7"
"(1,","7"
"(3,","7"
"(as","7"
"(le","7"
"(me","7"
"(ob","7"
"(x,","7"
").t","7"
", 0","7"
", r","7"
".ad","7"
".se","7"
".tr","7"
".va","7"
"0))","7"
"00,","7"
"30,","7"
"= A","7"
"= C","7"
"= E","7"
"= M","7"
"= u","7"
"@em","7"
"ASE","7"
"Cre","7"
"Cus","7"
"ET.","7"
"Ele","7"
"FUN","7"
"G D","7"
"INT","7"
"NS ","7"
"NTE","7"
"ON ","7"
"Tra","7"
"UNC","7"
"URL","7"
"Uso","7"
"Usu","7"
"\nC","7"
"\nF","7"
"_ad","7"
"_ca","7"
"_en","7"
"_ge","7"
"a p","7"
"a, ","7"
"ad(","7"
"agr","7"
"ams","7"
"an_","7"
"ard","7"
"ast","7"
"at ","7"
"bac","7"
"byt","7"
"bás","7"
"c d","7"
"cce","7"
"ch(","7"
"cia","7"
"cop","7"
"ct_","7"
"d a","7"
"d i","7"
"d t","7"
"d(f","7"
"d, ","7"
"dep","7"
"e <","7"
"e V","7"
"e(2","7"
"e)s","7"
"e='","7"
"edi","7"
"ege","7"
"ell","7"
"er""","7"
"er)","7"
"etw","7"
"f""D","7"
"f""E","7"
"f""I","7"
"f""L","7"
"f""U","7"
"f.p","7"
"f.y","7"
"ful","7"
"g d","7"
"g"")","7"
"g, ","7"
"gat","7"
"ge'","7"
"gor","7"
"h.s","7"
"hin","7"
"ics","7"
"id ","7"
"ied","7"
"inc","7"
"l c","7"
"l_p","7"
"lay","7"
"le,","7"
"lit","7"
"lly","7"
"loy","7"
"mem","7"
"mps","7"
"ms ","7"
"ms:","7"
"na ","7"
"ngs","7"
"nib","7"
"npi","7"
"o i","7"
"o(""","7"
"oda","7"
"of ","7"
"og ","7"
"oll","7"
"oni","7"
"ono","7"
"oor","7"
"os""","7"
"os_","7"
"oth","7"
"ow.","7"
"oye","7"
"pow","7"
"ppl","7"
"pts","7"
"r u","7"
"r x","7"
"r {","7"
"r.w","7"
"r_u","7"
"rs_","7"
"s (","7"
"s P","7"
"s o","7"
"s s","7"
"s.i","7"
"sca","7"
"sks","7"
"t +","7"
"t d","7"
"t',","7"
"t=2","7"
"ta:","7"
"ta_","7"
"te:","7"
"tiv","7"
"to_","7"
"ton","7"
"tre","7"
"ubj","7"
"ue,","7"
"ull","7"
"um_","7"
"us ","7"
"vel","7"
"vid","7"
"vo ","7"
"x *","7"
"xpe","7"
"xt'","7"
"y, ","7"
"yee","7"
"ys ","7"
"yte","7"
"{sy","7"
"ási","7"
"  '","6"
"  (","6"
"  ]","6"
"  }","6"
" ""I","6"
" ""a","6"
" ""n","6"
" 's","6"
" 'w","6"
" 1,","6"
" > ","6"
" @p","6"
" Bu","6"
" Cr","6"
" JS","6"
" Le","6"
" OP","6"
" Ob","6"
" RE","6"
" Un","6"
" cs","6"
" oc","6"
" pu","6"
" r'","6"
" sq","6"
" x,","6"
" y:","6"
" yi","6"
" zf","6"
" {'","6"
" {}","6"
" | ","6"
"!"")","6"
"""An","6"
"""En","6"
"""IS","6"
"""Jo","6"
"""Te","6"
"""na","6"
"'ag","6"
"'r'","6"
"'w'","6"
"(""A","6"
"(""D","6"
"(2,","6"
"(3)","6"
"(f)","6"
"(fa","6"
"(fo","6"
"(in","6"
"(js","6"
"(la","6"
"(li","6"
") f","6"
")} ","6"
"* 2","6"
"** ","6"
", 9","6"
"- s","6"
".0)","6"
".cs","6"
".gr","6"
".sp","6"
"00]","6"
"1 +","6"
"15)","6"
"2))","6"
"200","6"
": 1","6"
": 3","6"
": L","6"
": d","6"
": l","6"
"= e","6"
"= v","6"
"> f","6"
"@pr","6"
"ACI","6"
"ATO","6"
"Any","6"
"BN0","6"
"Bas","6"
"Bob","6"
"CIO","6"
"CIÓ","6"
"CTI","6"
"Cla","6"
"Div","6"
"Doe","6"
"Duc","6"
"E =","6"
"ED ","6"
"EST","6"
"Fib","6"
"Fou","6"
"IÓN","6"
"Log","6"
"N00","6"
"OPE","6"
"Obs","6"
"PER","6"
"REA","6"
"Rea","6"
"Sub","6"
"TE ","6"
"Uni","6"
"Use","6"
"\d{","6"
"\n""","6"
"\nP","6"
"_al","6"
"_at","6"
"_ce","6"
"_ex","6"
"_te","6"
"a m","6"
"a""""","6"
"abs","6"
"adv","6"
"ags","6"
"ake","6"
"ama","6"
"an ","6"
"ane","6"
"at(","6"
"at]","6"
"b.m","6"
"b.p","6"
"bbl","6"
"boo","6"
"c(*","6"
"c_t","6"
"cer","6"
"ch ","6"
"cit","6"
"ck_","6"
"cum","6"
"cyc","6"
"d +","6"
"d m","6"
"d n","6"
"d {","6"
"dad","6"
"dal","6"
"de:","6"
"dpo","6"
"e C","6"
"e m","6"
"e(5","6"
"e.f","6"
"e:""","6"
"e:.","6"
"eCo","6"
"e_o","6"
"ean","6"
"ed(","6"
"ed.","6"
"ela","6"
"er,","6"
"er1","6"
"es.","6"
"esa","6"
"etc","6"
"e},","6"
"e}:","6"
"f e","6"
"f""R","6"
"f.x","6"
"fec","6"
"fly","6"
"fo(","6"
"ght","6"
"hli","6"
"hn ","6"
"hou","6"
"ify","6"
"io,","6"
"iva","6"
"k()","6"
"k_s","6"
"ke_","6"
"kin","6"
"ks ","6"
"l o","6"
"l u","6"
"l_t","6"
"la ","6"
"lec","6"
"ler","6"
"lgo","6"
"ll ","6"
"lli","6"
"lo,","6"
"lt:","6"
"l}""","6"
"m',","6"
"mak","6"
"me""","6"
"mpr","6"
"mut","6"
"n -","6"
"n D","6"
"n [","6"
"n_d","6"
"n_t","6"
"n_v","6"
"na""","6"
"nc(","6"
"ncu","6"
"ndp","6"
"ne_","6"
"ned","6"
"no ","6"
"ns""","6"
"nsi","6"
"nt=","6"
"nt}","6"
"o e","6"
"o n","6"
"o.""","6"
"o.t","6"
"odi","6"
"om'","6"
"on,","6"
"onE","6"
"on}","6"
"oop","6"
"oot","6"
"or,","6"
"os:","6"
"osi","6"
"ow[","6"
"p(0","6"
"pe ","6"
"ped","6"
"pus","6"
"put","6"
"p}""","6"
"qrt","6"
"qui","6"
"r) ","6"
"r[j","6"
"r_t","6"
"rd ","6"
"rda","6"
"rem","6"
"rg:","6"
"rl}","6"
"rmu","6"
"rni","6"
"roo","6"
"rr)","6"
"rs""","6"
"rty","6"
"ry_","6"
"s C","6"
"s b","6"
"s n","6"
"s(f","6"
"s) ","6"
"s.v","6"
"s_c","6"
"se""","6"
"sg)","6"
"sh(","6"
"sqr","6"
"st""","6"
"st[","6"
"suc","6"
"t p","6"
"t(c","6"
"t2D","6"
"t_c","6"
"t_s","6"
"th:","6"
"tis","6"
"tr(","6"
"tua","6"
"tup","6"
"ubb","6"
"ued","6"
"umu","6"
"us(","6"
"ush","6"
"w([","6"
"wim","6"
"x i","6"
"y"",","6"
"y(s","6"
"yie","6"
"z1 ","6"
"{du","6"
"{i}","6"
"{li","6"
"{ro","6"
"ÓN ","6"
"  z","5"
" ""J","5"
" ""d","5"
" % ","5"
" %(","5"
" 'C","5"
" (s","5"
" //","5"
" 0,","5"
" 3)","5"
" 4)","5"
" 7)","5"
" @f","5"
" Ag","5"
" Ar","5"
" Ca","5"
" Es","5"
" Fr","5"
" Op","5"
" Pe","5"
" Se","5"
" TE","5"
" Th","5"
" ['","5"
" ac","5"
" bo","5"
" bu","5"
" ch","5"
" db","5"
" ho","5"
" ke","5"
" sk","5"
" ve","5"
" z2","5"
" {z","5"
"""Ca","5"
"""Ch","5"
"""Di","5"
"""He","5"
"""Me","5"
"""Pr","5"
"# I","5"
"# O","5"
"')}","5"
"'Bo","5"
"'Ch","5"
"'] ","5"
"'ad","5"
"(""B","5"
"(""L","5"
"('d","5"
"(0,","5"
"(cl","5"
"(de","5"
"(em","5"
"(ma","5"
"(n)","5"
"(st","5"
") +","5"
")s ","5"
"*2 ","5"
"+ y","5"
", A","5"
", N","5"
"- %","5"
"- 1","5"
"..""","5"
"...","5"
".2f","5"
"._e","5"
"._l","5"
"._v","5"
".cu","5"
".de","5"
".in","5"
".jo","5"
".ma","5"
".sq","5"
".to","5"
".ye","5"
"// ","5"
"/us","5"
"0):","5"
"0-9","5"
"0.1","5"
"0.5","5"
"2):","5"
"22,","5"
"2f}","5"
"3.1","5"
"5)}","5"
"8, ","5"
"= 4","5"
"> i","5"
"A =","5"
"AL ","5"
"ATE","5"
"Bus","5"
"Cur","5"
"D =","5"
"Dic","5"
"EAD","5"
"ERE","5"
"Enc","5"
"Fla","5"
"For","5"
"GRA","5"
"HER","5"
"HTT","5"
"Lec","5"
"MAN","5"
"Map","5"
"N D","5"
"NAL","5"
"NES","5"
"NOT","5"
"Nam","5"
"OS ","5"
"PRO","5"
"Pat","5"
"Pri","5"
"RLs","5"
"RS ","5"
"SES","5"
"STR","5"
"Sin","5"
"TTP","5"
"VAN","5"
"]}""","5"
"]},","5"
"_cu","5"
"_po","5"
"_to","5"
"afe","5"
"ahr","5"
"al""","5"
"al)","5"
"al,","5"
"ala","5"
"alg","5"
"ami","5"
"apq","5"
"aps","5"
"arl","5"
"asi","5"
"ay ","5"
"b',","5"
"b.a","5"
"baj","5"
"bis","5"
"bn)","5"
"bug","5"
"ce,","5"
"ce:","5"
"ci(","5"
"ci_","5"
"clo","5"
"col","5"
"cri","5"
"cs.","5"
"d s","5"
"d()","5"
"d_f","5"
"d_i","5"
"d_p","5"
"dd'","5"
"deb","5"
"dev","5"
"dom","5"
"d{2","5"
"e S","5"
"e T","5"
"e r","5"
"e u","5"
"e""""","5"
"e')","5"
"e(a","5"
"e(l","5"
"e._","5"
"e@e","5"
"e_c","5"
"e_i","5"
"eak","5"
"eba","5"
"ebu","5"
"eda","5"
"ee ","5"
"eet","5"
"eit","5"
"el_","5"
"elt","5"
"enh","5"
"es)","5"
"es,","5"
"esc","5"
"esp","5"
"ewo","5"
"ex ","5"
"ex_","5"
"f g","5"
"f l","5"
"f o","5"
"f r","5"
"f t","5"
"f w","5"
"f""c","5"
"f""z","5"
"fah","5"
"fal","5"
"g i","5"
"g s","5"
"g"",","5"
"ge=","5"
"ge_","5"
"gs ","5"
"gs'","5"
"gs:","5"
"gy ","5"
"h s","5"
"h: ","5"
"hei","5"
"i_r","5"
"ido","5"
"ils","5"
"ip(","5"
"ipr","5"
"ita","5"
"k =","5"
"k i","5"
"ker","5"
"l a","5"
"l('","5"
"l(s","5"
"l_r","5"
"lag","5"
"lc.","5"
"le""","5"
"lif","5"
"lla","5"
"lls","5"
"ly ","5"
"ly(","5"
"m c","5"
"m):","5"
"mac","5"
"mew","5"
"mie","5"
"ms(","5"
"ms)","5"
"m}""","5"
"mát","5"
"n ""","5"
"n F","5"
"n P","5"
"n w","5"
"n x","5"
"n(f","5"
"nEr","5"
"nMa","5"
"nds","5"
"net","5"
"nhe","5"
"nsp","5"
"nt""","5"
"nth","5"
"ntr","5"
"n}""","5"
"o c","5"
"o f","5"
"o"")","5"
"o.s","5"
"odo","5"
"oe""","5"
"og'","5"
"og(","5"
"om/","5"
"om_","5"
"omm","5"
"on[","5"
"onf","5"
"ook","5"
"op ","5"
"op(","5"
"opy","5"
"or_","5"
"os)","5"
"ote","5"
"oti","5"
"out","5"
"owe","5"
"p, ","5"
"pe.","5"
"pla","5"
"pue","5"
"r m","5"
"r o","5"
"r"")","5"
"r(*","5"
"r.g","5"
"r.i","5"
"rab","5"
"ras","5"
"rce","5"
"re,","5"
"rep","5"
"ris","5"
"rke","5"
"rki","5"
"rl,","5"
"rli","5"
"rll","5"
"rri","5"
"ry(","5"
"s m","5"
"s"":","5"
"s.p","5"
"s_f","5"
"sco","5"
"sho","5"
"sig","5"
"sk(","5"
"sky","5"
"t q","5"
"t r","5"
"t u","5"
"t"",","5"
"t(i","5"
"t(p","5"
"t(r","5"
"t.f","5"
"t.g","5"
"t[s","5"
"t_n","5"
"t_r","5"
"ta,","5"
"tag","5"
"thl","5"
"tif","5"
"to(","5"
"tr ","5"
"tro","5"
"ty""","5"
"ty'","5"
"ue.","5"
"ue}","5"
"um)","5"
"unp","5"
"urc","5"
"usc","5"
"uti","5"
"ve ","5"
"vin","5"
"vis","5"
"vol","5"
"wer","5"
"x =","5"
"x**","5"
"x_a","5"
"x_v","5"
"xis","5"
"xml","5"
"y c","5"
"y):","5"
"ys:","5"
"y}""","5"
"{2}","5"
"{ar","5"
"{en","5"
"{fu","5"
"{le","5"
"{me","5"
"{ur","5"
"} a","5"
"} b","5"
"} |","5"
"})""","5"
"áti","5"
"íst","5"
"úme","5"
"✓ T","5"
"  )","4"
"  E","4"
"  g","4"
"  q","4"
" ""A","4"
" ""B","4"
" ""e","4"
" ""s","4"
" 'B","4"
" 'b","4"
" 'd","4"
" '{","4"
" 0 ","4"
" 0.","4"
" 40","4"
" 50","4"
" 5]","4"
" 60","4"
" 8,","4"
" >=","4"
" @c","4"
" @w","4"
" AD","4"
" AN","4"
" Añ","4"
" Bi","4"
" CS","4"
" Ch","4"
" Di","4"
" Fl","4"
" Jo","4"
" Lo","4"
" Ma","4"
" Pa","4"
" Qu","4"
" _(","4"
" ab","4"
" b6","4"
" br","4"
" ej","4"
" ev","4"
" i,","4"
" mé","4"
" nú","4"
" on","4"
" up","4"
" we","4"
" wh","4"
" {j","4"
"""  ","4"
""""")","4"
"""Bi","4"
"""Bu","4"
"""El","4"
"""Mi","4"
"""Ne","4"
"""Py","4"
"""Sa","4"
"""Se","4"
"""Su","4"
"""Un","4"
"""Va","4"
"""ag","4"
"""co","4"
"""em","4"
"""z1","4"
"').","4"
"'Al","4"
"'Po","4"
"'])","4"
"']}","4"
"'a'","4"
"'ci","4"
"'di","4"
"(An","4"
"(['","4"
"(pr","4"
"(sa","4"
"(ur","4"
") /","4"
")"")","4"
")):","4"
").d","4"
"* y","4"
", ?","4"
", C","4"
", D","4"
", F","4"
", T","4"
", [","4"
", g","4"
"---","4"
".1)","4"
".5)","4"
".5,","4"
".Su","4"
".\n","4"
".an","4"
".ba","4"
".cl","4"
".cr","4"
".it","4"
".js","4"
".pi","4"
"/ 2","4"
"//a","4"
"/ap","4"
"/v1","4"
"00)","4"
"0])","4"
"1 *","4"
"1"")","4"
"1) ","4"
"1.g","4"
"1/u","4"
"10 ","4"
"2 +","4"
"2) ","4"
"20,","4"
"202","4"
"25)","4"
"25,","4"
"5))","4"
"5_a","4"
"6, ","4"
": T","4"
": U","4"
":%M","4"
":.2","4"
"< 0","4"
"= '","4"
"= 3","4"
"= j","4"
">= ","4"
"?, ","4"
"@fo","4"
"@wr","4"
"ADO","4"
"ADV","4"
"ANC","4"
"AS ","4"
"All","4"
"Arc","4"
"Bir","4"
"CED","4"
"CLA","4"
"CON","4"
"CSV","4"
"Cat","4"
"DVA","4"
"Des","4"
"Dow","4"
"E D","4"
"ECT","4"
"EXT","4"
"El ","4"
"Emp","4"
"Est","4"
"GER","4"
"GIN","4"
"Hel","4"
"Htt","4"
"ITE","4"
"Is ","4"
"LAS","4"
"LES","4"
"Man","4"
"N =","4"
"NCE","4"
"ND ","4"
"OGR","4"
"ONA","4"
"ORE","4"
"Que","4"
"RAM","4"
"REN","4"
"RIT","4"
"ROG","4"
"Ret","4"
"S A","4"
"S Y","4"
"STA","4"
"T.S","4"
"TES","4"
"TEX","4"
"TOR","4"
"Tem","4"
"Tup","4"
"ULA","4"
"Var","4"
"Wor","4"
"XT ","4"
"ZIP","4"
"Zip","4"
"[0]","4"
"]) ","4"
"_(a","4"
"_(n","4"
"_5_","4"
"__e","4"
"_ag","4"
"_ar","4"
"_de","4"
"_fl","4"
"_ha","4"
"_ht","4"
"_of","4"
"_pe","4"
"_ru","4"
"_sk","4"
"_su","4"
"_tr","4"
"_} ","4"
"a b","4"
"a l","4"
"a',","4"
"a.r","4"
"ad_","4"
"an(","4"
"asc","4"
"atf","4"
"ay(","4"
"ay)","4"
"b =","4"
"b')","4"
"b, ","4"
"b64","4"
"bEl","4"
"bat","4"
"bn ","4"
"bs2","4"
"bst","4"
"bub","4"
"c):","4"
"c._","4"
"c_p","4"
"ce""","4"
"ce'","4"
"ceb","4"
"cen","4"
"ck)","4"
"cli","4"
"ct:","4"
"cue","4"
"d',","4"
"d(d","4"
"d_5","4"
"d_m","4"
"d_o","4"
"dd(","4"
"des","4"
"dif","4"
"do.","4"
"doo","4"
"dou","4"
"ds ","4"
"ds""","4"
"ds(","4"
"dul","4"
"e I","4"
"e {","4"
"e']","4"
"e(f","4"
"e(m","4"
"e.j","4"
"e_g","4"
"ee_","4"
"egi","4"
"eje","4"
"ele","4"
"elv","4"
"em ","4"
"emá","4"
"eng","4"
"epa","4"
"er'","4"
"er-","4"
"ery","4"
"erí","4"
"esi","4"
"et:","4"
"etL","4"
"evo","4"
"e}.","4"
"f v","4"
"f x","4"
"f"" ","4"
"f""3","4"
"f""N","4"
"f""O","4"
"f.b","4"
"f.l","4"
"fer","4"
"fig","4"
"fra","4"
"ft ","4"
"fte","4"
"fy(","4"
"f} ","4"
"g c","4"
"g(""","4"
"ges","4"
"gex","4"
"gis","4"
"glo","4"
"go(","4"
"gua","4"
"h i","4"
"h(s","4"
"h_o","4"
"hda","4"
"hem","4"
"hil","4"
"how","4"
"i, ","4"
"i.e","4"
"ib ","4"
"ic ","4"
"igi","4"
"il_","4"
"imm","4"
"in:","4"
"inM","4"
"io(","4"
"irt","4"
"isl","4"
"iso","4"
"jet","4"
"k t","4"
"kel","4"
"l""""","4"
"l(""","4"
"l()","4"
"lab","4"
"ld""","4"
"ljo","4"
"ll_","4"
"lob","4"
"ls)","4"
"ls,","4"
"ls:","4"
"lvi","4"
"ly:","4"
"m f","4"
"m: ","4"
"mEr","4"
"m_j","4"
"m_o","4"
"ma ","4"
"mar","4"
"mma","4"
"moi","4"
"mp ","4"
"mp.","4"
"mpe","4"
"mét","4"
"n (","4"
"n q","4"
"n u","4"
"n(n","4"
"n(x","4"
"n.c","4"
"n:""","4"
"nCo","4"
"nFi","4"
"n[i","4"
"n_f","4"
"nc.","4"
"nd""","4"
"new","4"
"nn.","4"
"no""","4"
"non","4"
"ns[","4"
"ns}","4"
"nt'","4"
"nt]","4"
"núm","4"
"o a","4"
"o o","4"
"o s","4"
"o {","4"
"o.d","4"
"o.l","4"
"o_j","4"
"oca","4"
"occ","4"
"of_","4"
"oiz","4"
"om""","4"
"omE","4"
"orl","4"
"oub","4"
"p(d","4"
"p.f","4"
"p: ","4"
"pSt","4"
"p_r","4"
"pci","4"
"pe:","4"
"pee","4"
"pes","4"
"pfi","4"
"pi.","4"
"pit","4"
"piv","4"
"pto","4"
"pty","4"
"qli","4"
"r s","4"
"r""""","4"
"r('","4"
"r.s","4"
"r_a","4"
"r_d","4"
"r_i","4"
"r_s","4"
"rd_","4"
"re}","4"
"rg ","4"
"rg)","4"
"rl:","4"
"rld","4"
"rlj","4"
"rls","4"
"rs,","4"
"rs}","4"
"rth","4"
"rtm","4"
"rvi","4"
"ry""","4"
"ry=","4"
"s D","4"
"s r","4"
"s u","4"
"s))","4"
"s.c","4"
"s_a","4"
"s_e","4"
"s_r","4"
"sal","4"
"say","4"
"sit","4"
"siz","4"
"sma","4"
"spa","4"
"sql","4"
"st)","4"
"st:","4"
"sv'","4"
"sv.","4"
"t 1","4"
"t <","4"
"t g","4"
"t l","4"
"t"":","4"
"t(d","4"
"t(e","4"
"t(n","4"
"t.n","4"
"t_1","4"
"t_m","4"
"tam","4"
"te""","4"
"te.","4"
"teg","4"
"tfo","4"
"th(","4"
"th_","4"
"thd","4"
"thm","4"
"tie","4"
"til","4"
"top","4"
"tpS","4"
"tp_","4"
"tr]","4"
"ts}","4"
"ubE","4"
"ubl","4"
"uer","4"
"umi","4"
"un ","4"
"us.","4"
"us:","4"
"v1/","4"
"ve""","4"
"vic","4"
"vot","4"
"w()","4"
"whi","4"
"wn ","4"
"xpr","4"
"xt.","4"
"y +","4"
"y d","4"
"y"":","4"
"y':","4"
"y_o","4"
"z2 ","4"
"zac","4"
"zf.","4"
"{'n","4"
"{em","4"
"{js","4"
"{no","4"
"{su","4"
"{te","4"
"{tr","4"
"{un","4"
"{z1","4"
"} r","4"
"éto","4"
"ón""","4"
"  C","3"
"  R","3"
"  T","3"
"  h","3"
"  j","3"
"  x","3"
" "".","3"
" ""G","3"
" ""N","3"
" ""b","3"
" %H","3"
" ' ","3"
" (1","3"
" (2","3"
" (c","3"
" *a","3"
" 1 ","3"
" 12","3"
" 1]","3"
" 2 ","3"
" 2.","3"
" 22","3"
" 27","3"
" 2:","3"
" 32","3"
" 5)","3"
" 5}","3"
" ?'","3"
" @a","3"
" Al","3"
" Ba","3"
" CL","3"
" Cl","3"
" Cu","3"
" EX","3"
" Em","3"
" En","3"
" FR","3"
" Gu","3"
" LO","3"
" NO","3"
" Na","3"
" PO","3"
" SE","3"
" ST","3"
" Sm","3"
" Su","3"
" Tu","3"
" VA","3"
" WH","3"
" Wo","3"
" XM","3"
" Yo","3"
" [(","3"
" [x","3"
" af","3"
" b ","3"
" b,","3"
" b:","3"
" dq","3"
" du","3"
" f'","3"
" f2","3"
" f_","3"
" go","3"
" gz","3"
" hu","3"
" lí","3"
" mú","3"
" os","3"
" ru","3"
" sm","3"
" sy","3"
" y,","3"
" ya","3"
" ye","3"
" ze","3"
" zi","3"
" {b","3"
""" *","3"
""" =","3"
"""""G","3"
"""""M","3"
""").","3"
"""=""","3"
"""Ag","3"
"""Du","3"
"""Ge","3"
"""In","3"
"""Is","3"
"""La","3"
"""Ob","3"
"""Po","3"
"""Si","3"
"""Sq","3"
"""ca","3"
"""he","3"
"""sa","3"
"""te","3"
"""{d","3"
"""✗ ","3"
"# M","3"
"# N","3"
"% 2","3"
"%H:","3"
"%M:","3"
"%Y-","3"
"%d ","3"
"%m-","3"
"' '","3"
"'.j","3"
"'SE","3"
"'].","3"
"'c'","3"
"'da","3"
"'do","3"
"'ta","3"
"'{a","3"
"'{s","3"
"'},","3"
"(""G","3"
"(""H","3"
"(""R","3"
"(""U","3"
"(""s","3"
"(""t","3"
"('%","3"
"('S","3"
"(2)","3"
"(In","3"
"([0","3"
"([1","3"
"(do","3"
"(kw","3"
"(mu","3"
"(n:","3"
"(no","3"
"(ph","3"
"(qu","3"
"(ro","3"
"(so","3"
"(sq","3"
"(va","3"
"(wo","3"
"({s","3"
") *","3"
"* 6","3"
"*2)","3"
"*mo","3"
"+ ""","3"
"+ 2","3"
"+ d","3"
"+ m","3"
"+ o","3"
"+ s","3"
"+ z","3"
", 6","3"
", S","3"
", q","3"
", x","3"
", {","3"
"-%d","3"
"-%m","3"
"-.\","3"
"-12","3"
"-9]","3"
".0,","3"
".15","3"
".1f","3"
".El","3"
".Qu","3"
".\s","3"
"._o","3"
".au","3"
".br","3"
".ce","3"
".er","3"
".fe","3"
".fr","3"
".fu","3"
".gz","3"
".id","3"
".mi","3"
".mu","3"
".po","3"
".ru","3"
".sk","3"
".su","3"
".ve","3"
".x ","3"
".xm","3"
".y ","3"
".zi","3"
"//e","3"
"/ex","3"
"/fi","3"
"0 /","3"
"0) ","3"
"0.0","3"
"001","3"
"01""","3"
"1.0","3"
"1.a","3"
"1.c","3"
"10(","3"
"10.","3"
"101","3"
"10]","3"
"1f}","3"
"2),","3"
"2)}","3"
"23-","3"
"273","3"
"2D(","3"
"300","3"
"5):","3"
"500","3"
"555","3"
"60)","3"
"64 ","3"
"73.","3"
"85.","3"
"9]{","3"
": E","3"
": [","3"
": b","3"
":%S","3"
":.1","3"
"= ?","3"
"= B","3"
"= L","3"
"= O","3"
"= V","3"
"="" ","3"
"=""""","3"
"=''","3"
"='{","3"
"=1)","3"
"=Tr","3"
"> N","3"
"> T","3"
"?',","3"
"?([","3"
"@da","3"
"A-Z","3"
"ACT","3"
"AD ","3"
"ALE","3"
"AND","3"
"ATA","3"
"BAS","3"
"Bud","3"
"CIA","3"
"COM","3"
"CT ","3"
"CTU","3"
"Cli","3"
"DIN","3"
"DOR","3"
"Dis","3"
"E O","3"
"E u","3"
"EGE","3"
"ELE","3"
"ENC","3"
"ENT","3"
"Eve","3"
"FRO","3"
"Fly","3"
"G Y","3"
"GEN","3"
"GGI","3"
"Gua","3"
"H:%","3"
"HON","3"
"IA ","3"
"IME","3"
"IN ","3"
"INC","3"
"INS","3"
"IVE","3"
"Ite","3"
"LE ","3"
"LEC","3"
"LUE","3"
"M u","3"
"M:%","3"
"MAI","3"
"MMI","3"
"Mat","3"
"Met","3"
"NEn","3"
"Net","3"
"New","3"
"OM ","3"
"ORS","3"
"OUN","3"
"Ope","3"
"Opt","3"
"POO","3"
"PRI","3"
"Pic","3"
"Qui","3"
"RAD","3"
"RE ","3"
"REM","3"
"ROM","3"
"RUC","3"
"Res","3"
"SEL","3"
"SER","3"
"STI","3"
"Saf","3"
"Sal","3"
"Set","3"
"Smi","3"
"Squ","3"
"Str","3"
"Sum","3"
"Swi","3"
"T N","3"
"T"",","3"
"TEG","3"
"TER","3"
"TIM","3"
"TOS","3"
"TP ","3"
"TRA","3"
"TRU","3"
"TUR","3"
"UCT","3"
"VE ","3"
"WHE","3"
"XML","3"
"Y C","3"
"Y-%","3"
"Yor","3"
"Zer","3"
"['d","3"
"['t","3"
"[-.","3"
"[0-","3"
"[A-","3"
"[id","3"
"[is","3"
"[j ","3"
"[j]","3"
"[us","3"
"[x ","3"
"\nR","3"
"\nS","3"
"\s]","3"
"\x0","3"
"] +","3"
"])}","3"
"_ =","3"
"__ ","3"
"__c","3"
"__m","3"
"_do","3"
"_le","3"
"_ne","3"
"_ob","3"
"_pi","3"
"_ra","3"
"_sa","3"
"_si","3"
"a i","3"
"a r","3"
"a u","3"
"a v","3"
"a"":","3"
"a-z","3"
"a.c","3"
"a.p","3"
"a_t","3"
"adS","3"
"aft","3"
"agn","3"
"air","3"
"aja","3"
"akr","3"
"any","3"
"ap ","3"
"ap(","3"
"ap_","3"
"ar""","3"
"ar.","3"
"aro","3"
"as""","3"
"atr","3"
"ave","3"
"ay:","3"
"ay}","3"
"b i","3"
"b':","3"
"b: ","3"
"bir","3"
"bj)","3"
"bn]","3"
"but","3"
"by ","3"
"c =","3"
"c_m","3"
"c_v","3"
"ce_","3"
"cei","3"
"ce}","3"
"ci ","3"
"cip","3"
"cks","3"
"ck}","3"
"cos","3"
"cpu","3"
"ct,","3"
"cta","3"
"ctm","3"
"d %","3"
"d b","3"
"d c","3"
"d!""","3"
"d"":","3"
"d('","3"
"d(t","3"
"dSa","3"
"d] ","3"
"d_a","3"
"d_c","3"
"d_l","3"
"d_n","3"
"dac","3"
"db1","3"
"db2","3"
"ddl","3"
"ddy","3"
"de'","3"
"de)","3"
"de=","3"
"dia","3"
"dtu","3"
"dy""","3"
"e +","3"
"e >","3"
"e A","3"
"e F","3"
"e J","3"
"e P","3"
"e U","3"
"e g","3"
"e(3","3"
"e(d","3"
"e(o","3"
"e) ","3"
"e.n","3"
"e.p","3"
"e.u","3"
"e.x","3"
"e.z","3"
"e3.","3"
"e64","3"
"e=""","3"
"eMa","3"
"e_w","3"
"ea ","3"
"eas","3"
"eca","3"
"edt","3"
"ee(","3"
"ee.","3"
"ee:","3"
"een","3"
"eer","3"
"egu","3"
"ek(","3"
"ekd","3"
"env","3"
"epc","3"
"er!","3"
"er2","3"
"erf","3"
"es[","3"
"es_","3"
"es}","3"
"et)","3"
"et,","3"
"ets","3"
"evi","3"
"ew ","3"
"ewl","3"
"ex(","3"
"e}'","3"
"f b","3"
"f k","3"
"f u","3"
"f {","3"
"f""B","3"
"f""H","3"
"f""✗","3"
"f-8","3"
"f.d","3"
"f.r","3"
"f1 ","3"
"f_s","3"
"feC","3"
"fet","3"
"fic","3"
"g a","3"
"g b","3"
"g o","3"
"g']","3"
"g(x","3"
"g):","3"
"ge}","3"
"gh ","3"
"gni","3"
"go ","3"
"go.","3"
"go:","3"
"go[","3"
"gs}","3"
"gth","3"
"gul","3"
"gum","3"
"gz'","3"
"gzi","3"
"g}""","3"
"h c","3"
"h g","3"
"h(""","3"
"h.c","3"
"h.e","3"
"hel","3"
"hms","3"
"hns","3"
"ht ","3"
"hun","3"
"hut","3"
"i(1","3"
"iab","3"
"iar","3"
"ico","3"
"id]","3"
"iem","3"
"iev","3"
"ife","3"
"ifi","3"
"ign","3"
"igu","3"
"imo","3"
"io)","3"
"io]","3"
"ior","3"
"ip'","3"
"ipf","3"
"ipo","3"
"ipt","3"
"ir.","3"
"ird","3"
"isc","3"
"isk","3"
"it:","3"
"ito","3"
"i}""","3"
"j +","3"
"jar","3"
"k d","3"
"k(a","3"
"k(s","3"
"k.n","3"
"kda","3"
"kno","3"
"kre","3"
"ky_","3"
"l d","3"
"l l","3"
"l(d","3"
"l(l","3"
"l(n","3"
"l(x","3"
"l):","3"
"lac","3"
"lav","3"
"ld(","3"
"lde","3"
"le'","3"
"leH","3"
"leM","3"
"lev","3"
"ll:","3"
"lo}","3"
"lt(","3"
"lt_","3"
"ly_","3"
"l} ","3"
"m =","3"
"m d","3"
"m o","3"
"m u","3"
"m {","3"
"m, ","3"
"m-%","3"
"m/f","3"
"mag","3"
"mp,","3"
"mpa","3"
"mpu","3"
"mp}","3"
"ms,","3"
"ms}","3"
"mus","3"
"múl","3"
"n +","3"
"n b","3"
"n v","3"
"n(1","3"
"n.e","3"
"n.l","3"
"n.n","3"
"nPr","3"
"nRe","3"
"ne=","3"
"nea","3"
"nee","3"
"neg","3"
"nex","3"
"ng:","3"
"ng=","3"
"ng_","3"
"ngt","3"
"nnu","3"
"ns,","3"
"nsl","3"
"nt1","3"
"ntE","3"
"ntd","3"
"ntm","3"
"nua","3"
"nus","3"
"n} ","3"
"o b","3"
"o l","3"
"o y","3"
"o(1","3"
"o.Q","3"
"o.c","3"
"o.g","3"
"o.n","3"
"oDi","3"
"o[i","3"
"o_p","3"
"oba","3"
"oes","3"
"og""","3"
"ol ","3"
"old","3"
"on=","3"
"onl","3"
"onu","3"
"opi","3"
"orn","3"
"os,","3"
"os[","3"
"ot]","3"
"oul","3"
"p',","3"
"p(s","3"
"p.l","3"
"pai","3"
"pda","3"
"pe,","3"
"pia","3"
"pp.","3"
"ppo","3"
"pq.","3"
"pu_","3"
"py(","3"
"r 1","3"
"r q","3"
"r'\","3"
"r(i","3"
"r(x","3"
"r.f","3"
"r.m","3"
"r1.","3"
"r:""","3"
"r] ","3"
"rde","3"
"rds","3"
"re(","3"
"re:","3"
"ref","3"
"rfo","3"
"rg,","3"
"rgu","3"
"riv","3"
"rk ","3"
"rms","3"
"rna","3"
"roD","3"
"rr ","3"
"rra","3"
"rry","3"
"rs'","3"
"rís","3"
"rón","3"
"s +","3"
"s N","3"
"s T","3"
"s h","3"
"s {","3"
"s"",","3"
"s')","3"
"s':","3"
"s']","3"
"s(c","3"
"s(d","3"
"s(l","3"
"s(x","3"
"s)""","3"
"s),","3"
"s._","3"
"s.g","3"
"s.m","3"
"s.s","3"
"s['","3"
"s[i","3"
"s]?","3"
"s_o","3"
"s_s","3"
"sar","3"
"scr","3"
"se,","3"
"se6","3"
"seC","3"
"sea","3"
"sg ","3"
"sha","3"
"shu","3"
"sk ","3"
"sla","3"
"sli","3"
"sme","3"
"spl","3"
"ssm","3"
"swi","3"
"t n","3"
"t o","3"
"t w","3"
"t {","3"
"t')","3"
"t(3","3"
"t.s","3"
"tEn","3"
"t_o","3"
"ta""","3"
"ta}","3"
"tdo","3"
"te3","3"
"tec","3"
"tel","3"
"tf-","3"
"to""","3"
"tot","3"
"tta","3"
"ttr","3"
"u_i","3"
"uci","3"
"udd","3"
"uld","3"
"um(","3"
"un_","3"
"una","3"
"upd","3"
"ut(","3"
"utc","3"
"utf","3"
"v',","3"
"v.w","3"
"vat","3"
"ve_","3"
"w Y","3"
"w i","3"
"w')","3"
"w',","3"
"w.y","3"
"wea","3"
"wli","3"
"x %","3"
"x f","3"
"x)}","3"
"xib","3"
"xt(","3"
"xt_","3"
"xto","3"
"y e","3"
"y i","3"
"y!""","3"
"y"")","3"
"y']","3"
"y=l","3"
"ya ","3"
"z',","3"
"z2}","3"
"zar","3"
"zer","3"
"{ac","3"
"{ag","3"
"{an","3"
"{ca","3"
"{ch","3"
"{de","3"
"{in","3"
"{it","3"
"{nu","3"
"{p1","3"
"{pr","3"
"{so","3"
"{x}","3"
"| {","3"
"}  ","3"
"} (","3"
"} f","3"
"}"",","3"
"}' ","3"
"}:""","3"
"ñad","3"
"últ","3"
"• A","3"
"✓ D","3"
"✗ T","3"
"  A","2"
"  B","2"
"  I","2"
"  J","2"
"  P","2"
"  W","2"
"  _","2"
" ""C","2"
" ""E","2"
" ""F","2"
" ""M","2"
" ""P","2"
" ""_","2"
" ""j","2"
" ""l","2"
" ""p","2"
" ""t","2"
" ""v","2"
" ""w","2"
" ${","2"
" ''","2"
" '.","2"
" 'A","2"
" 'D","2"
" 'N","2"
" 'P","2"
" 'S","2"
" '[","2"
" 'e","2"
" 't","2"
" 'y","2"
" (""","2"
" (?","2"
" (S","2"
" (d","2"
" (f","2"
" (i","2"
" (l","2"
" (n","2"
" ({","2"
" ) ","2"
" +1","2"
" --","2"
" -1","2"
" -=","2"
" 1.","2"
" 1/","2"
" 11","2"
" 16","2"
" 19","2"
" 28","2"
" 3.","2"
" 35","2"
" 36","2"
" 4]","2"
" 6,","2"
" 70","2"
" 8)","2"
" 85","2"
" 9,","2"
" 92","2"
" ?)","2"
" ?,","2"
" AL","2"
" AP","2"
" AS","2"
" Ac","2"
" Ad","2"
" BA","2"
" Ce","2"
" Du","2"
" Ev","2"
" FI","2"
" Fo","2"
" GE","2"
" HE","2"
" HI","2"
" HT","2"
" Ht","2"
" ID","2"
" IS","2"
" IT","2"
" La","2"
" ME","2"
" MR","2"
" NE","2"
" NU","2"
" PY","2"
" Sw","2"
" T:","2"
" TH","2"
" TI","2"
" Tw","2"
" Ze","2"
" [""","2"
" [a","2"
" [c","2"
" [u","2"
" _ ","2"
" a,","2"
" a:","2"
" b""","2"
" cp","2"
" cy","2"
" d2","2"
" dx","2"
" dy","2"
" ea","2"
" f,","2"
" ga","2"
" gc","2"
" gu","2"
" ht","2"
" od","2"
" ow","2"
" p1","2"
" sl","2"
" tu","2"
" tw","2"
" uu","2"
" vo","2"
" x*","2"
" xm","2"
" {D","2"
" {H","2"
" {P","2"
" {k","2"
""" +","2"
""" i","2"
"""""E","2"
"""""S","2"
"""),","2"
"""..","2"
"""/v","2"
"""3 ","2"
"""3/","2"
"""Ap","2"
"""Ba","2"
"""Bo","2"
"""Da","2"
"""Em","2"
"""Ex","2"
"""Fa","2"
"""Fl","2"
"""Fr","2"
"""GE","2"
"""Go","2"
"""Ha","2"
"""It","2"
"""Ma","2"
"""Mo","2"
"""No","2"
"""Nu","2"
"""Or","2"
"""Pl","2"
"""Qu","2"
"""To","2"
"""Tr","2"
"""Wo","2"
"""] ","2"
"""__","2"
"""ap","2"
"""ba","2"
"""ci","2"
"""da","2"
"""de","2"
"""id","2"
"""li","2"
"""lo","2"
"""sq","2"
"""st","2"
"""ta","2"
"""us","2"
"""wo","2"
"""{c","2"
"""{x","2"
"# R","2"
"# Y","2"
"# Z","2"
"# c","2"
"%(a","2"
"%(l","2"
"%(m","2"
"%S'","2"
"'%(","2"
"'%Y","2"
"'''","2"
"'')","2"
"'',","2"
"'))","2"
"'):","2"
"'Di","2"
"'IN","2"
"'Sa","2"
"'UP","2"
"'\d","2"
"'ap","2"
"'as","2"
"'fi","2"
"'la","2"
"'po","2"
"'rb","2"
"'ut","2"
"'wb","2"
"'x'","2"
"'y'","2"
"'{l","2"
"'}""","2"
"(""=","2"
"(""J","2"
"(""N","2"
"(""O","2"
"(""P","2"
"(""V","2"
"(""h","2"
"('1","2"
"('A","2"
"('I","2"
"('P","2"
"('U","2"
"('b","2"
"('f","2"
"('n","2"
"(15","2"
"(20","2"
"(22","2"
"(4,","2"
"(?,","2"
"(?P","2"
"(No","2"
"(a ","2"
"(ba","2"
"(bo","2"
"(ca","2"
"(di","2"
"(en","2"
"(fr","2"
"(gl","2"
"(lo","2"
"(n ","2"
"(op","2"
"(pa","2"
"(pi","2"
"(re","2"
"(si","2"
"(te","2"
"(ti","2"
"(x ","2"
") <","2"
") >","2"
") V","2"
")""""","2"
")',","2"
")) ","2"
")),","2"
")**","2"
")])","2"
")s'","2"
"* 0","2"
"* z","2"
"**m","2"
"*2,","2"
"+ b","2"
"+ f","2"
"+ t","2"
"+ u","2"
"+1-","2"
", %","2"
", -","2"
", G","2"
", I","2"
", U","2"
", w","2"
", z","2"
",))","2"
",3,","2"
",5,","2"
",7]","2"
"- 2","2"
"- d","2"
"- o","2"
"-"")","2"
"-- ","2"
"--""","2"
"-25","2"
"-55","2"
"-8'","2"
"-9.","2"
"-= ","2"
"-Za","2"
"-\d","2"
"-]+","2"
"-or","2"
"-z0","2"
"-{i","2"
".1 ","2"
".14","2"
".2)","2"
".IN","2"
".Pa","2"
".RE","2"
".Zi","2"
".at","2"
".fl","2"
".ga","2"
".he","2"
".me","2"
".ne","2"
".op","2"
".pe","2"
".pl","2"
".sa","2"
".si","2"
".ta","2"
".ur","2"
".wa","2"
".x*","2"
".y)","2"
".y*","2"
"/ 3","2"
"/2 ","2"
"/4 ","2"
"/ti","2"
"0 <","2"
"0 =","2"
"0 f","2"
"0(x","2"
"0),","2"
"00 ","2"
"003","2"
"00:","2"
"01)","2"
"01,","2"
"02""","2"
"023","2"
"03""","2"
"0:4","2"
"0] ","2"
"0]:","2"
"0]}","2"
"1')","2"
"1))","2"
"1,3","2"
"1-5","2"
"1.1","2"
"1.t","2"
"1/2","2"
"10,","2"
"102","2"
"12-","2"
"12_","2"
"141","2"
"15 ","2"
"15,","2"
"159","2"
"15:","2"
"1: ","2"
"1]}","2"
"1}""","2"
"1},","2"
"2 f","2"
"2"")","2"
"2-2","2"
"2.2","2"
"2.5","2"
"2D'","2"
"2_c","2"
"2}'","2"
"2}:","2"
"3"")","2"
"3) ","2"
"3)}","2"
"3,5","2"
"3-1","2"
"3/4","2"
"30:","2"
"32)","2"
"35,","2"
"365","2"
"3]}","2"
"3})","2"
"4 e","2"
"4),","2"
"400","2"
"404","2"
"415","2"
"456","2"
"4de","2"
"4en","2"
"5) ","2"
"5)]","2"
"5,7","2"
"5.0","2"
"5.5","2"
"55-","2"
"5])","2"
"5})","2"
"64d","2"
"64e","2"
"7)}","2"
"7, ","2"
"8')","2"
"9, ","2"
"92.","2"
":  ","2"
": +","2"
": 4","2"
": 5","2"
": I","2"
": S","2"
": a","2"
": c","2"
": j","2"
":30","2"
":3]","2"
":45","2"
":\d","2"
":\n","2"
":me","2"
"= 5","2"
"= G","2"
"= g","2"
"= h","2"
"=""u","2"
"='%","2"
"='u","2"
"='w","2"
"=3)","2"
"=li","2"
"={s","2"
"> G","2"
">\w","2"
"?)'","2"
"?P<","2"
"@ab","2"
"@cl","2"
"@co","2"
"@ex","2"
"A S","2"
"ABC","2"
"ABL","2"
"ADI","2"
"AGE","2"
"AIN","2"
"ALG","2"
"ALU","2"
"AMA","2"
"AMM","2"
"AMP","2"
"ANA","2"
"ANI","2"
"API","2"
"ARY","2"
"Acc","2"
"Adv","2"
"Agr","2"
"Alg","2"
"Aña","2"
"Año","2"
"BLE","2"
"BUG","2"
"Bib","2"
"Bin","2"
"Bos","2"
"Bub","2"
"CIP","2"
"COR","2"
"CRE","2"
"CUR","2"
"CUT","2"
"Cer","2"
"Chi","2"
"Clo","2"
"Col","2"
"Cyc","2"
"D D","2"
"D: ","2"
"DEB","2"
"DEC","2"
"D]'","2"
"Def","2"
"Dep","2"
"Deq","2"
"Dia","2"
"Don","2"
"E H","2"
"E P","2"
"E n","2"
"EBU","2"
"ECO","2"
"ECU","2"
"ED]","2"
"ENE","2"
"ERS","2"
"ERT","2"
"ET ","2"
"ET""","2"
"ETW","2"
"EXE","2"
"Eng","2"
"Esp","2"
"Exe","2"
"Exp","2"
"FO)","2"
"FOU","2"
"Fin","2"
"Fir","2"
"G =","2"
"GET","2"
"GOR","2"
"GZI","2"
"Gol","2"
"Gro","2"
"HRE","2"
"Han","2"
"Has","2"
"ID:","2"
"INA","2"
"INF","2"
"IP ","2"
"IPA","2"
"IPU","2"
"Ind","2"
"Inf","2"
"Ins","2"
"Jan","2"
"KIN","2"
"L: ","2"
"LAC","2"
"LGO","2"
"LL,","2"
"LOG","2"
"LOW","2"
"LTI","2"
"Lam","2"
"Lev","2"
"Lim","2"
"MAC","2"
"MAR","2"
"MAT","2"
"MES","2"
"MIN","2"
"MOS","2"
"MOV","2"
"MRO","2"
"MS ","2"
"MUL","2"
"Mix","2"
"Mos","2"
"N s","2"
"N: ","2"
"NAG","2"
"NCR","2"
"NCT","2"
"NER","2"
"NET","2"
"NFO","2"
"NIP","2"
"NSE","2"
"NST","2"
"NTO","2"
"NUL","2"
"Not","2"
"Num","2"
"O a","2"
"O u","2"
"OGG","2"
"OMP","2"
"ONT","2"
"ORA","2"
"ORI","2"
"ORK","2"
"OST","2"
"OT ","2"
"OT_","2"
"OVE","2"
"OW ","2"
"Obt","2"
"Ori","2"
"P D","2"
"PAL","2"
"PCl","2"
"PDA","2"
"PLE","2"
"PRE","2"
"PUL","2"
"PYT","2"
"Pla","2"
"Poo","2"
"Pos","2"
"Pre","2"
"Qua","2"
"RAC","2"
"REG","2"
"RIA","2"
"RIN","2"
"RKI","2"
"RL:","2"
"RRE","2"
"RT ","2"
"RY ","2"
"Reg","2"
"S (","2"
"S"")","2"
"SE ","2"
"SET","2"
"SQL","2"
"Sam","2"
"Seq","2"
"Ser","2"
"T =","2"
"T C","2"
"T I","2"
"T M","2"
"T.E","2"
"TA ","2"
"TAB","2"
"TAM","2"
"TAT","2"
"THO","2"
"THR","2"
"TIC","2"
"TIN","2"
"TIP","2"
"TIV","2"
"TO ","2"
"TPC","2"
"TWO","2"
"T_F","2"
"Tar","2"
"Tre","2"
"Twe","2"
"UE ","2"
"UES","2"
"ULL","2"
"ULT","2"
"UND","2"
"UPD","2"
"URE","2"
"URR","2"
"UTE","2"
"Unk","2"
"Unp","2"
"Usa","2"
"VAL","2"
"VED","2"
"W =","2"
"WOR","2"
"WRI","2"
"Woo","2"
"XEC","2"
"Y A","2"
"YTH","2"
"Za-","2"
"['A","2"
"['a","2"
"['n","2"
"['p","2"
"['x","2"
"[('","2"
"[10","2"
"[1]","2"
"[:3","2"
"[:5","2"
"[T]","2"
"[ar","2"
"[cl","2"
"[co","2"
"[f""","2"
"[ke","2"
"[mi","2"
"\n-","2"
"\nA","2"
"\nH","2"
"\nT","2"
"\nU","2"
"\n{","2"
"\w+","2"
"]',","2"
"]))","2"
"]+'","2"
"].b","2"
"]?(","2"
"]{3","2"
"_ i","2"
"_"":","2"
"_(m","2"
"_10","2"
"_12","2"
"_15","2"
"_FO","2"
"__""","2"
"__)","2"
"__a","2"
"__p","2"
"_as","2"
"_ba","2"
"_bo","2"
"_by","2"
"_cy","2"
"_er","2"
"_ev","2"
"_fo","2"
"_hi","2"
"_ho","2"
"_ke","2"
"_kw","2"
"_me","2"
"_mo","2"
"_mu","2"
"_no","2"
"_on","2"
"_oo","2"
"_ou","2"
"_ph","2"
"_tw","2"
"_we","2"
"_wi","2"
"_ye","2"
"a +","2"
"a n","2"
"a w","2"
"a"",","2"
"a_f","2"
"a_s","2"
"a_w","2"
"ad.","2"
"adí","2"
"ag)","2"
"ag,","2"
"agm","2"
"ago","2"
"ajo","2"
"al[","2"
"alk","2"
"al}","2"
"am ","2"
"am.","2"
"am_","2"
"an:","2"
"ant","2"
"ar,","2"
"at=","2"
"ats","2"
"atá","2"
"ax(","2"
"ay_","2"
"a}""","2"
"a}:","2"
"b"",","2"
"b.P","2"
"b1 ","2"
"bal","2"
"ban","2"
"bbi","2"
"bet","2"
"bie","2"
"bj,","2"
"bli","2"
"bob","2"
"bs1","2"
"bte","2"
"by_","2"
"b}""","2"
"c i","2"
"c"":","2"
"c',","2"
"c('","2"
"c.c","2"
"c.m","2"
"c.p","2"
"c: ","2"
"c_c","2"
"c_d","2"
"c_f","2"
"c_n","2"
"ca ","2"
"cag","2"
"cam","2"
"cap","2"
"ce.","2"
"cef","2"
"ch.","2"
"ch_","2"
"cii","2"
"ck!","2"
"ck[","2"
"cke","2"
"ct-","2"
"ct1","2"
"ct2","2"
"ct[","2"
"cts","2"
"d U","2"
"d g","2"
"d q","2"
"d r","2"
"d"",","2"
"d(*","2"
"d(a","2"
"d(i","2"
"d(x","2"
"d.s","2"
"d1 ","2"
"dCa","2"
"d_1","2"
"da""","2"
"da_","2"
"dd,","2"
"deq","2"
"de}","2"
"dig","2"
"dli","2"
"doe","2"
"dq.","2"
"ds.","2"
"ds:","2"
"dx,","2"
"dy)","2"
"d} ","2"
"d}'","2"
"dís","2"
"e (","2"
"e B","2"
"e v","2"
"e w","2"
"e(0","2"
"e([","2"
"e(e","2"
"e(i","2"
"e).","2"
"e.Z","2"
"e.g","2"
"e.l","2"
"e.r","2"
"e/t","2"
"e={","2"
"e>\","2"
"eHT","2"
"eTe","2"
"eTr","2"
"eVa","2"
"e[k","2"
"e]:","2"
"e_b","2"
"e_k","2"
"e_r","2"
"e_v","2"
"ecc","2"
"ed)","2"
"ed,","2"
"edC","2"
"ee}","2"
"efu","2"
"eil","2"
"ek ","2"
"el(","2"
"eln","2"
"elo","2"
"ely","2"
"em)","2"
"em}","2"
"en_","2"
"eou","2"
"epe","2"
"epr","2"
"erw","2"
"et ","2"
"et!","2"
"etl","2"
"exE","2"
"ey ","2"
"ey]","2"
"eys","2"
"eyw","2"
"e})","2"
"eña","2"
"f""1","2"
"f""Q","2"
"f""V","2"
"f""W","2"
"f""f","2"
"f""l","2"
"f""s","2"
"f'{","2"
"f(g","2"
"f.e","2"
"f.g","2"
"f.v","2"
"f2}","2"
"f_i","2"
"f_o","2"
"fle","2"
"fo ","2"
"foo","2"
"ft(","2"
"fti","2"
"fy_","2"
"f}°","2"
"g g","2"
"g m","2"
"g p","2"
"g {","2"
"g)}","2"
"g.F","2"
"g.I","2"
"g.g","2"
"g10","2"
"g='","2"
"g_t","2"
"ge,","2"
"gme","2"
"gna","2"
"go'","2"
"goe","2"
"gpa","2"
"gs.","2"
"gun","2"
"gur","2"
"gy""","2"
"gy(","2"
"h F","2"
"h f","2"
"h p","2"
"h z","2"
"h()","2"
"h(o","2"
"h.f","2"
"h.g","2"
"h.l","2"
"h.n","2"
"h_k","2"
"hal","2"
"he[","2"
"hed","2"
"hes","2"
"hic","2"
"hig","2"
"hob","2"
"hor","2"
"ht)","2"
"i')","2"
"ici","2"
"id""","2"
"idd","2"
"ie'","2"
"ii'","2"
"il ","2"
"il""","2"
"il(","2"
"il,","2"
"il:","2"
"im(","2"
"in,","2"
"in.","2"
"io:","2"
"iot","2"
"ip.","2"
"ipF","2"
"ipa","2"
"ir(","2"
"ire","2"
"ir}","2"
"ism","2"
"it)","2"
"it,","2"
"itm","2"
"iv,","2"
"ixi","2"
"i}:","2"
"j, ","2"
"jan","2"
"jem","2"
"joh","2"
"jug","2"
"k s","2"
"k"",","2"
"k(n","2"
"k):","2"
"k, ","2"
"ket","2"
"ks)","2"
"ks.","2"
"ks:","2"
"k}""","2"
"l b","2"
"l i","2"
"l r","2"
"l"":","2"
"l(5","2"
"l(b","2"
"l(c","2"
"l(m","2"
"lEx","2"
"l__","2"
"l_b","2"
"l_u","2"
"lad","2"
"lan","2"
"lc ","2"
"lc(","2"
"le)","2"
"le-","2"
"leT","2"
"le[","2"
"lia","2"
"lio","2"
"lks","2"
"lna","2"
"lo""","2"
"lo)","2"
"lot","2"
"lpa","2"
"ls(","2"
"ls]","2"
"ltd","2"
"ltr","2"
"lve","2"
"ly!","2"
"ly,","2"
"lya","2"
"lín","2"
"m a","2"
"m t","2"
"m"")","2"
"m""}","2"
"m()","2"
"m(n","2"
"m/v","2"
"mJS","2"
"m_a","2"
"m_i","2"
"m_n","2"
"mab","2"
"mas","2"
"mbs","2"
"me=","2"
"me>","2"
"mee","2"
"meo","2"
"ml'","2"
"mmo","2"
"mo ","2"
"mp(","2"
"mpi","2"
"ms.","2"
"n 1","2"
"n 2","2"
"n <","2"
"n R","2"
"n S","2"
"n(2","2"
"n(3","2"
"n(c","2"
"n(k","2"
"n(p","2"
"n(u","2"
"n),","2"
"n--","2"
"n.R","2"
"n? ","2"
"nAl","2"
"nCa","2"
"nMe","2"
"nSi","2"
"nTe","2"
"nUs","2"
"n__","2"
"n_n","2"
"n_p","2"
"n_y","2"
"nad","2"
"nan","2"
"nas","2"
"ne(","2"
"ne,","2"
"ne.","2"
"ne]","2"
"ng)","2"
"ng,","2"
"ngi","2"
"ngu","2"
"nic","2"
"nju","2"
"nkn","2"
"nos","2"
"nre","2"
"ns)","2"
"nt3","2"
"ntD","2"
"ntF","2"
"ntT","2"
"nve","2"
"nvi","2"
"ny ","2"
"ny(","2"
"ny,","2"
"o '","2"
"o m","2"
"o"",","2"
"o'}","2"
"o):","2"
"o.a","2"
"o.i","2"
"o.m","2"
"o.v","2"
"o: ","2"
"o_h","2"
"ob ","2"
"ob""","2"
"ob'","2"
"ob@","2"
"obb","2"
"od:","2"
"odd","2"
"ods","2"
"od}","2"
"of!","2"
"ofo","2"
"og.","2"
"og1","2"
"ok:","2"
"ol(","2"
"olE","2"
"ola","2"
"ole","2"
"olo","2"
"olu","2"
"olv","2"
"om.","2"
"omJ","2"
"oma","2"
"ome","2"
"on?","2"
"onM","2"
"onj","2"
"onv","2"
"ood","2"
"oof","2"
"op.","2"
"op:","2"
"ops","2"
"op}","2"
"or""","2"
"or[","2"
"os=","2"
"ous","2"
"owc","2"
"ow}","2"
"oze","2"
"o} ","2"
"o}'","2"
"p('","2"
"p(n","2"
"p(x","2"
"p.c","2"
"p.o","2"
"p1 ","2"
"pFi","2"
"p_f","2"
"pag","2"
"pal","2"
"pby","2"
"pe(","2"
"peV","2"
"pe_","2"
"pea","2"
"pie","2"
"pif","2"
"pin","2"
"po""","2"
"pop","2"
"ps ","2"
"pyt","2"
"q.a","2"
"q.n","2"
"quo","2"
"r _","2"
"r b","2"
"r g","2"
"r h","2"
"r w","2"
"r y","2"
"r!""","2"
"r"" ","2"
"r"":","2"
"r'(","2"
"r(0","2"
"r(2","2"
"r(E","2"
"r(a","2"
"r(c","2"
"r(l","2"
"r(n","2"
"r(q","2"
"r(s","2"
"r-{","2"
"r.a","2"
"r.d","2"
"r.x","2"
"r.y","2"
"r? ","2"
"r[i","2"
"r[m","2"
"r_v","2"
"rag","2"
"ray","2"
"rb'","2"
"rdi","2"
"rel","2"
"rfi","2"
"rft","2"
"rga","2"
"rg}","2"
"rk""","2"
"rl)","2"
"rl_","2"
"rle","2"
"rlp","2"
"rm:","2"
"rm}","2"
"ro""","2"
"rob","2"
"roz","2"
"rs.","2"
"rs?","2"
"rwa","2"
"r} ","2"
"r}""","2"
"s /","2"
"s B","2"
"s E","2"
"s F","2"
"s V","2"
"s g","2"
"s l","2"
"s q","2"
"s w","2"
"s z","2"
"s!""","2"
"s(1","2"
"s(5","2"
"s(I","2"
"s(i","2"
"s(j","2"
"s.f","2"
"s.r","2"
"s2 ","2"
"s=""","2"
"s=3","2"
"s? ","2"
"sPo","2"
"s[:","2"
"s[c","2"
"s[f","2"
"s__","2"
"s_d","2"
"s_g","2"
"s_l","2"
"s_u","2"
"sa ","2"
"saf","2"
"sci","2"
"sct","2"
"se.","2"
"seT","2"
"sfu","2"
"sia","2"
"sid","2"
"sis","2"
"sió","2"
"sof","2"
"sol","2"
"ss(","2"
"ssP","2"
"ss_","2"
"ssf","2"
"st,","2"
"stF","2"
"stá","2"
"sv""","2"
"s} ","2"
"t (","2"
"t T","2"
"t e","2"
"t h","2"
"t('","2"
"t(0","2"
"t(N","2"
"t(a","2"
"t(j","2"
"t(l","2"
"t(m","2"
"t(o","2"
"t(x","2"
"t))","2"
"t-o","2"
"t1 ","2"
"t2 ","2"
"t3D","2"
"t:""","2"
"t='","2"
"t=1","2"
"tDo","2"
"tFl","2"
"tFr","2"
"tLe","2"
"tLo","2"
"tTr","2"
"t[:","2"
"t[T","2"
"t] ","2"
"t])","2"
"t],","2"
"t]:","2"
"t]]","2"
"t_a","2"
"t_i","2"
"t_l","2"
"t_p","2"
"tc_","2"
"tco","2"
"tdi","2"
"te,","2"
"te/","2"
"tea","2"
"tep","2"
"te}","2"
"th""","2"
"th)","2"
"tlo","2"
"tma","2"
"tmo","2"
"trf","2"
"tró","2"
"ts[","2"
"tsi","2"
"tti","2"
"twe","2"
"ty(","2"
"t} ","2"
"tá ","2"
"tál","2"
"uac","2"
"ub(","2"
"ue""","2"
"uel","2"
"uga","2"
"ugg","2"
"uid","2"
"ul,","2"
"ule","2"
"um,","2"
"umm","2"
"ums","2"
"uno","2"
"unr","2"
"uot","2"
"up ","2"
"up(","2"
"up:","2"
"upb","2"
"us""","2"
"us)","2"
"usa","2"
"usi","2"
"ut ","2"
"ut:","2"
"uui","2"
"v, ","2"
"ve:","2"
"ved","2"
"via","2"
"vie","2"
"vit","2"
"w =","2"
"w a","2"
"w+)","2"
"w.s","2"
"w[0","2"
"w[1","2"
"wal","2"
"wat","2"
"wb'","2"
"wca","2"
"wn:","2"
"wne","2"
"wo_","2"
"w}""","2"
"x >","2"
"x a","2"
"x',","2"
"x(1","2"
"x(3","2"
"xEr","2"
"x_d","2"
"x_o","2"
"xin","2"
"xit","2"
"xió","2"
"xp(","2"
"xtm","2"
"y -","2"
"y a","2"
"y n","2"
"y z","2"
"y',","2"
"y(""","2"
"y(4","2"
"y(m","2"
"y(x","2"
"y**","2"
"y:""","2"
"y_a","2"
"y_b","2"
"y_d","2"
"y_p","2"
"y_s","2"
"y_t","2"
"yab","2"
"yin","2"
"ypi","2"
"ywo","2"
"z0-","2"
"z1.","2"
"ze ","2"
"ze(","2"
"ze:","2"
"zen","2"
"zf:","2"
"{""i","2"
"{""p","2"
"{1,","2"
"{3}","2"
"{4}","2"
"{Ht","2"
"{Pe","2"
"{f1","2"
"{n}","2"
"{ty","2"
"{us","2"
"{y}","2"
"{} ","2"
"| I","2"
"} =","2"
"} c","2"
"} e","2"
"} g","2"
"} m","2"
"} p","2"
"} t","2"
"} w","2"
"}""]","2"
"}',","2"
"}'}","2"
"}-\","2"
"}.""","2"
"}..","2"
"}:\","2"
"álo","2"
"ía ","2"
"íne","2"
"ñal","2"
"ódu","2"
"• D","2"
"• F","2"
"• T","2"
"✓ A","2"
"✓ F","2"
"  D","1"
"  F","1"
"  G","1"
"  H","1"
"  L","1"
"  M","1"
"  N","1"
"  O","1"
"  U","1"
"  Y","1"
"  k","1"
" !=","1"
" ""%","1"
" "",","1"
" ""/","1"
" ""2","1"
" ""=","1"
" ""?","1"
" ""H","1"
" ""L","1"
" ""T","1"
" ""i","1"
" ""m","1"
" ""r","1"
" ""u","1"
" #!","1"
" %B","1"
" %I","1"
" %Y","1"
" %d","1"
" %p","1"
" ')","1"
" 'k","1"
" 'z","1"
" ((","1"
" ()","1"
" (3","1"
" (5","1"
" (a","1"
" (g","1"
" (h","1"
" (o","1"
" (p","1"
" (t","1"
" (v","1"
" (x","1"
" *=","1"
" *m","1"
" -2","1"
" -5","1"
" 14","1"
" 1}","1"
" 26","1"
" 29","1"
" 2]","1"
" 2}","1"
" 34","1"
" 3:","1"
" 3}","1"
" 41","1"
" 42","1"
" 4}","1"
" 5 ","1"
" 5.","1"
" 5/","1"
" 55","1"
" 7,","1"
" 75","1"
" 78","1"
" 9/","1"
" 90","1"
" 99","1"
" ? ","1"
" @d","1"
" @e","1"
" @k","1"
" @s","1"
" AB","1"
" AC","1"
" AR","1"
" AU","1"
" AV","1"
" BI","1"
" BL","1"
" Bo","1"
" Br","1"
" Bú","1"
" CP","1"
" CR","1"
" CU","1"
" Cy","1"
" Dí","1"
" E ","1"
" EN","1"
" ES","1"
" Ed","1"
" Ej","1"
" FE","1"
" Fe","1"
" GL","1"
" GR","1"
" GZ","1"
" Ga","1"
" Gr","1"
" I/","1"
" It","1"
" Ja","1"
" KE","1"
" LA","1"
" Ll","1"
" MU","1"
" Me","1"
" Mo","1"
" MÚ","1"
" Má","1"
" Mó","1"
" Ne","1"
" Ni","1"
" Nú","1"
" OK","1"
" OO","1"
" OS","1"
" Or","1"
" PE","1"
" Pi","1"
" SQ","1"
" SU","1"
" Sa","1"
" So","1"
" T ","1"
" T)","1"
" TA","1"
" TR","1"
" TY","1"
" Ta","1"
" Ti","1"
" UN","1"
" UT","1"
" WR","1"
" We","1"
" Wi","1"
" YE","1"
" Ya","1"
" Yi","1"
" ZI","1"
" Zi","1"
" [5","1"
" [6","1"
" [8","1"
" [e","1"
" [f","1"
" \x","1"
" _i","1"
" añ","1"
" ct","1"
" có","1"
" d1","1"
" e ","1"
" et","1"
" f(","1"
" f)","1"
" f1","1"
" g:","1"
" gl","1"
" j ","1"
" ja","1"
" jo","1"
" k,","1"
" kn","1"
" lr","1"
" md","1"
" mí","1"
" mó","1"
" n)","1"
" n,","1"
" n:","1"
" ni","1"
" o ","1"
" ol","1"
" ou","1"
" p2","1"
" p3","1"
" pl","1"
" py","1"
" s.","1"
" s:","1"
" sc","1"
" sw","1"
" ut","1"
" v ","1"
" x)","1"
" x[","1"
" y""","1"
" z)","1"
" z1","1"
" {1","1"
" {F","1"
" {_","1"
" {g","1"
" {h","1"
" {o","1"
" {q","1"
" {v","1"
" {w","1"
" {x","1"
" },","1"
" π ","1"
" ≈ ","1"
" 🐍""","1"
"! Q","1"
"! T","1"
"! W","1"
"!/u","1"
"!= ","1"
"!?]","1"
"!\n","1"
""""" ","1"
"""""A","1"
"""""I","1"
"""""P","1"
"""""T","1"
"""%Y","1"
"""))","1"
""")]","1"
""".j","1"
"""1.","1"
"""1/","1"
"""20","1"
"""22","1"
"""?""","1"
"""A ","1"
"""Ac","1"
"""Af","1"
"""At","1"
"""BE","1"
"""CO","1"
"""Ci","1"
"""Cr","1"
"""Cy","1"
"""Cá","1"
"""Ea","1"
"""Er","1"
"""Es","1"
"""Ev","1"
"""F(","1"
"""GZ","1"
"""Ga","1"
"""Gr","1"
"""ID","1"
"""JS","1"
"""Ja","1"
"""Ke","1"
"""Le","1"
"""Lo","1"
"""Lu","1"
"""Mu","1"
"""Na","1"
"""Op","1"
"""PO","1"
"""Pe","1"
"""Pi","1"
"""RO","1"
"""Ro","1"
"""SQ","1"
"""Sc","1"
"""Sk","1"
"""So","1"
"""Sp","1"
"""Sw","1"
"""T-","1"
"""Ta","1"
"""Ye","1"
"""ZI","1"
"""Zi","1"
"""],","1"
"""a""","1"
"""ac","1"
"""b""","1"
"""c""","1"
"""ce","1"
"""ch","1"
"""cr","1"
"""do","1"
"""er","1"
"""ex","1"
"""fa","1"
"""fl","1"
"""ho","1"
"""ig","1"
"""is","1"
"""it","1"
"""ja","1"
"""jo","1"
"""ke","1"
"""la","1"
"""me","1"
"""no","1"
"""pa","1"
"""po","1"
"""pr","1"
"""py","1"
"""r""","1"
"""re","1"
"""sc","1"
"""si","1"
"""sw","1"
"""tu","1"
"""ut","1"
"""va","1"
"""ve","1"
"""w""","1"
"""z2","1"
"""{a","1"
"""{f","1"
"""{n","1"
"""{}","1"
"""|z","1"
"""} ","1"
"""})","1"
"""},","1"
"""❌ ","1"
"""🐍 ","1"
"""📊 ","1"
"# (","1"
"# 7","1"
"# J","1"
"# Q","1"
"# V","1"
"# d","1"
"# o","1"
"#!/","1"
"#se","1"
"${e","1"
"${r","1"
"% 1","1"
"% d","1"
"% i","1"
"%(n","1"
"%+-","1"
"%A,","1"
"%B ","1"
"%I:","1"
"%M ","1"
"%S""","1"
"%Y ","1"
"%d,","1"
"%p'","1"
"&li","1"
"' (","1"
"' d","1"
"' p","1"
"'%A","1"
"''.","1"
"'(?","1"
"'(\","1"
"')""","1"
"',)","1"
"'1'","1"
"'1.","1"
"'2.","1"
"'3'","1"
"':m","1"
"'A'","1"
"'Ag","1"
"'B'","1"
"'C'","1"
"'Ci","1"
"'De","1"
"'Ev","1"
"'Na","1"
"'Ne","1"
"'No","1"
"'T'","1"
"'[.","1"
"'[E","1"
"'[P","1"
"'\b","1"
"'](","1"
"'_'","1"
"'_{","1"
"'al","1"
"'bo","1"
"'ch","1"
"'co","1"
"'d'","1"
"'de","1"
"'e'","1"
"'em","1"
"'ev","1"
"'ht","1"
"'ke","1"
"'mu","1"
"'ne","1"
"'rt","1"
"'s ","1"
"'su","1"
"'t ","1"
"'te","1"
"'to","1"
"'z'","1"
"'{t","1"
"(""""","1"
"(""/","1"
"(""I","1"
"(""Z","1"
"(""e","1"
"(""i","1"
"(""w","1"
"(""🐍","1"
"(""📊","1"
"(''","1"
"('2","1"
"('3","1"
"(':","1"
"('B","1"
"('C","1"
"('D","1"
"('E","1"
"('T","1"
"('_","1"
"('c","1"
"('e","1"
"('l","1"
"((3","1"
"((n","1"
"((s","1"
"(),","1"
"()[","1"
"()]","1"
"(*(","1"
"(*)","1"
"(**","1"
"(*c","1"
"(*d","1"
"(*f","1"
"(0)","1"
"(1 ","1"
"(1)","1"
"(12","1"
"(14","1"
"(19","1"
"(2 ","1"
"(25","1"
"(27","1"
"(3 ","1"
"(3.","1"
"(4)","1"
"(42","1"
"(5 ","1"
"(5+","1"
"(5,","1"
"(50","1"
"(6)","1"
"(?(","1"
"(AB","1"
"(Cu","1"
"(En","1"
"(Ex","1"
"(Fl","1"
"(Fr","1"
"(Ge","1"
"(SI","1"
"(Si","1"
"(Va","1"
"(Ze","1"
"([l","1"
"([u","1"
"(\+","1"
"(__","1"
"(a:","1"
"(ad","1"
"(ag","1"
"(ap","1"
"(b""","1"
"(bi","1"
"(ce","1"
"(ch","1"
"(cp","1"
"(cu","1"
"(cy","1"
"(dq","1"
"(e)","1"
"(ev","1"
"(ex","1"
"(f,","1"
"(f_","1"
"(g(","1"
"(ha","1"
"(he","1"
"(ho","1"
"(i)","1"
"(i*","1"
"(n,","1"
"(p2","1"
"(pe","1"
"(po","1"
"(r'","1"
"(ra","1"
"(ri","1"
"(sk","1"
"(ta","1"
"(th","1"
"(to","1"
"(tr","1"
"(ty","1"
"(us","1"
"(v)","1"
"(we","1"
"(x*","1"
"(z1","1"
"(zi","1"
"({""","1"
"({1","1"
"({i","1"
"({u","1"
") F","1"
") i","1"
")))","1"
"))]","1"
"))}","1"
").i","1"
").p","1"
").s","1"
"):""","1"
"):'","1"
"):,","1"
")?[","1"
")?\","1"
")[-","1"
")[0","1"
")\)","1"
")\s","1"
")]:","1"
")})","1"
")},","1"
"* 1","1"
"* 5","1"
"* 9","1"
"* F","1"
"* f","1"
"* m","1"
"*"")","1"
"*(a","1"
"*) ","1"
"**d","1"
"**{","1"
"*= ","1"
"*co","1"
"*da","1"
"*do","1"
"*fu","1"
"*{*","1"
"+ (","1"
"+ 3","1"
"+ l","1"
"+ q","1"
"+ r","1"
"+',","1"
"+(?","1"
"+):","1"
"+)\","1"
"+-]","1"
"+10","1"
"+15","1"
"+1}","1"
"+: ","1"
"+?1","1"
"+@[","1"
"+\.","1"
"+{y","1"
",  ","1"
", $","1"
", E","1"
", L","1"
", M","1"
", O","1"
", P","1"
", W","1"
", j","1"
", k","1"
",.2","1"
",}""","1"
",}\","1"
"- 3","1"
"- C","1"
"- U","1"
"- b","1"
"- i","1"
"- r","1"
"- t","1"
"-1)","1"
"-1]","1"
"-27","1"
"-45","1"
"-5)","1"
"-65","1"
"-8""","1"
"-98","1"
"-Ag","1"
"-Co","1"
"-Ex","1"
"-Z|","1"
"-ba","1"
"-co","1"
"-em","1"
"-en","1"
"-sa","1"
"-z]","1"
"-{n","1"
". R","1"
".!?","1"
".*""","1"
".-]","1"
".01","1"
".1'","1"
".2 ","1"
".2'","1"
".3)","1"
".3,","1"
".45","1"
".6f","1"
".78","1"
".7:","1"
".99","1"
".9]","1"
".Co","1"
".DE","1"
".Di","1"
".EX","1"
".Er","1"
".Fi","1"
".Fo","1"
".JS","1"
".Lo","1"
".NO","1"
".Pr","1"
".Th","1"
".WR","1"
".We","1"
".[A","1"
"._%","1"
".ac","1"
".bi","1"
".ch","1"
".cw","1"
".cy","1"
".do","1"
".en","1"
".et","1"
".gl","1"
".gu","1"
".ke","1"
".mk","1"
".nl","1"
".ns","1"
".or","1"
".qu","1"
".ra","1"
".rm","1"
".sc","1"
".sm","1"
".sw","1"
".un","1"
".up","1"
".ut","1"
".we","1"
".x)","1"
".x,","1"
".x}","1"
".y}","1"
"/ ""","1"
"/ 0","1"
"/ D","1"
"/ b","1"
"/ p","1"
"/ v","1"
"///","1"
"//:","1"
"//[","1"
"//w","1"
"/3 ","1"
"/5 ","1"
"/7 ","1"
"/:m","1"
"/O ","1"
"/[^","1"
"/bi","1"
"/en","1"
"/ww","1"
"/{y","1"
"0 a","1"
"0"")","1"
"0#s","1"
"0% ","1"
"0(1","1"
"0)]","1"
"0+1","1"
"0.2","1"
"0.3","1"
"0.7","1"
"00""","1"
"002","1"
"00\","1"
"00°","1"
"01\","1"
"02)","1"
"02,","1"
"020","1"
"024","1"
"04,","1"
"05 ","1"
"05,","1"
"0: ","1"
"0:""","1"
"0\x","1"
"0]]","1"
"0°F","1"
"1 W","1"
"1 a","1"
"1 c","1"
"1 i","1"
"1()","1"
"1),","1"
"1.d","1"
"1.m","1"
"1.n","1"
"1.r","1"
"1.s","1"
"1.y","1"
"1/3","1"
"10#","1"
"10+","1"
"105","1"
"11)","1"
"11,","1"
"12 ","1"
"12)","1"
"12,","1"
"120","1"
"123","1"
"13)","1"
"14,","1"
"14:","1"
"15.","1"
"16,","1"
"160","1"
"194","1"
"196","1"
"199","1"
"1:""","1"
"1[-","1"
"1\x","1"
"1] ","1"
"1],","1"
"1]:","1"
"1| ","1"
"1} ","1"
"2 i","1"
"2 s","1"
"2&l","1"
"2')","1"
"2(""","1"
"2()","1"
"2,}","1"
"2.0","1"
"2.3","1"
"2.c","1"
"2.t","1"
"2/7","1"
"20)","1"
"20.","1"
"22/","1"
"24,","1"
"25 ","1"
"25+","1"
"256","1"
"26)","1"
"27,","1"
"27:","1"
"28)","1"
"28,","1"
"29)","1"
"2: ","1"
"2:""","1"
"2D:","1"
"2]}","1"
"2}-","1"
"3 +","1"
"3 =","1"
"3 l","1"
"3 s","1"
"3 w","1"
"3')","1"
"3))","1"
"3),","1"
"3):","1"
"3)]","1"
"3-4","1"
"3.0","1"
"3.E","1"
"3.c","1"
"3.t","1"
"30}","1"
"34,","1"
"3: ","1"
"3D ","1"
"3D'","1"
"3],","1"
"3}""","1"
"4 *","1"
"4 +","1"
"4 i","1"
"413","1"
"42)","1"
"43,","1"
"45""","1"
"4:3","1"
"4])","1"
"4})","1"
"4}-","1"
"5  ","1"
"5 +","1"
"5 1","1"
"5 =","1"
"5 >","1"
"5 i","1"
"5 n","1"
"5),","1"
"5+1","1"
"5+:","1"
"5-1","1"
"5-9","1"
"5.2","1"
"5.4","1"
"5/9","1"
"50)","1"
"50:","1"
"50]","1"
"512","1"
"543","1"
"55.","1"
"56,","1"
"56.","1"
"567","1"
"59)","1"
"5:3","1"
"5],","1"
"6))","1"
"6.7","1"
"600","1"
"605","1"
"64,","1"
"654","1"
"67,","1"
"6f}","1"
"7 ≈","1"
"7) ","1"
"7))","1"
"7):","1"
"7,)","1"
"7-6","1"
"70%","1"
"700","1"
"750","1"
"78.","1"
"789","1"
"7: ","1"
"7:""","1"
"7])","1"
"7]?","1"
"8"",","1"
"8) ","1"
"8),","1"
"8)}","1"
"8.9","1"
"87-","1"
"890","1"
"9))","1"
"9.-","1"
"9.9","1"
"9._","1"
"9/5","1"
"90,","1"
"90]","1"
"943","1"
"967","1"
"987","1"
"99)","1"
"99.","1"
"990","1"
"999","1"
"9],","1"
": $","1"
": A","1"
": C","1"
": F","1"
": M","1"
": N","1"
": O","1"
": P","1"
": Q","1"
": W","1"
": \","1"
": h","1"
": p","1"
":')","1"
":,.","1"
":,}","1"
":.6","1"
":20","1"
":50","1"
":5]","1"
"< -","1"
"< 2","1"
"< 3","1"
"< m","1"
"< n","1"
"< p","1"
"< t","1"
"<>""","1"
"<fi","1"
"<la","1"
"= 8","1"
"= 9","1"
"= H","1"
"= I","1"
"= R","1"
"= U","1"
"= o","1"
"= q","1"
"= w","1"
"=""l","1"
"=(f","1"
"=0,","1"
"=0.","1"
"=1.","1"
"=10","1"
"=2&","1"
"=3,","1"
"=5)","1"
"=Cu","1"
"=De","1"
"=Si","1"
"=da","1"
"=la","1"
"=lo","1"
"=wo","1"
"> ""","1"
"> '","1"
"> 0","1"
"> 1","1"
"> 3","1"
"> ?","1"
"> A","1"
"> D","1"
"> L","1"
"> O","1"
"> U","1"
"> a","1"
"> b","1"
"> p","1"
">""{","1"
"? W","1"
"?"" ","1"
"?)?","1"
"?1[","1"
"?:/","1"
"?[-","1"
"?\(","1"
"?]+","1"
"?pa","1"
"@[A","1"
"@ad","1"
"@ce","1"
"@cu","1"
"@do","1"
"@en","1"
"@fa","1"
"@ke","1"
"@me","1"
"@re","1"
"@si","1"
"@ti","1"
"A Y","1"
"A n","1"
"A',","1"
"A, ","1"
"ABA","1"
"ACK","1"
"ACL","1"
"ADA","1"
"AIL","1"
"ALI","1"
"AL_","1"
"AMB","1"
"ANE","1"
"ANN","1"
"ANS","1"
"ANT","1"
"ANZ","1"
"ARC","1"
"ARE","1"
"ARI","1"
"ASY","1"
"ASÍ","1"
"ATH","1"
"AUL","1"
"AUT","1"
"AVA","1"
"Act","1"
"Aft","1"
"Alr","1"
"An ","1"
"Ana","1"
"And","1"
"Ann","1"
"Ano","1"
"Ant","1"
"Apl","1"
"App","1"
"Arg","1"
"Att","1"
"B %","1"
"B',","1"
"BAC","1"
"BAL","1"
"BC)","1"
"BC,","1"
"BDA","1"
"BEG","1"
"BIB","1"
"BLI","1"
"BLU","1"
"BN ","1"
"BN:","1"
"Bro","1"
"Bús","1"
"C (","1"
"C P","1"
"C t","1"
"C']","1"
"C):","1"
"C, ","1"
"CA ","1"
"CAS","1"
"CEP","1"
"CES","1"
"CHA","1"
"CHI","1"
"CK""","1"
"COU","1"
"CPU","1"
"CRI","1"
"CRO","1"
"CS""","1"
"Can","1"
"Car","1"
"Cen","1"
"Che","1"
"Cie","1"
"Cit","1"
"Cle","1"
"Cod","1"
"Cop","1"
"CÓD","1"
"Cál","1"
"D -","1"
"D A","1"
"D F","1"
"D I","1"
"D M","1"
"D O","1"
"D i","1"
"D |","1"
"D')","1"
"D',","1"
"D':","1"
"D(1","1"
"D(s","1"
"D({","1"
"DA ","1"
"DAS","1"
"DEF","1"
"DEN","1"
"DES","1"
"DIG","1"
"DIU","1"
"DO)","1"
"Deb","1"
"Den","1"
"Dev","1"
"Dif","1"
"Doc","1"
"Día","1"
"E A","1"
"E E","1"
"E F","1"
"E I","1"
"E N","1"
"E R","1"
"E T","1"
"E Y","1"
"E a","1"
"E i","1"
"EAT","1"
"ECA","1"
"ECH","1"
"EDI","1"
"EEN","1"
"EFA","1"
"EGI","1"
"EGR","1"
"EGU","1"
"EHE","1"
"EJO","1"
"ELL","1"
"EMA","1"
"EME","1"
"EMP","1"
"EMÁ","1"
"EN ","1"
"END","1"
"ENS","1"
"ENU","1"
"EN_","1"
"EPC","1"
"ER ","1"
"ER,","1"
"ERI","1"
"ERN","1"
"ERR","1"
"ESC","1"
"ESI","1"
"ESS","1"
"ETA","1"
"ETE","1"
"ETI","1"
"EX ","1"
"EXC","1"
"EXP","1"
"EY ","1"
"Eac","1"
"Eda","1"
"Eje","1"
"Ema","1"
"Ene","1"
"Evi","1"
"Exi","1"
"Exu","1"
"F({","1"
"F, ","1"
"F: ","1"
"FAU","1"
"FEC","1"
"FIL","1"
"FIN","1"
"Fac","1"
"Fai","1"
"Fec","1"
"Fle","1"
"Flo","1"
"Fut","1"
"G (","1"
"GEX","1"
"GH ","1"
"GLO","1"
"GO ","1"
"GOL","1"
"GRE","1"
"GUL","1"
"Gab","1"
"Gar","1"
"H =","1"
"H O","1"
"HAS","1"
"HEN","1"
"HIG","1"
"HIN","1"
"HIV","1"
"HMS","1"
"Hea","1"
"Hig","1"
"I =","1"
"I/O","1"
"I: ","1"
"I:%","1"
"IAB","1"
"IAL","1"
"IBL","1"
"ICA","1"
"ICS","1"
"ID ","1"
"IEM","1"
"IGH","1"
"IGO","1"
"IL ","1"
"ILE","1"
"IMA","1"
"IMU","1"
"IO ","1"
"IOT","1"
"IPL","1"
"IPR","1"
"IPT","1"
"IQU","1"
"IST","1"
"IT""","1"
"ITH","1"
"ITM","1"
"IUM","1"
"IVO","1"
"IZA","1"
"Inc","1"
"Inv","1"
"It ","1"
"JO ","1"
"Joi","1"
"K =","1"
"K"")","1"
"K)""","1"
"KEY","1"
"Key","1"
"L =","1"
"L D","1"
"L M","1"
"L P","1"
"L R","1"
"L S","1"
"L f","1"
"L"")","1"
"LAD","1"
"LAM","1"
"LAR","1"
"LBA","1"
"LDE","1"
"LET","1"
"LIO","1"
"LIZ","1"
"LLB","1"
"LLO","1"
"LOB","1"
"LT ","1"
"L_E","1"
"Lan","1"
"Lap","1"
"Las","1"
"Lee","1"
"Len","1"
"Lin","1"
"Lit","1"
"Lla","1"
"Loa","1"
"Loc","1"
"Ls:","1"
"Lui","1"
"M %","1"
"M =","1"
"MBD","1"
"ME ","1"
"MED","1"
"MEN","1"
"MET","1"
"MIT","1"
"ML ","1"
"MMA","1"
"MON","1"
"MP ","1"
"MPL","1"
"MPO","1"
"MPR","1"
"Mar","1"
"Max","1"
"Mea","1"
"Med","1"
"Mee","1"
"Mem","1"
"Meo","1"
"Mig","1"
"Min","1"
"Mod","1"
"Mut","1"
"MÁT","1"
"MÚL","1"
"Már","1"
"Mód","1"
"N -","1"
"N A","1"
"N F","1"
"N P","1"
"N T","1"
"N f","1"
"N 🐍","1"
"N"")","1"
"NA ","1"
"NAC","1"
"NC ","1"
"NCU","1"
"NDI","1"
"NE ","1"
"NEJ","1"
"NIQ","1"
"NNO","1"
"NSA","1"
"NSI","1"
"NSP","1"
"NT ","1"
"NT(","1"
"NT,","1"
"NTS","1"
"NT_","1"
"NUM","1"
"NZA","1"
"N_R","1"
"Nin","1"
"Núm","1"
"O (","1"
"O D","1"
"O I","1"
"O""""","1"
"O) ","1"
"O, ","1"
"O: ","1"
"OBA","1"
"OCE","1"
"OIN","1"
"OK ","1"
"OLD","1"
"OLL","1"
"OMM","1"
"ON""","1"
"ON:","1"
"ONC","1"
"OO ","1"
"OO""","1"
"OO,","1"
"OOP","1"
"OP ","1"
"OR ","1"
"OSE","1"
"OTA","1"
"OTE","1"
"Obj","1"
"Ord","1"
"P (","1"
"P S","1"
"P c","1"
"P d","1"
"P s","1"
"P<f","1"
"P<l","1"
"PCI","1"
"PE ","1"
"PEC","1"
"PEN","1"
"PHO","1"
"PI ","1"
"PI:","1"
"PIs","1"
"PO ","1"
"POS","1"
"PTO","1"
"PU""","1"
"QL""","1"
"QLi","1"
"QUE","1"
"R =","1"
"R P","1"
"RAL","1"
"RAN","1"
"RAS","1"
"RCH","1"
"RED","1"
"REE","1"
"REH","1"
"RGE","1"
"RIM","1"
"RIP","1"
"RNA","1"
"RO:","1"
"ROC","1"
"ROL","1"
"RON","1"
"ROR","1"
"RRO","1"
"Rec","1"
"Red","1"
"Ree","1"
"Req","1"
"Rol","1"
"S B","1"
"S E","1"
"S G","1"
"S L","1"
"S M","1"
"S P","1"
"S R","1"
"S')","1"
"SAC","1"
"SCR","1"
"SEr","1"
"SIM","1"
"SIN","1"
"SIO","1"
"SIV","1"
"SPE","1"
"SSI","1"
"ST ","1"
"ST""","1"
"SUM","1"
"SV ","1"
"SV.","1"
"SYN","1"
"Sai","1"
"San","1"
"Sch","1"
"Sec","1"
"Sen","1"
"Señ","1"
"Siz","1"
"Ski","1"
"Sol","1"
"Sou","1"
"Spe","1"
"Sto","1"
"Suc","1"
"Sus","1"
"Sys","1"
"SÍN","1"
"T *","1"
"T S","1"
"T U","1"
"T a","1"
"T e","1"
"T n","1"
"T"")","1"
"T')","1"
"T(*","1"
"T) ","1"
"T-{","1"
"T.p","1"
"TAC","1"
"TAN","1"
"TC ","1"
"TEC","1"
"TED","1"
"TEM","1"
"TET","1"
"TH ","1"
"THM","1"
"TIE","1"
"TIS","1"
"TMO","1"
"TOI","1"
"TS ","1"
"TYP","1"
"T] ","1"
"T])","1"
"T_T","1"
"Tex","1"
"The","1"
"Tim","1"
"Tod","1"
"Tot","1"
"U""""","1"
"UG,","1"
"UGG","1"
"UM ","1"
"UMM","1"
"UMS","1"
"UNI","1"
"UNT","1"
"URA","1"
"URG","1"
"UTC","1"
"UTO","1"
"Usi","1"
"V f","1"
"V.""","1"
"VAR","1"
"VOS","1"
"War","1"
"Wea","1"
"Web","1"
"Wil","1"
"X O","1"
"XCE","1"
"XPR","1"
"Y =","1"
"Y D","1"
"Y E","1"
"Y F","1"
"Y H","1"
"Y K","1"
"Y T","1"
"Y a","1"
"YEL","1"
"YNC","1"
"YPE","1"
"Ya ","1"
"Yea","1"
"Yie","1"
"ZAD","1"
"ZAT","1"
"Z|a","1"
"[""a","1"
"[""r","1"
"['B","1"
"['C","1"
"['N","1"
"['b","1"
"['l","1"
"['m","1"
"['s","1"
"[(""","1"
"[-1","1"
"[.!","1"
"[2]","1"
"[3]","1"
"[5,","1"
"[64","1"
"[85","1"
"[:2","1"
"[Di","1"
"[EM","1"
"[Li","1"
"[PH","1"
"[Tu","1"
"[\]","1"
"[^\","1"
"[ex","1"
"[fl","1"
"[fu","1"
"[le","1"
"[li","1"
"[no","1"
"[op","1"
"[wo","1"
"\(?","1"
"\)?","1"
"\+?","1"
"\.[","1"
"\[\","1"
"\\^","1"
"\]]","1"
"\^`","1"
"\b'","1"
"\b[","1"
"\nB","1"
"\nM","1"
"\nW","1"
"\n🎉","1"
"\s+","1"
"\s<","1"
"] <","1"
"] >","1"
"] f","1"
"](5","1"
"](x","1"
"]):","1"
"]+@","1"
"]+\","1"
"].a","1"
"].n","1"
"]? ","1"
"]?)","1"
"]])","1"
"]]+","1"
"]],","1"
"]]]","1"
"]{2","1"
"]{4","1"
"]}.","1"
"^\s","1"
"^`\","1"
"_%+","1"
"_',","1"
"_()","1"
"_(*","1"
"_(c","1"
"_.c","1"
"_ER","1"
"_RA","1"
"_TI","1"
"__.","1"
"__d","1"
"__g","1"
"__r","1"
"_em","1"
"_fr","1"
"_mr","1"
"_ok","1"
"_or","1"
"_sl","1"
"_un","1"
"_wo","1"
"_{i","1"
"_{n","1"
"_}:","1"
"`\[","1"
"a (","1"
"a *","1"
"a /","1"
"a M","1"
"a P","1"
"a g","1"
"a q","1"
"a y","1"
"a {","1"
"a""]","1"
"a':","1"
"a(""","1"
"a()","1"
"a(3","1"
"a(4","1"
"a([","1"
"a(a","1"
"a(d","1"
"a(h","1"
"a(s","1"
"a(t","1"
"a(w","1"
"a({","1"
"a))","1"
"a).","1"
"a):","1"
"a)}","1"
"a1,","1"
"a25","1"
"a51","1"
"a@e","1"
"abc","1"
"abi","1"
"abr","1"
"acu","1"
"ad""","1"
"ad)","1"
"ad,","1"
"ad-","1"
"ady","1"
"aje","1"
"akS","1"
"al:","1"
"al=","1"
"ald","1"
"alm","1"
"alt","1"
"amo","1"
"ano","1"
"ap,","1"
"apt","1"
"ap}","1"
"ar(","1"
"ar)","1"
"ar?","1"
"arb","1"
"arf","1"
"ark","1"
"ar}","1"
"as)","1"
"as_","1"
"asa","1"
"ash","1"
"aso","1"
"at""","1"
"at,","1"
"ax ","1"
"ax:","1"
"axs","1"
"ay=","1"
"ayf","1"
"aña","1"
"b J","1"
"b S","1"
"b"":","1"
"b""B","1"
"b""M","1"
"b""T","1"
"b']","1"
"b(""","1"
"b(e","1"
"b(p","1"
"b.d","1"
"b.g","1"
"b.r","1"
"b1.","1"
"b2 ","1"
"b2.","1"
"b2}","1"
"b:""","1"
"b@d","1"
"b@e","1"
"b[A","1"
"ba ","1"
"bab","1"
"bag","1"
"bc ","1"
"bel","1"
"bil","1"
"bio","1"
"bj.","1"
"bla","1"
"bmi","1"
"bn,","1"
"bn}","1"
"bra","1"
"bri","1"
"bs ","1"
"bs(","1"
"bsi","1"
"bso","1"
"bs}","1"
"by(","1"
"c P","1"
"c a","1"
"c p","1"
"c t","1"
"c':","1"
"c']","1"
"c()","1"
"c, ","1"
"cCo","1"
"c[T","1"
"ca(","1"
"ca:","1"
"cad","1"
"ce)","1"
"ce?","1"
"ce@","1"
"cee","1"
"chn","1"
"cho","1"
"chr","1"
"ché","1"
"ci""","1"
"ck""","1"
"clu","1"
"cno","1"
"co""","1"
"co'","1"
"co_","1"
"coo","1"
"cov","1"
"cró","1"
"cs ","1"
"ctR","1"
"cty","1"
"ct}","1"
"cua","1"
"cuc","1"
"cus","1"
"cwd","1"
"cy ","1"
"c}""","1"
"cía","1"
"cíf","1"
"cód","1"
"d (","1"
"d -","1"
"d 1","1"
"d I","1"
"d e","1"
"d o","1"
"d u","1"
"d v","1"
"d y","1"
"d""}","1"
"d':","1"
"d']","1"
"d((","1"
"d(1","1"
"d(3","1"
"d(6","1"
"d(A","1"
"d(k","1"
"d(l","1"
"d(n","1"
"d(o","1"
"d(r","1"
"d) ","1"
"d)}","1"
"d-s","1"
"d.c","1"
"d.e","1"
"d.f","1"
"d.j","1"
"d.n","1"
"d.p","1"
"d.q","1"
"d2 ","1"
"d2}","1"
"d5,","1"
"d:""","1"
"dHa","1"
"d].","1"
"d__","1"
"da:","1"
"dd:","1"
"ddH","1"
"ddi","1"
"de""","1"
"de,","1"
"de_","1"
"dee","1"
"do""","1"
"don","1"
"do}","1"
"dq ","1"
"dq)","1"
"ds)","1"
"due","1"
"dup","1"
"dur","1"
"dy ","1"
"d{4","1"
"d})","1"
"d}:","1"
"e ""","1"
"e /","1"
"e 0","1"
"e D","1"
"e H","1"
"e L","1"
"e W","1"
"e X","1"
"e Z","1"
"e q","1"
"e y","1"
"e z","1"
"e!""","1"
"e"" ","1"
"e""}","1"
"e's","1"
"e(*","1"
"e(4","1"
"e(b","1"
"e(c","1"
"e(p","1"
"e(q","1"
"e(r","1"
"e(t","1"
"e(u","1"
"e(v","1"
"e(w","1"
"e(x","1"
"e)""","1"
"e))","1"
"e-b","1"
"e-e","1"
"e.""","1"
"e.*","1"
"e.E","1"
"e.\","1"
"e.w","1"
"e1.","1"
"e2.","1"
"e:/","1"
"e:\","1"
"e=2","1"
"e=5","1"
"e? ","1"
"eHa","1"
"e[L","1"
"e[n","1"
"e[s","1"
"e])","1"
"eal","1"
"ebe","1"
"ebs","1"
"ec ","1"
"ece","1"
"eck","1"
"ecl","1"
"ecr","1"
"ecí","1"
"ed!","1"
"ee""","1"
"ee'","1"
"ees","1"
"ef.","1"
"efm","1"
"ego","1"
"egr","1"
"ehe","1"
"ein","1"
"eiv","1"
"ejo","1"
"eks","1"
"el=","1"
"elé","1"
"em:","1"
"em_","1"
"en)","1"
"en,","1"
"eni","1"
"eo ","1"
"eof","1"
"eow","1"
"ep ","1"
"ep=","1"
"epi","1"
"epl","1"
"eps","1"
"er[","1"
"erd","1"
"es=","1"
"esn","1"
"eso","1"
"et=","1"
"etF","1"
"et}","1"
"ev(","1"
"evu","1"
"ew:","1"
"ewe","1"
"ex)","1"
"ex:","1"
"ex[","1"
"ex}","1"
"ey""","1"
"ey=","1"
"ez""","1"
"eza","1"
"f ""","1"
"f 0","1"
"f h","1"
"f q","1"
"f y","1"
"f! ","1"
"f!""","1"
"f""2","1"
"f""G","1"
"f""J","1"
"f""K","1"
"f""Y","1"
"f""Z","1"
"f""e","1"
"f""i","1"
"f""t","1"
"f""|","1"
"f""❌","1"
"f'_","1"
"f.W","1"
"f.h","1"
"f.k","1"
"f2 ","1"
"f_n","1"
"fe""","1"
"fea","1"
"fel","1"
"ffe","1"
"fis","1"
"fli","1"
"fmt","1"
"fon","1"
"fou","1"
"ft)","1"
"ft,","1"
"fue","1"
"f}K","1"
"f}x","1"
"g C","1"
"g J","1"
"g X","1"
"g e","1"
"g h","1"
"g l","1"
"g n","1"
"g q","1"
"g r","1"
"g w","1"
"g""""","1"
"g"":","1"
"g""]","1"
"g')","1"
"g',","1"
"g(A","1"
"g).","1"
"g.C","1"
"g.D","1"
"g.L","1"
"g.T","1"
"g.b","1"
"g.n","1"
"g.p","1"
"g.s","1"
"g:""","1"
"g:,","1"
"g:.","1"
"g=""","1"
"g=T","1"
"g_v","1"
"ga ","1"
"gai","1"
"gas","1"
"gc.","1"
"gco","1"
"ge]","1"
"ged","1"
"gms","1"
"gno","1"
"got","1"
"gru","1"
"gs""","1"
"gs(","1"
"gs=","1"
"gue","1"
"gy.","1"
"g}'","1"
"h (","1"
"h =","1"
"h D","1"
"h e","1"
"h h","1"
"h l","1"
"h m","1"
"h t","1"
"h {","1"
"h"")","1"
"h"",","1"
"h',","1"
"h(1","1"
"h(2","1"
"h(3","1"
"h(a","1"
"h(b","1"
"h(n","1"
"h.p","1"
"h.t","1"
"h:""","1"
"h@c","1"
"h[:","1"
"ha ","1"
"ha1","1"
"ha2","1"
"ha5","1"
"hac","1"
"he)","1"
"he,","1"
"he:","1"
"hec","1"
"hen","1"
"hm ","1"
"hn.","1"
"hn@","1"
"hni","1"
"hro","1"
"ht:","1"
"h}""","1"
"hé ","1"
"i %","1"
"i *","1"
"i -","1"
"i =","1"
"i g","1"
"i r","1"
"i s","1"
"i""""","1"
"i(5","1"
"i(n","1"
"i**","1"
"i+1","1"
"ia ","1"
"iam","1"
"ias","1"
"iat","1"
"ib:","1"
"ibu","1"
"ib}","1"
"icC","1"
"ic[","1"
"icc","1"
"id4","1"
"idi","1"
"id}","1"
"ie ","1"
"ie""","1"
"ie@","1"
"ier","1"
"iew","1"
"iez","1"
"iff","1"
"ifo","1"
"ig ","1"
"ig(","1"
"ig.","1"
"ige","1"
"igm","1"
"igo","1"
"igp","1"
"ig}","1"
"ijo","1"
"il@","1"
"ila","1"
"ili","1"
"in)","1"
"in/","1"
"in[","1"
"iná","1"
"io}","1"
"ipi","1"
"ipp","1"
"ipu","1"
"iqu","1"
"ir)","1"
"irm","1"
"is""","1"
"is:","1"
"ish","1"
"it""","1"
"it.","1"
"it=","1"
"itl","1"
"itt","1"
"i})","1"
"j i","1"
"j):","1"
"j.i","1"
"j] ","1"
"j],","1"
"je ","1"
"jo ","1"
"jos","1"
"jot","1"
"k +","1"
"k M","1"
"k a","1"
"k e","1"
"k q","1"
"k {","1"
"k! ","1"
"k!""","1"
"k"")","1"
"k'}","1"
"k(""","1"
"k(A","1"
"k(G","1"
"k))","1"
"k._","1"
"k.f","1"
"k.m","1"
"k.s","1"
"k=T","1"
"kSe","1"
"k[i","1"
"k[s","1"
"k_d","1"
"kdi","1"
"ks""","1"
"ks=","1"
"kup","1"
"ky!","1"
"ky""","1"
"k}!","1"
"l +","1"
"l G","1"
"l P","1"
"l T","1"
"l U","1"
"l e","1"
"l h","1"
"l m","1"
"l n","1"
"l q","1"
"l s","1"
"l t","1"
"l {","1"
"l"",","1"
"l""}","1"
"l')","1"
"l',","1"
"l(1","1"
"l(2","1"
"l(A","1"
"l(e","1"
"l(p","1"
"l(t","1"
"l(u","1"
"l.e","1"
"l.r","1"
"l:""","1"
"l=0","1"
"l=l","1"
"l@e","1"
"l[f","1"
"l[i","1"
"l_a","1"
"l_c","1"
"l_d","1"
"ld!","1"
"ld:","1"
"ld}","1"
"le1","1"
"le2","1"
"le3","1"
"le]","1"
"leg","1"
"lej","1"
"lgu","1"
"lig","1"
"liv","1"
"ll)","1"
"ll}","1"
"lme","1"
"lor","1"
"low","1"
"lre","1"
"lru","1"
"ls=","1"
"lso","1"
"ls}","1"
"lt""","1"
"lt)","1"
"ltD","1"
"lto","1"
"ltá","1"
"luc","1"
"lut","1"
"luy","1"
"ly""","1"
"ly'","1"
"ly)","1"
"ly.","1"
"lyi","1"
"léf","1"
"lím","1"
"m %","1"
"m *","1"
"m +","1"
"m <","1"
"m A","1"
"m I","1"
"m J","1"
"m b","1"
"m e","1"
"m h","1"
"m s","1"
"m(0","1"
"m(i","1"
"m(s","1"
"m.a","1"
"m.d","1"
"m.r","1"
"m.u","1"
"m_t","1"
"m_{","1"
"map","1"
"md5","1"
"me[","1"
"mea","1"
"mel","1"
"mic","1"
"mkd","1"
"ml""","1"
"ml.","1"
"ml_","1"
"mo""","1"
"mpf","1"
"mro","1"
"ms""","1"
"ms[","1"
"mt=","1"
"mtp","1"
"mtr","1"
"muc","1"
"mín","1"
"mód","1"
"n '","1"
"n 0","1"
"n 3","1"
"n A","1"
"n C","1"
"n N","1"
"n Q","1"
"n T","1"
"n g","1"
"n h","1"
"n j","1"
"n y","1"
"n!""","1"
"n"" ","1"
"n"",","1"
"n"":","1"
"n')","1"
"n't","1"
"n'}","1"
"n(""","1"
"n(*","1"
"n(5","1"
"n(F","1"
"n(b","1"
"n(e","1"
"n(j","1"
"n(m","1"
"n(v","1"
"n(w","1"
"n) ","1"
"n))","1"
"n)}","1"
"n-e","1"
"n.E","1"
"n.J","1"
"n.W","1"
"n._","1"
"n.s","1"
"n.w","1"
"n/e","1"
"n1""","1"
"n:.","1"
"n=1","1"
"n=3","1"
"n=T","1"
"n@e","1"
"nBa","1"
"nCe","1"
"nEx","1"
"nFl","1"
"nFr","1"
"nFu","1"
"nHT","1"
"nHi","1"
"nPa","1"
"nPi","1"
"nPo","1"
"nSy","1"
"nWa","1"
"nWo","1"
"n['","1"
"n[s","1"
"n] ","1"
"n](","1"
"n_i","1"
"n_u","1"
"na'","1"
"na@","1"
"nc""","1"
"nc'","1"
"nc,","1"
"nc:","1"
"nca","1"
"nch","1"
"ncl","1"
"ncy","1"
"nd!","1"
"ne@","1"
"ne}","1"
"ng}","1"
"nif","1"
"nip","1"
"niq","1"
"nis","1"
"niv","1"
"nla","1"
"nli","1"
"nn ","1"
"nn)","1"
"nor","1"
"nou","1"
"nqu","1"
"ns.","1"
"ns_","1"
"nsm","1"
"nt-","1"
"ntU","1"
"nt[","1"
"nue","1"
"nv ","1"
"nva","1"
"ny.","1"
"ny:","1"
"ny]","1"
"n{c","1"
"n{s","1"
"n},","1"
"n}:","1"
"nám","1"
"n🎉 ","1"
"o (","1"
"o 1","1"
"o 5","1"
"o >","1"
"o C","1"
"o J","1"
"o X","1"
"o w","1"
"o',","1"
"o(n","1"
"o(p","1"
"o(t","1"
"o.r","1"
"o] ","1"
"o__","1"
"o_a","1"
"ob(","1"
"obl","1"
"oc:","1"
"ocu","1"
"oc}","1"
"od(","1"
"od,","1"
"oe:","1"
"oe@","1"
"of(","1"
"og,","1"
"og:","1"
"ok ","1"
"ok=","1"
"oki","1"
"oku","1"
"ol:","1"
"oli","1"
"om(","1"
"om,","1"
"omo","1"
"omá","1"
"on!","1"
"on-","1"
"on1","1"
"on3","1"
"onW","1"
"on]","1"
"oo ","1"
"op""","1"
"op,","1"
"opI","1"
"op_","1"
"opc","1"
"or)","1"
"or-","1"
"or?","1"
"orf","1"
"org","1"
"orz","1"
"or}","1"
"osp","1"
"osu","1"
"os}","1"
"ot(","1"
"ot)","1"
"ot,","1"
"ot.","1"
"otr","1"
"ots","1"
"ow!","1"
"ow)","1"
"ox)","1"
"oys","1"
"o}""","1"
"p '","1"
"p i","1"
"p l","1"
"p t","1"
"p u","1"
"p y","1"
"p"",","1"
"p')","1"
"p(l","1"
"p.r","1"
"p1}","1"
"p2 ","1"
"p2)","1"
"p3 ","1"
"p3}","1"
"p=1","1"
"pIt","1"
"p_p","1"
"pan","1"
"pe)","1"
"peE","1"
"po ","1"
"pol","1"
"ppr","1"
"pr_","1"
"pru","1"
"ps)","1"
"ps,","1"
"ps?","1"
"pt}","1"
"pul","1"
"pun","1"
"py2","1"
"pér","1"
"q =","1"
"q)}","1"
"q.h","1"
"r (","1"
"r /","1"
"r 2","1"
"r U","1"
"r j","1"
"r k","1"
"r v","1"
"r!\","1"
"r',","1"
"r'[","1"
"r']","1"
"r'h","1"
"r(1","1"
"r(5","1"
"r(C","1"
"r(_","1"
"r(e","1"
"r(j","1"
"r(p","1"
"r(t","1"
"r({","1"
"r)]","1"
"r-A","1"
"r-C","1"
"r-c","1"
"r.c","1"
"r.r","1"
"r.u","1"
"r/b","1"
"r1 ","1"
"r1""","1"
"r1(","1"
"r2 ","1"
"r2""","1"
"r2(","1"
"r['","1"
"r[l","1"
"r],","1"
"rba","1"
"rcí","1"
"rd""","1"
"rd(","1"
"rd.","1"
"rd]","1"
"re!","1"
"re""","1"
"reh","1"
"rei","1"
"rev","1"
"rgc","1"
"rgp","1"
"rib","1"
"rif","1"
"rk'","1"
"rk(","1"
"rk:","1"
"rks","1"
"rm(","1"
"rm_","1"
"rme","1"
"rmt","1"
"rn:","1"
"rn_","1"
"rne","1"
"rno","1"
"rns","1"
"ro:","1"
"ro_","1"
"rol","1"
"rox","1"
"rpt","1"
"rqu","1"
"rr,","1"
"rs!","1"
"rs=","1"
"rs[","1"
"rs]","1"
"rt'","1"
"rt:","1"
"rt=","1"
"rta","1"
"ru_","1"
"rup","1"
"rva","1"
"ry'","1"
"ryi","1"
"ry}","1"
"rza","1"
"r}:","1"
"ría","1"
"s *","1"
"s 2","1"
"s 3","1"
"s A","1"
"s H","1"
"s J","1"
"s L","1"
"s O","1"
"s U","1"
"s W","1"
"s"" ","1"
"s',","1"
"s(""","1"
"s(*","1"
"s(V","1"
"s(Z","1"
"s(p","1"
"s(r","1"
"s(u","1"
"s(z","1"
"s)]","1"
"s+(","1"
"s..","1"
"s.N","1"
"s.P","1"
"s.\","1"
"s.t","1"
"s1 ","1"
"s1)","1"
"s2)","1"
"s:.","1"
"s<>","1"
"s='","1"
"s=(","1"
"s=1","1"
"s=2","1"
"s=C","1"
"s=S","1"
"s?:","1"
"s?p","1"
"s[-","1"
"s[o","1"
"s] ","1"
"s_v","1"
"sad","1"
"sch","1"
"sem","1"
"señ","1"
"she","1"
"shl","1"
"sie","1"
"sk)","1"
"sk,","1"
"sk_","1"
"slo","1"
"sly","1"
"sm""","1"
"smi","1"
"smo","1"
"smt","1"
"sn'","1"
"soc","1"
"som","1"
"spu","1"
"sr/","1"
"ss!","1"
"ss,","1"
"ss=","1"
"ss?","1"
"std","1"
"st}","1"
"su ","1"
"sur","1"
"s}'","1"
"s})","1"
"s}:","1"
"t %","1"
"t *","1"
"t -","1"
"t 2","1"
"t 5","1"
"t A","1"
"t D","1"
"t F","1"
"t H","1"
"t L","1"
"t M","1"
"t N","1"
"t O","1"
"t U","1"
"t V","1"
"t Z","1"
"t j","1"
"t k","1"
"t x","1"
"t z","1"
"t! ","1"
"t!""","1"
"t""}","1"
"t':","1"
"t']","1"
"t((","1"
"t(5","1"
"t(A","1"
"t(F","1"
"t(v","1"
"t(w","1"
"t(z","1"
"t({","1"
"t-E","1"
"t.\","1"
"t.b","1"
"t.m","1"
"t.p","1"
"t.r","1"
"t.t","1"
"t.w","1"
"t1,","1"
"t1.","1"
"t1}","1"
"t2)","1"
"t2}","1"
"t:.","1"
"t:\","1"
"t=w","1"
"tDi","1"
"tFo","1"
"tRe","1"
"tUs","1"
"t[D","1"
"tai","1"
"tax","1"
"tc.","1"
"tcn","1"
"tde","1"
"te)","1"
"tef","1"
"teo","1"
"th'","1"
"th@","1"
"th[","1"
"tha","1"
"thi","1"
"th}","1"
"tle","1"
"tli","1"
"to:","1"
"toi","1"
"toy","1"
"tp.","1"
"tpl","1"
"trp","1"
"tr}","1"
"ts(","1"
"ts)","1"
"ts.","1"
"ts=","1"
"tso","1"
"tuc","1"
"tut","1"
"t}'","1"
"t})","1"
"t}:","1"
"tán","1"
"u v","1"
"u_c","1"
"uaj","1"
"uan","1"
"ub,","1"
"ubm","1"
"uch","1"
"ueb","1"
"uev","1"
"uez","1"
"ug ","1"
"ug(","1"
"ug=","1"
"uij","1"
"uis","1"
"ul:","1"
"um:","1"
"uma","1"
"um}","1"
"un(","1"
"un:","1"
"uni","1"
"unq","1"
"uns","1"
"un}","1"
"upo","1"
"ups","1"
"upé","1"
"uri","1"
"usl","1"
"uso","1"
"usr","1"
"us}","1"
"ut)","1"
"ut.","1"
"uts","1"
"uye","1"
"v i","1"
"v p","1"
"v"")","1"
"v"",","1"
"v')","1"
"v(n","1"
"v) ","1"
"v.D","1"
"va ","1"
"va""","1"
"vai","1"
"vas","1"
"ve@","1"
"ves","1"
"vue","1"
"w +","1"
"w h","1"
"w t","1"
"w!""","1"
"w"")","1"
"w))","1"
"w.e","1"
"w.m","1"
"w.w","1"
"w:""","1"
"w[2","1"
"w[3","1"
"wad","1"
"was","1"
"wd(","1"
"wem","1"
"wil","1"
"wn""","1"
"wn'","1"
"wn(","1"
"wo ","1"
"wo,","1"
"ww.","1"
"www","1"
"x -","1"
"x <","1"
"x c","1"
"x n","1"
"x {","1"
"x"")","1"
"x(n","1"
"x))","1"
"x)*","1"
"x00","1"
"x01","1"
"x02","1"
"x[0","1"
"x[w","1"
"x_n","1"
"xc(","1"
"xsi","1"
"xt:","1"
"xt[","1"
"xtl","1"
"xt}","1"
"xup","1"
"x}""","1"
"x}+","1"
"x},","1"
"x}/","1"
"x}:","1"
"y *","1"
"y <","1"
"y A","1"
"y M","1"
"y h","1"
"y l","1"
"y m","1"
"y o","1"
"y p","1"
"y r","1"
"y s","1"
"y t","1"
"y u","1"
"y w","1"
"y y","1"
"y""""","1"
"y('","1"
"y(I","1"
"y(b","1"
"y(d","1"
"y(f","1"
"y(h","1"
"y)*","1"
"y).","1"
"y.\","1"
"y.o","1"
"y.s","1"
"y2(","1"
"y:'","1"
"y=0","1"
"y=D","1"
"y=d","1"
"y] ","1"
"y]:","1"
"y_n","1"
"y_v","1"
"ye:","1"
"yfu","1"
"ynt","1"
"ys,","1"
"ys=","1"
"yst","1"
"ys}","1"
"y} ","1"
"y})","1"
"z"",","1"
"z']","1"
"z):","1"
"z1)","1"
"z1|","1"
"z1}","1"
"z]{","1"
"za ","1"
"ze=","1"
"ze_","1"
"zeo","1"
"ze}","1"
"{""U","1"
"{""a","1"
"{""k","1"
"{""n","1"
"{""s","1"
"{'a","1"
"{'b","1"
"{**","1"
"{2,","1"
"{De","1"
"{Du","1"
"{Fr","1"
"{__","1"
"{ab","1"
"{al","1"
"{ap","1"
"{at","1"
"{a}","1"
"{bi","1"
"{bu","1"
"{b}","1"
"{cl","1"
"{cu","1"
"{d1","1"
"{da","1"
"{db","1"
"{di","1"
"{do","1"
"{es","1"
"{ev","1"
"{fa","1"
"{fl","1"
"{fo","1"
"{gr","1"
"{he","1"
"{i+","1"
"{is","1"
"{k:","1"
"{kw","1"
"{la","1"
"{lo","1"
"{mi","1"
"{op","1"
"{p3","1"
"{pe","1"
"{qu","1"
"{si","1"
"{sm","1"
"{sq","1"
"{ta","1"
"{ut","1"
"{va","1"
"{we","1"
"{z2","1"
"{}|","1"
"| =","1"
"| P","1"
"|\\","1"
"|a-","1"
"|z1","1"
"} !","1"
"} d","1"
"} h","1"
"} i","1"
"} l","1"
"}!""","1"
"}')","1"
"}':","1"
"}) ","1"
"})'","1"
"}))","1"
"}):","1"
"})[","1"
"})\","1"
"}+{","1"
"}. ","1"
"}/{","1"
"}K)","1"
"}\b","1"
"}x""","1"
"}|\","1"
"}°C","1"
"}°F","1"
"°C ","1"
"°F,","1"
"°F:","1"
"ÁTI","1"
"ÍNC","1"
"ÓDI","1"
"ÚLT","1"
"á c","1"
"á p","1"
"álc","1"
"ámi","1"
"áne","1"
"árq","1"
"é d","1"
"éfo","1"
"éry","1"
"ías","1"
"ífi","1"
"ími","1"
"íni","1"
"ño ","1"
"ños","1"
"ódi","1"
"óni","1"
"úsq","1"
"π =","1"
"• B","1"
"• C","1"
"• L","1"
"• M","1"
"• R","1"
"≈ π","1"
"✓ L","1"
"✓ N","1"
"✓ O","1"
"✓ R","1"
"✓ S","1"
"❌ A","1"
"🎉 P","1"
"🐍 C","1"
"🐍"")","1"
"📊 F","1"
